path,name,id,mimeType,size,modifiedTime
02_FOTOS_SOLTAS,02_FOTOS_SOLTAS,15aQ8S_Vm2paRC-ebwn3vOIzJp4jpL7Pl,application/vnd.google-apps.folder,,2026-05-22T11:33:48.862Z
CURSOS_EBOOKS/MATRIZ DE AIZEN HAWARD.png,MATRIZ DE AIZEN HAWARD.png,1jxuYOt8-xiu-7K90ghllWxQ-oVOrOUDB,image/png,279060,2024-11-26T18:34:04.000Z
CURSOS_EBOOKS/NOTION/01. Cronograma de estudo com Notion.mp4,01. Cronograma de estudo com Notion.mp4,1COIMcu-P1Rh6EwJwncUS5RlSWMYlGbZy,video/mp4,201231273,2026-02-09T03:45:17.000Z
CURSOS_EBOOKS/NOTION/02 - Organização de tarefas com Notion.mp4,02 - Organização de tarefas com Notion.mp4,1nYT1qqvqSrSDDqWczmsCysoGo3_76h-M,video/mp4,64088451,2026-02-09T03:54:55.000Z
CURSOS_EBOOKS/NOTION/Aula 6 - Notion na prática.mp4,Aula 6 - Notion na prática.mp4,1I_PZhow7rX6bDEb0hqYH1f8B2UOrRVaZ,video/mp4,140938976,2026-02-09T04:01:35.000Z
CURSOS_EBOOKS/NOTION/Live #12 - Organização de Projetos com Notion.mp4,Live #12 - Organização de Projetos com Notion.mp4,1xOn-wJkICbHAsJklE8IbI-SjEhIH6mT0,video/mp4,175473843,2026-02-09T03:22:18.000Z
CURSOS_EBOOKS/VENDE-C/CERTIFICADOS/Certificado - (2) PROSPECÇÃO.png,Certificado - (2) PROSPECÇÃO.png,1UZ_zpootvlBkYlzC8PdsaocPc03pOriZ,image/png,158798,2026-01-11T17:52:24.000Z
CURSOS_EBOOKS/VENDE-C/CERTIFICADOS/Certificado - (3) APRESENTAÇÃO.png,Certificado - (3) APRESENTAÇÃO.png,13fEw0XzS9_vjRHe8EKP_6jb6FZ_VHc_q,image/png,155961,2026-02-05T11:45:46.000Z
CURSOS_EBOOKS/VENDE-C/CERTIFICADOS/Certificado - (5) CANAIS E CULTURA.png,Certificado - (5) CANAIS E CULTURA.png,1OooVmamekwjO85pwqdZk1oKgEOO5rzUC,image/png,155007,2026-03-16T11:31:57.000Z
CURSOS_EBOOKS/VENDE-C/CERTIFICADOS/Certificado - VENDE-C - Jadielson Davi Dos Santos - PRODUTIVIDADE.png,Certificado - VENDE-C - Jadielson Davi Dos Santos - PRODUTIVIDADE.png,1j2nyigBS9H_sf5nfBYCrkaYXxn5Toz55,image/png,385843,2025-12-13T22:12:02.000Z
CURSOS_EBOOKS/VIDEO AULAS/⭐️ Me Ensina AE! Curso de After Effects - Brainstorm Academy/Modulo 11 - Criando uma vinheta para o canal ESCOLA PARA YOUTUBERS/Hotmart Club - Aula Única.MP4,Hotmart Club - Aula Única.MP4,1Xrobwnxlas9JgnINwou6-3v22BLLl1L2,video/mp4,127119314,2024-01-21T02:10:28.000Z
CURSOS_EBOOKS/VIDEO AULAS/⭐️ Me Ensina AE! Curso de After Effects - Brainstorm Academy/Módulo 01 - Conhecendo a Ferramenta/01- Conhecendo o After Effects.MP4,01- Conhecendo o After Effects.MP4,1ZJ5vbjK5yB2SuxA6-nqa2QULuQgfDLZP,video/mp4,28809518,2024-01-21T02:22:38.000Z
CURSOS_EBOOKS/VIDEO AULAS/⭐️ Me Ensina AE! Curso de After Effects - Brainstorm Academy/Módulo 01 - Conhecendo a Ferramenta/02 - Como comprar o After Effects.MP4,02 - Como comprar o After Effects.MP4,1ZSPe-riQHbT7yZmYZK_SrZYT7-WWbC5H,video/mp4,20632909,2024-01-21T02:16:16.000Z
CURSOS_EBOOKS/VIDEO AULAS/⭐️ Me Ensina AE! Curso de After Effects - Brainstorm Academy/Módulo 01 - Conhecendo a Ferramenta/03 - Requisitos do Adobe After Effects.MP4,03 - Requisitos do Adobe After Effects.MP4,18GDf0QnmxJ7QVLYKh8Uj2Gn8D2J-cxLC,video/mp4,24325758,2024-01-21T02:16:34.000Z
CURSOS_EBOOKS/VIDEO AULAS/⭐️ Me Ensina AE! Curso de After Effects - Brainstorm Academy/Módulo 01 - Conhecendo a Ferramenta/SEJA BEM VINDO AO ME ENSINA AE!.MP4,SEJA BEM VINDO AO ME ENSINA AE!.MP4,1i2HQHKtQ65IGQhEJj6gCScfs3pNUOwaA,video/mp4,126426589,2024-01-21T02:00:50.000Z
"CURSOS_EBOOKS/VIDEO AULAS/⭐️ Me Ensina AE! Curso de After Effects - Brainstorm Academy/Módulo 02 - Entendendo o After Effects/04 - Dinâmica de trabalho- comps, camadas e render.MP4","04 - Dinâmica de trabalho- comps, camadas e render.MP4",1_4PyfanusJ7hS-aajkfSgpiY77GwoGWp,video/mp4,35216524,2024-01-21T02:01:00.000Z
CURSOS_EBOOKS/VIDEO AULAS/⭐️ Me Ensina AE! Curso de After Effects - Brainstorm Academy/Módulo 02 - Entendendo o After Effects/05 - Interface.MP4,05 - Interface.MP4,1qieBSzCPinwbr7u14Pje4bqSxrWyqnaQ,video/mp4,46579912,2024-01-21T02:00:42.000Z
CURSOS_EBOOKS/VIDEO AULAS/⭐️ Me Ensina AE! Curso de After Effects - Brainstorm Academy/Módulo 02 - Entendendo o After Effects/06 - Timeline.MP4,06 - Timeline.MP4,1WggTRW7-f6H3SXlAlwrZWhbY8fq0cx1a,video/mp4,44280007,2024-01-21T02:01:22.000Z
CURSOS_EBOOKS/VIDEO AULAS/⭐️ Me Ensina AE! Curso de After Effects - Brainstorm Academy/Módulo 02 - Entendendo o After Effects/07 - Ferramentas escondidas.MP4,07 - Ferramentas escondidas.MP4,1TtD9CkqDbYvRtUvy50mgW3aFgoOPAu4u,video/mp4,31361100,2024-01-21T02:28:10.000Z
CURSOS_EBOOKS/VIDEO AULAS/⭐️ Me Ensina AE! Curso de After Effects - Brainstorm Academy/Módulo 02 - Entendendo o After Effects/08 - Importando arquivos.MP4,08 - Importando arquivos.MP4,1_0bwtydxeE0Gqu0qrICIdoBvvSCyBD9k,video/mp4,24134509,2024-01-21T02:00:54.000Z
CURSOS_EBOOKS/VIDEO AULAS/⭐️ Me Ensina AE! Curso de After Effects - Brainstorm Academy/Módulo 03 - EDIÇÃO no After Effects!/09 - Criando composições.MP4,09 - Criando composições.MP4,12JByrQ3gVm5GaOAb05V8RWydcGxt5Uag,video/mp4,34514322,2024-01-21T02:01:22.000Z
CURSOS_EBOOKS/VIDEO AULAS/⭐️ Me Ensina AE! Curso de After Effects - Brainstorm Academy/Módulo 03 - EDIÇÃO no After Effects!/10 - Tipos de camadas e objetos.MP4,10 - Tipos de camadas e objetos.MP4,1ax1eZeOd8kdEgmGLee-9maZxsMJr6PHn,video/mp4,39092478,2024-01-21T02:01:08.000Z
CURSOS_EBOOKS/VIDEO AULAS/⭐️ Me Ensina AE! Curso de After Effects - Brainstorm Academy/Módulo 03 - EDIÇÃO no After Effects!/11 - Controle de vídeos.MP4,11 - Controle de vídeos.MP4,1BzyXAwA4KGkJAp-4_7-m2_x7WUN4GcOI,video/mp4,17692038,2024-01-21T02:01:16.000Z
CURSOS_EBOOKS/VIDEO AULAS/⭐️ Me Ensina AE! Curso de After Effects - Brainstorm Academy/Módulo 03 - EDIÇÃO no After Effects!/12 - Pre-comp.MP4,12 - Pre-comp.MP4,1MFQu_W-Qu2DSRJYimqlLnv6orGI-U8Ug,video/mp4,20192202,2024-01-21T02:00:44.000Z
CURSOS_EBOOKS/VIDEO AULAS/⭐️ Me Ensina AE! Curso de After Effects - Brainstorm Academy/Módulo 03 - EDIÇÃO no After Effects!/13 - Interpret Footage.MP4,13 - Interpret Footage.MP4,1JO6eXPitc6S8SYGHAlXoaPDIKpaSmUoc,video/mp4,15079025,2024-01-21T02:01:08.000Z
CURSOS_EBOOKS/VIDEO AULAS/⭐️ Me Ensina AE! Curso de After Effects - Brainstorm Academy/Módulo 03 - EDIÇÃO no After Effects!/14 - Substituir camadas.MP4,14 - Substituir camadas.MP4,1PTfnGCxs3_3v337TyJbL2trrSU0y6VDC,video/mp4,15294718,2024-01-21T02:00:52.000Z
CURSOS_EBOOKS/VIDEO AULAS/⭐️ Me Ensina AE! Curso de After Effects - Brainstorm Academy/Módulo 03 - EDIÇÃO no After Effects!/15 - Time Remapping.MP4,15 - Time Remapping.MP4,1AqJn5CM5Wq4GZuaL3itzuldQHdKqVjTQ,video/mp4,40884045,2024-01-21T02:14:10.000Z
CURSOS_EBOOKS/VIDEO AULAS/⭐️ Me Ensina AE! Curso de After Effects - Brainstorm Academy/Módulo 03 - EDIÇÃO no After Effects!/16 - Adicionando Efeitos (effects).MP4,16 - Adicionando Efeitos (effects).MP4,1z0DzcQ3RpoBbO93hntbbHGda8ZENVUSm,video/mp4,47221035,2024-01-21T02:14:16.000Z
CURSOS_EBOOKS/VIDEO AULAS/⭐️ Me Ensina AE! Curso de After Effects - Brainstorm Academy/Módulo 03 - EDIÇÃO no After Effects!/17 - FX Console.MP4,17 - FX Console.MP4,1WqKug1VXgzdAIcO1bBR-97WfIbiAmOaP,video/mp4,9626574,2024-01-21T01:55:32.000Z
CURSOS_EBOOKS/VIDEO AULAS/⭐️ Me Ensina AE! Curso de After Effects - Brainstorm Academy/Módulo 03 - EDIÇÃO no After Effects!/18 - Adjustment Layers.MP4,18 - Adjustment Layers.MP4,1DaycADu9l71YDz4emXszRslDiFAMhMvk,video/mp4,22941808,2024-01-21T02:01:18.000Z
CURSOS_EBOOKS/VIDEO AULAS/⭐️ Me Ensina AE! Curso de After Effects - Brainstorm Academy/Módulo 03 - EDIÇÃO no After Effects!/19 - Propriedades de transformação de camadas.MP4,19 - Propriedades de transformação de camadas.MP4,1BwxT_b8xMLTpxu9xtDujg1oCCe6VPD6m,video/mp4,38829236,2024-01-21T02:01:22.000Z
CURSOS_EBOOKS/VIDEO AULAS/⭐️ Me Ensina AE! Curso de After Effects - Brainstorm Academy/Módulo 04 - Introdução ao Motion Graphics/20 - Importar material do Photoshop.MP4,20 - Importar material do Photoshop.MP4,1b_oJB-j4Wrj8h4KMXf9VBBcjRvTj8HZD,video/mp4,52403262,2024-01-21T02:33:50.000Z
CURSOS_EBOOKS/VIDEO AULAS/⭐️ Me Ensina AE! Curso de After Effects - Brainstorm Academy/Módulo 04 - Introdução ao Motion Graphics/21 - Keyframes I - Introdução.MP4,21 - Keyframes I - Introdução.MP4,1lEMOtIbYMJYLpvDkOawCGJGU18tbHAoH,video/mp4,41562334,2024-01-21T02:18:28.000Z
CURSOS_EBOOKS/VIDEO AULAS/⭐️ Me Ensina AE! Curso de After Effects - Brainstorm Academy/Módulo 04 - Introdução ao Motion Graphics/22 - Keyframes II - Interpolação.MP4,22 - Keyframes II - Interpolação.MP4,1CtvBA1OqNaFY22w_CqZG1widIMds02hI,video/mp4,51333012,2024-01-21T02:22:22.000Z
CURSOS_EBOOKS/VIDEO AULAS/⭐️ Me Ensina AE! Curso de After Effects - Brainstorm Academy/Módulo 04 - Introdução ao Motion Graphics/23 - Graph Editor.MP4,23 - Graph Editor.MP4,1FFLMV_TI5sSXQfdPC1twfeZGzqgq7GqS,video/mp4,57509211,2024-01-21T02:01:26.000Z
CURSOS_EBOOKS/VIDEO AULAS/⭐️ Me Ensina AE! Curso de After Effects - Brainstorm Academy/Módulo 04 - Introdução ao Motion Graphics/24 - Script Ease and Wizz.MP4,24 - Script Ease and Wizz.MP4,1xfP-fOwXdaekLhUaazuIxbJk7dMF2DOm,video/mp4,52136393,2024-01-21T02:01:26.000Z
CURSOS_EBOOKS/VIDEO AULAS/⭐️ Me Ensina AE! Curso de After Effects - Brainstorm Academy/Módulo 04 - Introdução ao Motion Graphics/25 - Introdução.MP4,25 - Introdução.MP4,1DFTQkGqRAWgvsgYKdRVnWqjWT8SQqYw2,video/mp4,18751244,2024-01-21T02:00:32.000Z
"CURSOS_EBOOKS/VIDEO AULAS/⭐️ Me Ensina AE! Curso de After Effects - Brainstorm Academy/Módulo 04 - Introdução ao Motion Graphics/26 - LoopOut, Wiggle e Time.MP4","26 - LoopOut, Wiggle e Time.MP4",1aINcEYxnF55PhM_vo9vuWiTtCIyxOt6O,video/mp4,52479835,2024-01-21T02:01:28.000Z
CURSOS_EBOOKS/VIDEO AULAS/⭐️ Me Ensina AE! Curso de After Effects - Brainstorm Academy/Módulo 04 - Introdução ao Motion Graphics/27 - Pickwhip de expressões.MP4,27 - Pickwhip de expressões.MP4,13EHu8l31FUhWucjN5PLGh0DR0y26sIWA,video/mp4,29256155,2024-01-21T02:01:24.000Z
CURSOS_EBOOKS/VIDEO AULAS/⭐️ Me Ensina AE! Curso de After Effects - Brainstorm Academy/Módulo 04 - Introdução ao Motion Graphics/28 - Parenting e Objetos Nulos.MP4,28 - Parenting e Objetos Nulos.MP4,1-HKTpPlIyg__A43GTeAwS_RiIIKTHute,video/mp4,30009797,2024-01-21T02:01:06.000Z
CURSOS_EBOOKS/VIDEO AULAS/⭐️ Me Ensina AE! Curso de After Effects - Brainstorm Academy/Módulo 04 - Introdução ao Motion Graphics/29 - Modos de composição.MP4,29 - Modos de composição.MP4,1NXzyoKZRgXrsAZTr8Htvgd0tcy5JOi9E,video/mp4,37902295,2024-01-21T02:01:30.000Z
CURSOS_EBOOKS/VIDEO AULAS/⭐️ Me Ensina AE! Curso de After Effects - Brainstorm Academy/Módulo 04 - Introdução ao Motion Graphics/30 - Alpha e Luma Matte.MP4,30 - Alpha e Luma Matte.MP4,1j94CzzXYQOJ08IDrAfefPfsLWWAU95vc,video/mp4,25416813,2024-01-21T02:24:06.000Z
CURSOS_EBOOKS/VIDEO AULAS/⭐️ Me Ensina AE! Curso de After Effects - Brainstorm Academy/Módulo 04 - Introdução ao Motion Graphics/31 - Puppet Pin Tool.MP4,31 - Puppet Pin Tool.MP4,1QGlMNsxfInl83SWoNQpTgEPn3kiPVsFS,video/mp4,24128239,2024-01-21T02:01:04.000Z
CURSOS_EBOOKS/VIDEO AULAS/⭐️ Me Ensina AE! Curso de After Effects - Brainstorm Academy/Módulo 04 - Introdução ao Motion Graphics/Materiais/tobiaspuppetcutout.png,tobiaspuppetcutout.png,1hYiHhTaQ4YPmeeNrz76lCDo8q_I9axHB,image/png,188363,2024-01-21T01:51:20.000Z
CURSOS_EBOOKS/VIDEO AULAS/⭐️ Me Ensina AE! Curso de After Effects - Brainstorm Academy/Módulo 05 - Textos e Paths/32 - Adicionar e editar texto.MP4,32 - Adicionar e editar texto.MP4,1Y0HjIqdmm7S6l7c6uG8qoi6qkxnU7dF0,video/mp4,63493431,2024-01-21T02:01:24.000Z
CURSOS_EBOOKS/VIDEO AULAS/⭐️ Me Ensina AE! Curso de After Effects - Brainstorm Academy/Módulo 05 - Textos e Paths/33 - Criando novos paths e shapes.MP4,33 - Criando novos paths e shapes.MP4,1gbQjs2X2mjRC_0T5BIse54MsvbeqGFLw,video/mp4,53902011,2024-01-21T02:01:14.000Z
CURSOS_EBOOKS/VIDEO AULAS/⭐️ Me Ensina AE! Curso de After Effects - Brainstorm Academy/Módulo 05 - Textos e Paths/34 - Texto seguindo um path.MP4,34 - Texto seguindo um path.MP4,17Mlwp0nk_zWhUn91rdXdcVSwueQF_YsG,video/mp4,22690885,2024-01-21T02:01:10.000Z
CURSOS_EBOOKS/VIDEO AULAS/⭐️ Me Ensina AE! Curso de After Effects - Brainstorm Academy/Módulo 05 - Textos e Paths/35 - Propriedades de shapes.MP4,35 - Propriedades de shapes.MP4,1j2fgb5fVtIzBI7ppt2pwNLKBLQaBR8i5,video/mp4,61693261,2024-01-21T02:01:18.000Z
CURSOS_EBOOKS/VIDEO AULAS/⭐️ Me Ensina AE! Curso de After Effects - Brainstorm Academy/Módulo 05 - Textos e Paths/36 - Década de 50_ - Texto sendo digitado_máquina de escrever.MP4,36 - Década de 50_ - Texto sendo digitado_máquina de escrever.MP4,1P4TkLocFik-TAkyWHoyRRVdM9PAzTOCB,video/mp4,29730707,2024-01-21T02:20:12.000Z
CURSOS_EBOOKS/VIDEO AULAS/⭐️ Me Ensina AE! Curso de After Effects - Brainstorm Academy/Módulo 05 - Textos e Paths/37 - Assine seus projetos! - Strokes + Textos.MP4,37 - Assine seus projetos! - Strokes + Textos.MP4,1J5-TG28z57Wh8ZAIaXLCsQK1iEbwwbz1,video/mp4,42913335,2024-01-21T02:01:20.000Z
CURSOS_EBOOKS/VIDEO AULAS/⭐️ Me Ensina AE! Curso de After Effects - Brainstorm Academy/Módulo 05 - Textos e Paths/38 - Voltando à quinta série! - Efeito Scribble.MP4,38 - Voltando à quinta série! - Efeito Scribble.MP4,1xC4Vybr0Vpth_8WS7J2aS5HWhHhYhFuR,video/mp4,50749478,2024-01-21T02:33:56.000Z
CURSOS_EBOOKS/VIDEO AULAS/⭐️ Me Ensina AE! Curso de After Effects - Brainstorm Academy/Módulo 05 - Textos e Paths/39 - Bomba! - Contadores e relógios.MP4,39 - Bomba! - Contadores e relógios.MP4,1aVl9nqQOoud78nLjfX_YRH0Kgwwgesc6,video/mp4,22951572,2024-01-21T02:00:46.000Z
CURSOS_EBOOKS/VIDEO AULAS/⭐️ Me Ensina AE! Curso de After Effects - Brainstorm Academy/Módulo 05 - Textos e Paths/40 - Ritmo de Festa! - Shapes Explosivos.MP4,40 - Ritmo de Festa! - Shapes Explosivos.MP4,1HdVarTuJIgsSSwzw6PhAei5R2yU7sf4u,video/mp4,39725449,2024-01-21T02:00:24.000Z
CURSOS_EBOOKS/VIDEO AULAS/⭐️ Me Ensina AE! Curso de After Effects - Brainstorm Academy/Módulo 05 - Textos e Paths/41 - Crise de Identidade - Morph de Shapes.MP4,41 - Crise de Identidade - Morph de Shapes.MP4,1aziYHNtjFSpJUUBvfXPooPIRyQ_kvgqB,video/mp4,22393664,2024-01-21T02:21:34.000Z
CURSOS_EBOOKS/VIDEO AULAS/⭐️ Me Ensina AE! Curso de After Effects - Brainstorm Academy/Módulo 06 - VFX/42 - Masking I - Básico.MP4,42 - Masking I - Básico.MP4,10iVSj_JF0b8Lm1aVx2A2Mz2nnE-XGX-2,video/mp4,31759213,2024-01-21T02:01:04.000Z
CURSOS_EBOOKS/VIDEO AULAS/⭐️ Me Ensina AE! Curso de After Effects - Brainstorm Academy/Módulo 06 - VFX/43 - Masking II - Animação e Propriedades.MP4,43 - Masking II - Animação e Propriedades.MP4,1eia1kTtr9cUTyt9kRp-5Neok6waDGuAc,video/mp4,28618959,2024-01-21T02:00:10.000Z
CURSOS_EBOOKS/VIDEO AULAS/⭐️ Me Ensina AE! Curso de After Effects - Brainstorm Academy/Módulo 06 - VFX/44 - Chroma Key - KeyLight.MP4,44 - Chroma Key - KeyLight.MP4,1_KcHQGmtKzcPjQQkJ2u30mRTVkWL_Two,video/mp4,58862345,2024-01-21T02:00:06.000Z
CURSOS_EBOOKS/VIDEO AULAS/⭐️ Me Ensina AE! Curso de After Effects - Brainstorm Academy/Módulo 06 - VFX/45 - Chroma Key em condições ruins.MP4,45 - Chroma Key em condições ruins.MP4,1xlfEDOkRjFvyqYhicMZraQGwjqpS3Bpl,video/mp4,38692557,2024-01-21T02:32:20.000Z
CURSOS_EBOOKS/VIDEO AULAS/⭐️ Me Ensina AE! Curso de After Effects - Brainstorm Academy/Módulo 06 - VFX/46 - Roto-brush.MP4,46 - Roto-brush.MP4,1XJ4jMgt207vTQFfE-YFGVEjojUOBaPBd,video/mp4,51807346,2024-01-21T02:01:30.000Z
CURSOS_EBOOKS/VIDEO AULAS/⭐️ Me Ensina AE! Curso de After Effects - Brainstorm Academy/Módulo 06 - VFX/47 - Refine Roto-brush.MP4,47 - Refine Roto-brush.MP4,11TFAaHY7GXar9YS4VVaJjg48VpxTdFHL,video/mp4,26374345,2024-01-21T02:01:14.000Z
CURSOS_EBOOKS/VIDEO AULAS/⭐️ Me Ensina AE! Curso de After Effects - Brainstorm Academy/Módulo 06 - VFX/48 - Tracking 2D.MP4,48 - Tracking 2D.MP4,1EzBA7LhEt_PysZ2nosKXUtEvuADGDYlC,video/mp4,68111680,2024-01-21T02:01:02.000Z
CURSOS_EBOOKS/VIDEO AULAS/⭐️ Me Ensina AE! Curso de After Effects - Brainstorm Academy/Módulo 06 - VFX/49 - Tracking 2D com Rotação.MP4,49 - Tracking 2D com Rotação.MP4,12lZVJhMWmCxwbDnbTFFMYh9_mlPS2O2J,video/mp4,13616545,2024-01-21T02:32:00.000Z
CURSOS_EBOOKS/VIDEO AULAS/⭐️ Me Ensina AE! Curso de After Effects - Brainstorm Academy/Módulo 06 - VFX/50 - Estabilização com Tracking.MP4,50 - Estabilização com Tracking.MP4,1fVtwimdI41QVG4ZlUt4lFv8HRI5X7Tcm,video/mp4,42227460,2024-01-21T02:01:16.000Z
CURSOS_EBOOKS/VIDEO AULAS/⭐️ Me Ensina AE! Curso de After Effects - Brainstorm Academy/Módulo 06 - VFX/51 - Warp Stabilizer.MP4,51 - Warp Stabilizer.MP4,10fC-nsrT30_hQfcjpdmu2lV0GEFWo98B,video/mp4,34757106,2024-01-21T02:00:48.000Z
CURSOS_EBOOKS/VIDEO AULAS/⭐️ Me Ensina AE! Curso de After Effects - Brainstorm Academy/Módulo 06 - VFX/52 - Corner Pin.MP4,52 - Corner Pin.MP4,1IK1cxW4jOpyR2tY5Uv6aP6U27DXKRqlj,video/mp4,42657700,2024-01-21T02:01:24.000Z
CURSOS_EBOOKS/VIDEO AULAS/⭐️ Me Ensina AE! Curso de After Effects - Brainstorm Academy/Módulo 06 - VFX/53 - Optical Flares.MP4,53 - Optical Flares.MP4,16WT4FU3nBgWwvsr6mwjwoUH-8P2eZOIS,video/mp4,58118977,2024-01-21T02:01:28.000Z
CURSOS_EBOOKS/VIDEO AULAS/⭐️ Me Ensina AE! Curso de After Effects - Brainstorm Academy/Módulo 06 - VFX/Materiais/44 ChromaKeyKeylight/1.jpg,1.jpg,1Vk5QGnUFV_zTJpAalLcb9CKQV33walJa,image/jpeg,24570,2024-01-21T01:51:04.000Z
CURSOS_EBOOKS/VIDEO AULAS/⭐️ Me Ensina AE! Curso de After Effects - Brainstorm Academy/Módulo 06 - VFX/Materiais/44 ChromaKeyKeylight/ChromaKey01.mp4,ChromaKey01.mp4,1JJ4ObzGDqbFfrOQv48pDdDiODNo_0d4y,video/mp4,9123716,2024-01-21T01:59:40.000Z
CURSOS_EBOOKS/VIDEO AULAS/⭐️ Me Ensina AE! Curso de After Effects - Brainstorm Academy/Módulo 06 - VFX/Materiais/46 RotoBrush/RotoBrush.mp4,RotoBrush.mp4,1CtX91qhRYVn4IuTgh9PxxJtz6uJQL7YO,video/mp4,36873188,2024-01-21T02:01:22.000Z
CURSOS_EBOOKS/VIDEO AULAS/⭐️ Me Ensina AE! Curso de After Effects - Brainstorm Academy/Módulo 06 - VFX/Materiais/48 Tracking/Tracking.MP4,Tracking.MP4,1XB0892-oC96naB79kP-vB6zIBrDlhySP,video/mp4,220089261,2024-01-21T02:01:26.000Z
CURSOS_EBOOKS/VIDEO AULAS/⭐️ Me Ensina AE! Curso de After Effects - Brainstorm Academy/Módulo 06 - VFX/Materiais/49 Tracking Rotation/Tracking Rotation.mp4,Tracking Rotation.mp4,1uTnmmVVFPIwGAtAmx662AUaEYjv9P53U,video/mp4,38192912,2024-01-21T02:01:28.000Z
CURSOS_EBOOKS/VIDEO AULAS/⭐️ Me Ensina AE! Curso de After Effects - Brainstorm Academy/Módulo 06 - VFX/Materiais/50 Estabilização/Estabilização.mp4,Estabilização.mp4,1kzN5gaxNlaCOeYmtYx27VuvrPOZUyUrh,video/mp4,7558700,2024-01-21T01:59:16.000Z
CURSOS_EBOOKS/VIDEO AULAS/⭐️ Me Ensina AE! Curso de After Effects - Brainstorm Academy/Módulo 06 - VFX/Materiais/52 CornerPin/C0368.MP4,C0368.MP4,14F1G46QdUI5_5rMhczaUe6331zFtZcmY,video/mp4,112729184,2024-01-21T02:01:16.000Z
CURSOS_EBOOKS/VIDEO AULAS/⭐️ Me Ensina AE! Curso de After Effects - Brainstorm Academy/Módulo 06 - VFX/Materiais/52 CornerPin/C0370.MP4,C0370.MP4,1k35IuS9NmE5OIEZXMY78CIm-UZL603eB,video/mp4,63480150,2024-01-21T02:01:26.000Z
CURSOS_EBOOKS/VIDEO AULAS/⭐️ Me Ensina AE! Curso de After Effects - Brainstorm Academy/Módulo 07 - Delivery/64 - Work Area Render.MP4,64 - Work Area Render.MP4,101wRbx4FTMt40sV7L_FCs6ZKNIlxShMl,video/mp4,22020492,2024-01-21T02:33:38.000Z
CURSOS_EBOOKS/VIDEO AULAS/⭐️ Me Ensina AE! Curso de After Effects - Brainstorm Academy/Módulo 07 - Delivery/65 - Entendendo a Render Queue - Exportação para INTERNET.MP4,65 - Entendendo a Render Queue - Exportação para INTERNET.MP4,198nu7mqgzyDgi6MHsrod4XMsP4uFJsdX,video/mp4,33123844,2024-01-21T02:01:16.000Z
CURSOS_EBOOKS/VIDEO AULAS/⭐️ Me Ensina AE! Curso de After Effects - Brainstorm Academy/Módulo 07 - Delivery/66 - Entendendo a Render Queue - Exportação UNCOMPRESSED e Animation.MP4,66 - Entendendo a Render Queue - Exportação UNCOMPRESSED e Animation.MP4,18RR0YTrJwAyhXQbIuunwnd2OQYFOUqfd,video/mp4,33721562,2024-01-21T02:01:22.000Z
CURSOS_EBOOKS/VIDEO AULAS/⭐️ Me Ensina AE! Curso de After Effects - Brainstorm Academy/Módulo 07 - Delivery/67 - Exportando via MEDIA ENCODER.MP4,67 - Exportando via MEDIA ENCODER.MP4,1OTIPf3zvU-t4_YjN4jBQQRAO4DOATl7m,video/mp4,23728613,2024-01-21T02:01:18.000Z
CURSOS_EBOOKS/VIDEO AULAS/⭐️ Me Ensina AE! Curso de After Effects - Brainstorm Academy/Módulo 07 - Delivery/68 - Exportando com CANAL ALPHA.MP4,68 - Exportando com CANAL ALPHA.MP4,1OffZ8YfC71eMQFK1DtLTgoiBu4mnCJY5,video/mp4,11613883,2024-01-21T02:01:12.000Z
CURSOS_EBOOKS/VIDEO AULAS/⭐️ Me Ensina AE! Curso de After Effects - Brainstorm Academy/Módulo 07 - Delivery/69 - Criando PRESETS e TEMPLATES de exportação.MP4,69 - Criando PRESETS e TEMPLATES de exportação.MP4,1fKERkBAwgO-cKLTjpbOUA3qrFQpQVm3w,video/mp4,10970982,2024-01-21T01:59:44.000Z
CURSOS_EBOOKS/VIDEO AULAS/⭐️ Me Ensina AE! Curso de After Effects - Brainstorm Academy/Módulo 08 - Colorimetria/60 - Entendendo a Colorimetria.MP4,60 - Entendendo a Colorimetria.MP4,1D3YJ42R_ogBYLkKH_UHI51WTbpKisL-x,video/mp4,53812703,2024-01-21T02:01:20.000Z
CURSOS_EBOOKS/VIDEO AULAS/⭐️ Me Ensina AE! Curso de After Effects - Brainstorm Academy/Módulo 08 - Colorimetria/61 - Ajustes de Luminosidade.MP4,61 - Ajustes de Luminosidade.MP4,1mhAND65FeSxtFJ54mlvUdbMJfMnbtIMm,video/mp4,62683792,2024-01-21T02:01:26.000Z
CURSOS_EBOOKS/VIDEO AULAS/⭐️ Me Ensina AE! Curso de After Effects - Brainstorm Academy/Módulo 08 - Colorimetria/62 - Ajustes de Cor.MP4,62 - Ajustes de Cor.MP4,1WvHIGTrFQD7oCVt2Qj_-0l9D2xG-UmXD,video/mp4,99505342,2024-01-21T02:01:02.000Z
CURSOS_EBOOKS/VIDEO AULAS/⭐️ Me Ensina AE! Curso de After Effects - Brainstorm Academy/Módulo 08 - Colorimetria/63 - Masking e Power Windows.MP4,63 - Masking e Power Windows.MP4,1AeWUEcVNM8FYYtLN8kxOys_KLzVSMSsr,video/mp4,41583567,2024-01-21T02:00:48.000Z
CURSOS_EBOOKS/VIDEO AULAS/⭐️ Me Ensina AE! Curso de After Effects - Brainstorm Academy/Módulo 09 - Motion 3D/54 - Objetos 3D.MP4,54 - Objetos 3D.MP4,1Lfzrde8FoH1LOXLDAJ8Lju2CV24M8hS2,video/mp4,51528124,2024-01-21T02:01:22.000Z
CURSOS_EBOOKS/VIDEO AULAS/⭐️ Me Ensina AE! Curso de After Effects - Brainstorm Academy/Módulo 09 - Motion 3D/55 - Câmeras 3D.MP4,55 - Câmeras 3D.MP4,1maAhGGljtNsZ_8Tvk3amiHhXeicpZihy,video/mp4,51140411,2024-01-21T02:32:40.000Z
CURSOS_EBOOKS/VIDEO AULAS/⭐️ Me Ensina AE! Curso de After Effects - Brainstorm Academy/Módulo 09 - Motion 3D/56 - Depth of Field.MP4,56 - Depth of Field.MP4,1jsimBS8CT_HZQbfXRACp_7opQFQ1oJ2u,video/mp4,30328877,2024-01-21T02:32:20.000Z
CURSOS_EBOOKS/VIDEO AULAS/⭐️ Me Ensina AE! Curso de After Effects - Brainstorm Academy/Módulo 09 - Motion 3D/57 - Luzes - Lights.MP4,57 - Luzes - Lights.MP4,1vBaqAantLCW-ex6Q8LIb23h5TaDt24aA,video/mp4,51471067,2024-01-21T02:00:56.000Z
CURSOS_EBOOKS/VIDEO AULAS/⭐️ Me Ensina AE! Curso de After Effects - Brainstorm Academy/Módulo 09 - Motion 3D/58 - TEXTOS 3D- Renderizadores e Extrusão.MP4,58 - TEXTOS 3D- Renderizadores e Extrusão.MP4,1mchdeHd8NzuRsuln0ZzsCR4thPfj_8m9,video/mp4,41298120,2024-01-21T02:32:38.000Z
CURSOS_EBOOKS/VIDEO AULAS/⭐️ Me Ensina AE! Curso de After Effects - Brainstorm Academy/Módulo 09 - Motion 3D/59 - Tracking 3D.MP4,59 - Tracking 3D.MP4,1HHL1LytCUC-SjBB8I4uHGfIIC_JwZBdG,video/mp4,66918041,2024-01-21T02:01:10.000Z
CURSOS_EBOOKS/VIDEO AULAS/⭐️ Me Ensina AE! Curso de After Effects - Brainstorm Academy/Módulo 09 - Motion 3D/Materiais/Tracking.MP4,Tracking.MP4,1QTb9yw4CZaSoujTDfsToqaZ6scPugEv8,video/mp4,220089261,2024-01-21T02:33:08.000Z
CURSOS_EBOOKS/VIDEO AULAS/⭐️ Me Ensina AE! Curso de After Effects - Brainstorm Academy/Módulo 10 - PROJETO 01 ELEMENTOS DE VÍDEO PARA O YOUTUBE/01 - Briefing de criação do projeto.MP4,01 - Briefing de criação do projeto.MP4,1kAz5gNYWNEq7qEHfZeVNnRlZy1rkIrrm,video/mp4,40961361,2024-01-21T02:01:12.000Z
CURSOS_EBOOKS/VIDEO AULAS/⭐️ Me Ensina AE! Curso de After Effects - Brainstorm Academy/Módulo 10 - PROJETO 01 ELEMENTOS DE VÍDEO PARA O YOUTUBE/02 - Como enviar seu projeto para avaliação.MP4,02 - Como enviar seu projeto para avaliação.MP4,1egGoE3GHSQvm0V0p37Ah9EBnM6oR-nx9,video/mp4,11976861,2024-01-21T02:01:14.000Z
CURSOS_EBOOKS/VIDEO AULAS/⭐️ Me Ensina AE! Curso de After Effects - Brainstorm Academy/Módulo 13 - AULA ESPECIAL + PROJETO 02 TIPOGRAFIA PARA LYRIC VIDEOS/01 - Como importar arquivos do Adobe Illustrator para o After Effects.MP4,01 - Como importar arquivos do Adobe Illustrator para o After Effects.MP4,1f-isWrkSGCP_MYxw7wnza8Eo14kJ0C1c,video/mp4,46726861,2024-01-21T02:01:22.000Z
CURSOS_EBOOKS/VIDEO AULAS/⭐️ Me Ensina AE! Curso de After Effects - Brainstorm Academy/Módulo 13 - AULA ESPECIAL + PROJETO 02 TIPOGRAFIA PARA LYRIC VIDEOS/02 - Como trabalhar com áudio no After Effects.MP4,02 - Como trabalhar com áudio no After Effects.MP4,1h7NKx-x_wFbS1__2llwKZyDfImRyrPlM,video/mp4,26416637,2024-01-21T02:00:14.000Z
CURSOS_EBOOKS/VIDEO AULAS/⭐️ Me Ensina AE! Curso de After Effects - Brainstorm Academy/Módulo 13 - AULA ESPECIAL + PROJETO 02 TIPOGRAFIA PARA LYRIC VIDEOS/03 - AULA ESPECIAL- Banda ZAMBAZIM - Maria Joana LYRIC VIDEO + BRIEFING.MP4,03 - AULA ESPECIAL- Banda ZAMBAZIM - Maria Joana LYRIC VIDEO + BRIEFING.MP4,1hKo_WiRvK2Nb2JipvoCazm97JE-tnZaJ,video/mp4,71427221,2024-01-21T02:01:28.000Z
CURSOS_EBOOKS/VIDEO AULAS/⭐️ Me Ensina AE! Curso de After Effects - Brainstorm Academy/Módulo 13 - AULA ESPECIAL + PROJETO 02 TIPOGRAFIA PARA LYRIC VIDEOS/03.1 - AULA ESPECIAL- Banda ZAMBAZIM - Maria Joana LYRIC VIDEO + BRIEFING_2.MP4,03.1 - AULA ESPECIAL- Banda ZAMBAZIM - Maria Joana LYRIC VIDEO + BRIEFING_2.MP4,1iaLKYRs3Vk9mJOBm-e45F_uEfsfAYWbL,video/mp4,118175783,2024-01-21T02:01:28.000Z
"CURSOS_EBOOKS/VIDEO AULAS/⭐️ Me Ensina AE! Curso de After Effects - Brainstorm Academy/modulo 12 - Revelando o SEGREDO do Brainstorm Tutoriais/AULA 01- Afinal, qual é a cor da parede-.MP4","AULA 01- Afinal, qual é a cor da parede-.MP4",1bJBVl37LN2E_7xPBLTmqmlwqfpSyu79M,video/mp4,25512356,2024-01-21T02:01:24.000Z
CURSOS_EBOOKS/VIDEO AULAS/⭐️ Me Ensina AE! Curso de After Effects - Brainstorm Academy/modulo 12 - Revelando o SEGREDO do Brainstorm Tutoriais/AULA 02- Mudando a cor da parede.MP4,AULA 02- Mudando a cor da parede.MP4,10X6tPqCfDxW5V9SuLnClw5XpabuU8fVY,video/mp4,60874999,2024-01-21T02:01:28.000Z
CURSOS_EBOOKS/VIDEO AULAS/⭐️ Me Ensina AE! Curso de After Effects - Brainstorm Academy/modulo 12 - Revelando o SEGREDO do Brainstorm Tutoriais/AULA 03- Correções e Ajustes Finos.MP4,AULA 03- Correções e Ajustes Finos.MP4,1p_rj1SXkE7GoiUcsfEhHORAFUEX1cCS1,video/mp4,30129394,2024-01-21T02:00:46.000Z
CURSOS_EBOOKS/VIDEO AULAS/⭐️ Me Ensina AE! Curso de After Effects - Brainstorm Academy/modulo 12 - Revelando o SEGREDO do Brainstorm Tutoriais/AULA 04- Color Grading Final.MP4,AULA 04- Color Grading Final.MP4,1Y-m6jUeTtWypNb7lugiNFaj7W4CJNuKA,video/mp4,29943136,2024-01-21T02:00:48.000Z
CURSOS_EBOOKS/VIDEO AULAS/⭐️ Me Ensina AE! Curso de After Effects - Brainstorm Academy/modulo 12 - Revelando o SEGREDO do Brainstorm Tutoriais/Aula 05- Criando o CHROMA KEY!.MP4,Aula 05- Criando o CHROMA KEY!.MP4,1ZNFlhyWDN8nPqPYkiFJPghhBErEBc2Ds,video/mp4,38829536,2024-01-21T02:00:32.000Z
CURSOS_EBOOKS/WHORKSHOP CRISTIAN MAGALHÃES/FBB4E465-CE0A-434D-86F1-28F9DB99249A.jpg,FBB4E465-CE0A-434D-86F1-28F9DB99249A.jpg,1pC2MLGJQMLOLzH5NwLn_bADWwI1G0jHx,image/jpeg,72585,2025-12-11T14:17:52.000Z
CURSOS_EBOOKS/WHORKSHOP CRISTIAN MAGALHÃES/IMG_0950.JPEG,IMG_0950.JPEG,1bPRsVr4gJFy18cWpoJGvAisuroZFXTs_,image/jpeg,548441,2025-12-11T14:18:28.000Z
CURSOS_EBOOKS/WHORKSHOP CRISTIAN MAGALHÃES/IMG_0950.MOV,IMG_0950.MOV,1maEVs2o2w9HxClaxNYtovsGMVsalnvYt,video/quicktime,885421,2025-12-11T14:18:28.000Z
CURSOS_EBOOKS/WHORKSHOP CRISTIAN MAGALHÃES/IMG_0951.JPEG,IMG_0951.JPEG,1VbLO--zRUMqf3nPmMldeEbB1VsrVJkxT,image/jpeg,593381,2025-12-11T14:18:28.000Z
CURSOS_EBOOKS/WHORKSHOP CRISTIAN MAGALHÃES/IMG_0951.MOV,IMG_0951.MOV,1fBg6INUGjyfnCb4vCdQB8zYhTJdJSZYd,video/quicktime,1146882,2025-12-11T14:18:28.000Z
CURSOS_EBOOKS/WHORKSHOP CRISTIAN MAGALHÃES/IMG_0952.JPEG,IMG_0952.JPEG,1DxRgJO_0HBlzx5Vm6mg3wIsvyfEUh9A-,image/jpeg,599845,2025-12-11T14:18:28.000Z
CURSOS_EBOOKS/WHORKSHOP CRISTIAN MAGALHÃES/IMG_0952.MOV,IMG_0952.MOV,1C-Gvj7L1ChUpmiDwRQFlF2HYJnKl3PkK,video/quicktime,1477789,2025-12-11T14:18:28.000Z
CURSOS_EBOOKS/WHORKSHOP CRISTIAN MAGALHÃES/IMG_0953.JPEG,IMG_0953.JPEG,1VSPiMg-_KoK_wFRAoABDUnKp0f2j5vVf,image/jpeg,512933,2025-12-11T14:18:26.000Z
CURSOS_EBOOKS/WHORKSHOP CRISTIAN MAGALHÃES/IMG_0953.MOV,IMG_0953.MOV,1gT8HNBe7EKk_YLuvCLrZQjKux-3ttzGR,video/quicktime,1074033,2025-12-11T14:18:26.000Z
CURSOS_EBOOKS/WHORKSHOP CRISTIAN MAGALHÃES/IMG_0954.JPEG,IMG_0954.JPEG,1Pb0diPKgrFwCtr2nKVvraRk9izrjXfAK,image/jpeg,632439,2025-12-11T14:18:26.000Z
CURSOS_EBOOKS/WHORKSHOP CRISTIAN MAGALHÃES/IMG_0954.MOV,IMG_0954.MOV,1rESAnDgBSIpe4UBCOan7xcZFiYme67pE,video/quicktime,874310,2025-12-11T14:18:26.000Z
CURSOS_EBOOKS/WHORKSHOP CRISTIAN MAGALHÃES/IMG_0955.JPEG,IMG_0955.JPEG,1Z_23u33YLsCXPBNatG704-59vOBU_vBh,image/jpeg,606299,2025-12-11T14:18:26.000Z
CURSOS_EBOOKS/WHORKSHOP CRISTIAN MAGALHÃES/IMG_0955.MOV,IMG_0955.MOV,1DzdoA9LFgluIiMgRnW8iBZG_BZqUAIjl,video/quicktime,1249773,2025-12-11T14:18:26.000Z
CURSOS_EBOOKS/WHORKSHOP CRISTIAN MAGALHÃES/IMG_0956.JPEG,IMG_0956.JPEG,1uHBodFCSHWqaE9BeT0qRJhnmM9YF96Ex,image/jpeg,610394,2025-12-11T14:18:26.000Z
CURSOS_EBOOKS/WHORKSHOP CRISTIAN MAGALHÃES/IMG_0956.MOV,IMG_0956.MOV,1SnfU92PhngzWFHH9QfutEnI-2oRWLaa5,video/quicktime,1276871,2025-12-11T14:18:26.000Z
CURSOS_EBOOKS/WHORKSHOP CRISTIAN MAGALHÃES/IMG_0957.JPEG,IMG_0957.JPEG,1ck6eVJrq3kQiEiFGckU2vZ4hx-WRZfca,image/jpeg,579672,2025-12-11T14:18:26.000Z
CURSOS_EBOOKS/WHORKSHOP CRISTIAN MAGALHÃES/IMG_0957.MOV,IMG_0957.MOV,1dnq9Cl8Cvnu2N5hPmtvMl-PfGBUARo95,video/quicktime,1127787,2025-12-11T14:18:26.000Z
CURSOS_EBOOKS/WHORKSHOP CRISTIAN MAGALHÃES/IMG_0958.JPEG,IMG_0958.JPEG,1apsr75ZwdR_b_EENf_9jgz6zOYIjzpof,image/jpeg,562931,2025-12-11T14:18:26.000Z
CURSOS_EBOOKS/WHORKSHOP CRISTIAN MAGALHÃES/IMG_0958.MOV,IMG_0958.MOV,1rz7itVDSa8d4PNW2PdNXCAPdSNT-Ned_,video/quicktime,1165178,2025-12-11T14:18:26.000Z
CURSOS_EBOOKS/WHORKSHOP CRISTIAN MAGALHÃES/IMG_0959.JPEG,IMG_0959.JPEG,11suHsuPzZXcd7CqLAnmNRboeRrO1eT2A,image/jpeg,621151,2025-12-11T14:18:24.000Z
CURSOS_EBOOKS/WHORKSHOP CRISTIAN MAGALHÃES/IMG_0959.MOV,IMG_0959.MOV,1cV2PJH8bSov2WVAacCnisbo0NIu6CYXN,video/quicktime,1551301,2025-12-11T14:18:26.000Z
CURSOS_EBOOKS/WHORKSHOP CRISTIAN MAGALHÃES/IMG_0960.JPEG,IMG_0960.JPEG,10KCoD4qiimmANp7vhQTnLj7fmMAkN_lb,image/jpeg,556162,2025-12-11T14:18:24.000Z
CURSOS_EBOOKS/WHORKSHOP CRISTIAN MAGALHÃES/IMG_0960.MOV,IMG_0960.MOV,1LeZnJ1Cp0nUwvewTEcokH27Zkx0_IXZD,video/quicktime,1798632,2025-12-11T14:18:24.000Z
CURSOS_EBOOKS/WHORKSHOP CRISTIAN MAGALHÃES/IMG_0961.JPEG,IMG_0961.JPEG,1_q_sNqn0twF2RtE4xMn_-DELfxQK4jsw,image/jpeg,628582,2025-12-11T14:18:24.000Z
CURSOS_EBOOKS/WHORKSHOP CRISTIAN MAGALHÃES/IMG_0961.MOV,IMG_0961.MOV,1h786s5wl6P9oarlGnGuSyt6RJ5YUuu7n,video/quicktime,1396422,2025-12-11T14:18:24.000Z
CURSOS_EBOOKS/WHORKSHOP CRISTIAN MAGALHÃES/IMG_0962.JPEG,IMG_0962.JPEG,1MimCWDISdD9Mb9yo702LEZs6TzRefGde,image/jpeg,617607,2025-12-11T14:18:24.000Z
CURSOS_EBOOKS/WHORKSHOP CRISTIAN MAGALHÃES/IMG_0962.MOV,IMG_0962.MOV,11F9InKmLbF_XqB_sf9PtEJD1xWJYcuUj,video/quicktime,1147518,2025-12-11T14:18:24.000Z
CURSOS_EBOOKS/WHORKSHOP CRISTIAN MAGALHÃES/IMG_0963.JPEG,IMG_0963.JPEG,1MYFXKq0wvm4fu8-kXeP_11FUUTJ-0SYj,image/jpeg,560807,2025-12-11T14:18:24.000Z
CURSOS_EBOOKS/WHORKSHOP CRISTIAN MAGALHÃES/IMG_0963.MOV,IMG_0963.MOV,15Drbd8PkCM8vvXh8rdwe5N8wBg6acBqb,video/quicktime,1285292,2025-12-11T14:18:24.000Z
CURSOS_EBOOKS/WHORKSHOP CRISTIAN MAGALHÃES/IMG_0964.JPEG,IMG_0964.JPEG,1aF3xLes7M2OorBxNGhiUsKzI3SDNfP22,image/jpeg,592599,2025-12-11T14:18:24.000Z
CURSOS_EBOOKS/WHORKSHOP CRISTIAN MAGALHÃES/IMG_0964.MOV,IMG_0964.MOV,1J-Bz6W2lN_4yTxwx2O2EmC9qEz3_gMbt,video/quicktime,1511182,2025-12-11T14:18:24.000Z
CURSOS_EBOOKS/WHORKSHOP CRISTIAN MAGALHÃES/IMG_0965.JPEG,IMG_0965.JPEG,1F04CvzD3qfJkR9rXAzASjQm4yqonJ4Vp,image/jpeg,590911,2025-12-11T14:18:24.000Z
CURSOS_EBOOKS/WHORKSHOP CRISTIAN MAGALHÃES/IMG_0965.MOV,IMG_0965.MOV,1ZhRbIHveJPysTINUFAlLZGiPAm2aC0Bb,video/quicktime,1300279,2025-12-11T14:18:24.000Z
CURSOS_EBOOKS/WHORKSHOP CRISTIAN MAGALHÃES/IMG_0966.JPEG,IMG_0966.JPEG,1z-f6BUJ5Bi11_Dnwb8ynWB_e-wmt0Tic,image/jpeg,692827,2025-12-11T14:18:22.000Z
CURSOS_EBOOKS/WHORKSHOP CRISTIAN MAGALHÃES/IMG_0966.MOV,IMG_0966.MOV,1StnrN16R3nKXPKW26AS00Q5Kzeap9U8H,video/quicktime,1377961,2025-12-11T14:18:22.000Z
CURSOS_EBOOKS/WHORKSHOP CRISTIAN MAGALHÃES/IMG_0967.JPEG,IMG_0967.JPEG,1YY9jHgxK7fXwM1AZPyVrHLX0eJHtu5XZ,image/jpeg,581634,2025-12-11T14:18:22.000Z
CURSOS_EBOOKS/WHORKSHOP CRISTIAN MAGALHÃES/IMG_0967.MOV,IMG_0967.MOV,10kORB6_X4x7G46_T18mvFT-NeoiNj8iI,video/quicktime,1505838,2025-12-11T14:18:22.000Z
CURSOS_EBOOKS/WHORKSHOP CRISTIAN MAGALHÃES/IMG_0968.JPEG,IMG_0968.JPEG,1uXfJlhOY5SiEw_f2NjeUdA7q5FjYteP2,image/jpeg,486209,2025-12-11T14:18:22.000Z
CURSOS_EBOOKS/WHORKSHOP CRISTIAN MAGALHÃES/IMG_0968.MOV,IMG_0968.MOV,1mYwJE1wr6Nn0YxUxVjJyWlc-_JXoImhl,video/quicktime,985205,2025-12-11T14:18:22.000Z
CURSOS_EBOOKS/WHORKSHOP CRISTIAN MAGALHÃES/IMG_0969.JPEG,IMG_0969.JPEG,18lbZxFJd6s5rh7QHBVRxmAkUcACKooEq,image/jpeg,628902,2025-12-11T14:18:22.000Z
CURSOS_EBOOKS/WHORKSHOP CRISTIAN MAGALHÃES/IMG_0969.MOV,IMG_0969.MOV,1GDhps5PpH2oVqHdbIQzr9UJTThMtZ2eC,video/quicktime,1529564,2025-12-11T14:18:22.000Z
CURSOS_EBOOKS/WHORKSHOP CRISTIAN MAGALHÃES/IMG_0970.JPEG,IMG_0970.JPEG,1OYR9NBStXCDU9qOA8H6gHWlqKf-2PFkv,image/jpeg,575857,2025-12-11T14:18:22.000Z
CURSOS_EBOOKS/WHORKSHOP CRISTIAN MAGALHÃES/IMG_0970.MOV,IMG_0970.MOV,16cDbnD1P5NBC0rvUqkT1a35cFoK-uH7F,video/quicktime,1769789,2025-12-11T14:18:22.000Z
CURSOS_EBOOKS/WHORKSHOP CRISTIAN MAGALHÃES/IMG_0971.JPEG,IMG_0971.JPEG,1cD9zXBcL0dCa6286qLG47FwUO1GLTi7Y,image/jpeg,579791,2025-12-11T14:18:22.000Z
CURSOS_EBOOKS/WHORKSHOP CRISTIAN MAGALHÃES/IMG_0971.MOV,IMG_0971.MOV,1I4dDIQzjyPoKodcSJj73Ybb_3DdbVXFG,video/quicktime,1662551,2025-12-11T14:18:22.000Z
CURSOS_EBOOKS/WHORKSHOP CRISTIAN MAGALHÃES/IMG_0972.JPEG,IMG_0972.JPEG,1VO_Ky-M5tjYjszRZv4ogOyOLyhCMJZrD,image/jpeg,239719,2025-12-11T14:18:20.000Z
CURSOS_EBOOKS/WHORKSHOP CRISTIAN MAGALHÃES/IMG_0972.MOV,IMG_0972.MOV,1P1YwMUT6pGbC-JaJEvkMx682LlGbgzwg,video/quicktime,2827479,2025-12-11T14:18:20.000Z
CURSOS_EBOOKS/WHORKSHOP CRISTIAN MAGALHÃES/IMG_0973.JPEG,IMG_0973.JPEG,18HYoKawan5YGsuy39gOH5JEp22Uc8k68,image/jpeg,668058,2025-12-11T14:18:20.000Z
CURSOS_EBOOKS/WHORKSHOP CRISTIAN MAGALHÃES/IMG_0973.MOV,IMG_0973.MOV,1P6XNz9owxmM-7VL5Smqtnuo24LngM9vm,video/quicktime,1311648,2025-12-11T14:18:20.000Z
CURSOS_EBOOKS/WHORKSHOP CRISTIAN MAGALHÃES/IMG_0974.JPEG,IMG_0974.JPEG,1-_3Y8spcZY6jJKWqbqD3PeRrzQCB7Jb2,image/jpeg,607221,2025-12-11T14:18:20.000Z
CURSOS_EBOOKS/WHORKSHOP CRISTIAN MAGALHÃES/IMG_0974.MOV,IMG_0974.MOV,1DI_Z5SETNaq6cGxTMPoa0nymFUuQH5Th,video/quicktime,1289356,2025-12-11T14:18:20.000Z
CURSOS_EBOOKS/WHORKSHOP CRISTIAN MAGALHÃES/IMG_0975.JPEG,IMG_0975.JPEG,1HtUxCOPhU6AU9-aoZFXGYI39KVOf4Kcz,image/jpeg,656600,2025-12-11T14:18:20.000Z
CURSOS_EBOOKS/WHORKSHOP CRISTIAN MAGALHÃES/IMG_0975.MOV,IMG_0975.MOV,1knaJ7sxS4x-lyY2eK0ld9NFyRoEBb4Ox,video/quicktime,1119368,2025-12-11T14:18:20.000Z
CURSOS_EBOOKS/WHORKSHOP CRISTIAN MAGALHÃES/IMG_0976.JPEG,IMG_0976.JPEG,1jzkBX-yL0vIRiI9vR1e4CtWvk3v6sbNT,image/jpeg,662511,2025-12-11T14:18:20.000Z
CURSOS_EBOOKS/WHORKSHOP CRISTIAN MAGALHÃES/IMG_0976.MOV,IMG_0976.MOV,1l8kdeOpJQftfccWWZywILd_lGIcxKB58,video/quicktime,1191272,2025-12-11T14:18:20.000Z
CURSOS_EBOOKS/WHORKSHOP CRISTIAN MAGALHÃES/IMG_0977.JPEG,IMG_0977.JPEG,1_BgFJD3seijoWZ7rhm1CEdTibZppYvO4,image/jpeg,666206,2025-12-11T14:18:20.000Z
CURSOS_EBOOKS/WHORKSHOP CRISTIAN MAGALHÃES/IMG_0977.MOV,IMG_0977.MOV,1He_AYjTRamZob2y0id5LXFiAZeoTaySi,video/quicktime,1343932,2025-12-11T14:18:20.000Z
CURSOS_EBOOKS/WHORKSHOP CRISTIAN MAGALHÃES/IMG_0978.JPEG,IMG_0978.JPEG,1zH0rLiJeZF_xjlJd1Zgp_5u0yYo6zEna,image/jpeg,272788,2025-12-11T14:18:18.000Z
CURSOS_EBOOKS/WHORKSHOP CRISTIAN MAGALHÃES/IMG_0978.MOV,IMG_0978.MOV,1K2iR_Sx83GTOoMRnwlC78-wKgfN9A2vi,video/quicktime,3114589,2025-12-11T14:18:18.000Z
CURSOS_EBOOKS/WHORKSHOP CRISTIAN MAGALHÃES/IMG_0979.JPEG,IMG_0979.JPEG,1aE5lNtpOkrlm2D1UV0mZC4PMK2V23ujH,image/jpeg,538620,2025-12-11T14:18:18.000Z
CURSOS_EBOOKS/WHORKSHOP CRISTIAN MAGALHÃES/IMG_0979.MOV,IMG_0979.MOV,1udg0tQLAbl0vgGPGbze_WSVbh9QRiQVR,video/quicktime,1467431,2025-12-11T14:18:18.000Z
CURSOS_EBOOKS/WHORKSHOP CRISTIAN MAGALHÃES/IMG_0980.JPEG,IMG_0980.JPEG,19_uZphM9g5P2RBAk5Z4iv1t5TWoQOkP_,image/jpeg,619557,2025-12-11T14:18:18.000Z
CURSOS_EBOOKS/WHORKSHOP CRISTIAN MAGALHÃES/IMG_0980.MOV,IMG_0980.MOV,1Hysz-fWjDvZTiiz6ZD19TCXzUKvOiYHn,video/quicktime,1231509,2025-12-11T14:18:18.000Z
CURSOS_EBOOKS/WHORKSHOP CRISTIAN MAGALHÃES/IMG_0981.JPEG,IMG_0981.JPEG,1HsaKDokW0DtnXu3gGAOTrJbYsx12kvEo,image/jpeg,616800,2025-12-11T14:18:18.000Z
CURSOS_EBOOKS/WHORKSHOP CRISTIAN MAGALHÃES/IMG_0981.MOV,IMG_0981.MOV,1uQenw84LFDNeT28UXRTiBRYdjfjmmdWT,video/quicktime,1141048,2025-12-11T14:18:18.000Z
CURSOS_EBOOKS/WHORKSHOP CRISTIAN MAGALHÃES/IMG_0982.JPEG,IMG_0982.JPEG,1Oca-0BE240BiB_SSqC80Y-ciAZAnCq2W,image/jpeg,680368,2025-12-11T14:18:18.000Z
CURSOS_EBOOKS/WHORKSHOP CRISTIAN MAGALHÃES/IMG_0982.MOV,IMG_0982.MOV,1iGLmWkDRGeMt9iu-3_I5Fpi4nzLu9hrs,video/quicktime,1818199,2025-12-11T14:18:18.000Z
CURSOS_EBOOKS/WHORKSHOP CRISTIAN MAGALHÃES/IMG_0983.JPEG,IMG_0983.JPEG,13Hw6giLewLRqlfI1iICyF9V_3X7Zs2Pu,image/jpeg,617654,2025-12-11T14:18:18.000Z
CURSOS_EBOOKS/WHORKSHOP CRISTIAN MAGALHÃES/IMG_0983.MOV,IMG_0983.MOV,1qJl7wBHjIv8Orf8CBVyjnHjYTDxbyhYk,video/quicktime,1180197,2025-12-11T14:18:18.000Z
CURSOS_EBOOKS/WHORKSHOP CRISTIAN MAGALHÃES/IMG_0984.JPEG,IMG_0984.JPEG,13gG2vGtLbFBcIKAnueSUKTsKIA8tNl0B,image/jpeg,586676,2025-12-11T14:18:16.000Z
CURSOS_EBOOKS/WHORKSHOP CRISTIAN MAGALHÃES/IMG_0984.MOV,IMG_0984.MOV,1piBFxVJ0diNofwuGspmuVl4CDWIFebQX,video/quicktime,1778042,2025-12-11T14:18:16.000Z
CURSOS_EBOOKS/WHORKSHOP CRISTIAN MAGALHÃES/IMG_0985.JPEG,IMG_0985.JPEG,1qINAzR8M2ONDQ8VJ5GVEKl7L9HmDP9Ip,image/jpeg,573182,2025-12-11T14:18:16.000Z
CURSOS_EBOOKS/WHORKSHOP CRISTIAN MAGALHÃES/IMG_0985.MOV,IMG_0985.MOV,1yfXeyjVAoDB4Q_-GM7Bjt7r-fWrkwuea,video/quicktime,1736578,2025-12-11T14:18:16.000Z
CURSOS_EBOOKS/WHORKSHOP CRISTIAN MAGALHÃES/IMG_0986.JPEG,IMG_0986.JPEG,1Dqx3-AavUV6BkhjTWL9qCqcigDY1LfH7,image/jpeg,653340,2025-12-11T14:18:16.000Z
CURSOS_EBOOKS/WHORKSHOP CRISTIAN MAGALHÃES/IMG_0986.MOV,IMG_0986.MOV,1TNZ2RzTmIg33u_-jkfl50fbKHd0ZOAms,video/quicktime,1797836,2025-12-11T14:18:16.000Z
CURSOS_EBOOKS/WHORKSHOP CRISTIAN MAGALHÃES/IMG_0987.JPEG,IMG_0987.JPEG,1-stMveJO9Aqig8yUVGgGWTnmYvUbd6zf,image/jpeg,655995,2025-12-11T14:18:16.000Z
CURSOS_EBOOKS/WHORKSHOP CRISTIAN MAGALHÃES/IMG_0987.MOV,IMG_0987.MOV,1Uj5UNMfaNtGaR5IhAVuUv9ns1COVvrQW,video/quicktime,1774280,2025-12-11T14:18:16.000Z
CURSOS_EBOOKS/WHORKSHOP CRISTIAN MAGALHÃES/IMG_0988.JPEG,IMG_0988.JPEG,1HrONDuSCMv-oRT5iUifyCRlGYvIbCGhS,image/jpeg,707970,2025-12-11T14:18:16.000Z
CURSOS_EBOOKS/WHORKSHOP CRISTIAN MAGALHÃES/IMG_0988.MOV,IMG_0988.MOV,1reU3vuKj3G4IsUMWChYxp8aFN76mhnY9,video/quicktime,1021879,2025-12-11T14:18:16.000Z
CURSOS_EBOOKS/WHORKSHOP CRISTIAN MAGALHÃES/IMG_0989.JPEG,IMG_0989.JPEG,1-tKqvyXa31a8LAjOCCp_87WYcBIUh6TE,image/jpeg,678066,2025-12-11T14:18:14.000Z
CURSOS_EBOOKS/WHORKSHOP CRISTIAN MAGALHÃES/IMG_0989.MOV,IMG_0989.MOV,1J3JI6r7l6tnSIyOeo2Z8K4v2-mgz4XpN,video/quicktime,891191,2025-12-11T14:18:16.000Z
CURSOS_EBOOKS/WHORKSHOP CRISTIAN MAGALHÃES/IMG_0990.JPEG,IMG_0990.JPEG,1kDImUubSJ1UyiLbw9ZpLTR4CzIVC8Yvk,image/jpeg,646130,2025-12-11T14:18:14.000Z
CURSOS_EBOOKS/WHORKSHOP CRISTIAN MAGALHÃES/IMG_0990.MOV,IMG_0990.MOV,1u6jRkeTNP6TAU3C-BSEL5FED5nOdc1lU,video/quicktime,1215747,2025-12-11T14:18:14.000Z
CURSOS_EBOOKS/WHORKSHOP CRISTIAN MAGALHÃES/IMG_0991.JPEG,IMG_0991.JPEG,1qwEd0fqUx4cokW0IuYHzhKoVrKRQ6Z1L,image/jpeg,645604,2025-12-11T14:18:14.000Z
CURSOS_EBOOKS/WHORKSHOP CRISTIAN MAGALHÃES/IMG_0991.MOV,IMG_0991.MOV,1Uyad20_TT57etiJeO3DktcSysMzMOvVw,video/quicktime,1686816,2025-12-11T14:18:14.000Z
CURSOS_EBOOKS/WHORKSHOP CRISTIAN MAGALHÃES/IMG_0992.JPEG,IMG_0992.JPEG,1mh4HQwFcM805cXTx-1m4rcVhvZsAY5-7,image/jpeg,666748,2025-12-11T14:18:14.000Z
CURSOS_EBOOKS/WHORKSHOP CRISTIAN MAGALHÃES/IMG_0992.MOV,IMG_0992.MOV,1TwymOIebjCrruQtDBFnM7VHGcYQNQZWK,video/quicktime,1337513,2025-12-11T14:18:14.000Z
CURSOS_EBOOKS/WHORKSHOP CRISTIAN MAGALHÃES/IMG_0993.JPEG,IMG_0993.JPEG,105DgnDyvkX0i_lA_cC7zYHeJwMrMFzz1,image/jpeg,573472,2025-12-11T14:18:14.000Z
CURSOS_EBOOKS/WHORKSHOP CRISTIAN MAGALHÃES/IMG_0993.MOV,IMG_0993.MOV,1fNslWK9DhDNcbn51ajLQp4aNytQYPVSn,video/quicktime,1491508,2025-12-11T14:18:14.000Z
CURSOS_EBOOKS/WHORKSHOP CRISTIAN MAGALHÃES/IMG_0994.JPEG,IMG_0994.JPEG,1_wWPM7OPz412X3yPMgDcg03oUs3RLpFF,image/jpeg,635573,2025-12-11T14:18:14.000Z
CURSOS_EBOOKS/WHORKSHOP CRISTIAN MAGALHÃES/IMG_0994.MOV,IMG_0994.MOV,1VnnOtMR2uOXXdNkNsFUd8ap3-FqnMdWx,video/quicktime,1349778,2025-12-11T14:18:14.000Z
CURSOS_EBOOKS/WHORKSHOP CRISTIAN MAGALHÃES/IMG_0995.JPEG,IMG_0995.JPEG,1U9fP2yMHmVT3K1Yg-RBcEOrNUO_6Y5Kc,image/jpeg,706353,2025-12-11T14:17:52.000Z
CURSOS_EBOOKS/WHORKSHOP CRISTIAN MAGALHÃES/IMG_0996.JPEG,IMG_0996.JPEG,1pdvrg1P9r5p9nhm7g_K-YeNfTE11GuEn,image/jpeg,632922,2025-12-11T14:18:12.000Z
CURSOS_EBOOKS/WHORKSHOP CRISTIAN MAGALHÃES/IMG_0996.MOV,IMG_0996.MOV,1BvkU2HckdiScJbJTIwqVJ5MOCnogs_PZ,video/quicktime,783639,2025-12-11T14:18:12.000Z
CURSOS_EBOOKS/WHORKSHOP CRISTIAN MAGALHÃES/IMG_0997.JPEG,IMG_0997.JPEG,1XW-xzLR2LI4yoXulswXZojRJuQev54Qo,image/jpeg,816061,2025-12-11T14:18:12.000Z
CURSOS_EBOOKS/WHORKSHOP CRISTIAN MAGALHÃES/IMG_0997.MOV,IMG_0997.MOV,1fdIxV8Ptk_4sYe_1rSv-jIAaPVUEL1kp,video/quicktime,1236542,2025-12-11T14:18:12.000Z
CURSOS_EBOOKS/WHORKSHOP CRISTIAN MAGALHÃES/IMG_0998.JPEG,IMG_0998.JPEG,1g3E88BOqaTyuEdxa5H7SbnjrlojyyK5K,image/jpeg,646528,2025-12-11T14:18:12.000Z
CURSOS_EBOOKS/WHORKSHOP CRISTIAN MAGALHÃES/IMG_0998.MOV,IMG_0998.MOV,1HTSvOL7OWdEWCDF7_XTDlHbIEvR102zg,video/quicktime,1205888,2025-12-11T14:18:12.000Z
CURSOS_EBOOKS/WHORKSHOP CRISTIAN MAGALHÃES/IMG_0999.MP4,IMG_0999.MP4,1w2UjUMdXSe8YRdIOmaC5jqQuOLcP5fgE,video/mp4,1087116,2025-12-11T14:18:12.000Z
CURSOS_EBOOKS/WHORKSHOP CRISTIAN MAGALHÃES/IMG_1001.MP4,IMG_1001.MP4,1HqBgH_XhNw_6Jsh1pf5nF_tr_H3zvKvO,video/mp4,1106182,2025-12-11T14:18:12.000Z
CURSOS_EBOOKS/WHORKSHOP CRISTIAN MAGALHÃES/IMG_1002.MP4,IMG_1002.MP4,1DeNmEz2RD4fBqW7QkJ6uvHe9j8S-Hhkq,video/mp4,1293092,2025-12-11T14:18:12.000Z
CURSOS_EBOOKS/WHORKSHOP CRISTIAN MAGALHÃES/IMG_1003.MP4,IMG_1003.MP4,1XUn1THywBj9xREe4RvruNP8ZMPKuI-hz,video/mp4,1098547,2025-12-11T14:18:10.000Z
CURSOS_EBOOKS/WHORKSHOP CRISTIAN MAGALHÃES/IMG_1004.MP4,IMG_1004.MP4,1-7Sp83xQyBY3YbLWwhMVD9d0tUEGQUcL,video/mp4,1545676,2025-12-11T14:18:10.000Z
CURSOS_EBOOKS/WHORKSHOP CRISTIAN MAGALHÃES/IMG_1005.MP4,IMG_1005.MP4,1UEjz_nfL_VzsdvghlcPxQMEzr-2f1uCC,video/mp4,1512296,2025-12-11T14:18:10.000Z
CURSOS_EBOOKS/WHORKSHOP CRISTIAN MAGALHÃES/IMG_1006.MP4,IMG_1006.MP4,10Wi44ekFEw3Jqhfh1dy5y_CM9l8b2Hrq,video/mp4,1554750,2025-12-11T14:18:10.000Z
CURSOS_EBOOKS/WHORKSHOP CRISTIAN MAGALHÃES/IMG_1007.MP4,IMG_1007.MP4,1ZT1HyYIH-XiKSA1r0xeBEy11Hg_-FbvE,video/mp4,1652223,2025-12-11T14:18:10.000Z
CURSOS_EBOOKS/WHORKSHOP CRISTIAN MAGALHÃES/IMG_1008.MP4,IMG_1008.MP4,1Q_i3PgEvLsf0iFNbcgfaXAbnwHZZMVzd,video/mp4,1641053,2025-12-11T14:18:10.000Z
CURSOS_EBOOKS/WHORKSHOP CRISTIAN MAGALHÃES/IMG_1009.JPEG,IMG_1009.JPEG,1hVXBDQSA-5bAzL1r7G-MDIp45VifZwGl,image/jpeg,903657,2025-12-11T14:18:10.000Z
CURSOS_EBOOKS/WHORKSHOP CRISTIAN MAGALHÃES/IMG_1009.MOV,IMG_1009.MOV,14yrX2JvoLkJ8CjMPbwwEZ9pK55qVXodF,video/quicktime,1148740,2025-12-11T14:18:10.000Z
CURSOS_EBOOKS/WHORKSHOP CRISTIAN MAGALHÃES/IMG_1010.JPEG,IMG_1010.JPEG,10X3NlzH-jKluvL6nJbxjadqIrx6SjWis,image/jpeg,672627,2025-12-11T14:18:10.000Z
CURSOS_EBOOKS/WHORKSHOP CRISTIAN MAGALHÃES/IMG_1010.MOV,IMG_1010.MOV,1t1zDwemyAC3bY19-MIRWu-OTSgNPPiPj,video/quicktime,1022996,2025-12-11T14:18:10.000Z
CURSOS_EBOOKS/WHORKSHOP CRISTIAN MAGALHÃES/IMG_1011.JPEG,IMG_1011.JPEG,1hKxXSfF2rWfGR6RTGIwB5WxVguc--Agn,image/jpeg,822884,2025-12-11T14:18:08.000Z
CURSOS_EBOOKS/WHORKSHOP CRISTIAN MAGALHÃES/IMG_1011.MOV,IMG_1011.MOV,164YfbBqf15YQqYB19pkpOQ52Hpn4lTzj,video/quicktime,1380174,2025-12-11T14:18:10.000Z
CURSOS_EBOOKS/WHORKSHOP CRISTIAN MAGALHÃES/IMG_1012.JPEG,IMG_1012.JPEG,1G1SXvwHrpz0ulMyE3lKznO8rtt58t9X1,image/jpeg,839510,2025-12-11T14:17:52.000Z
CURSOS_EBOOKS/WHORKSHOP CRISTIAN MAGALHÃES/IMG_1013.JPEG,IMG_1013.JPEG,1Ltr1lLLyn4UbQ3nJuGkEKaXwwY9GP1sZ,image/jpeg,832035,2025-12-11T14:17:52.000Z
CURSOS_EBOOKS/WHORKSHOP CRISTIAN MAGALHÃES/IMG_1014.JPEG,IMG_1014.JPEG,1t_m5rzRSmn38CzheNAWSK72nyDgQADP6,image/jpeg,572092,2025-12-11T14:17:52.000Z
CURSOS_EBOOKS/WHORKSHOP CRISTIAN MAGALHÃES/IMG_1015.JPEG,IMG_1015.JPEG,1cVIDJAyi9wZQ2wZsrwti6icw--hRY1by,image/jpeg,705473,2025-12-11T14:17:52.000Z
CURSOS_EBOOKS/WHORKSHOP CRISTIAN MAGALHÃES/IMG_1016.JPEG,IMG_1016.JPEG,1E8RbyuPIKdVyprzv4hGXxHpvsFXCioPv,image/jpeg,787561,2025-12-11T14:17:54.000Z
CURSOS_EBOOKS/WHORKSHOP CRISTIAN MAGALHÃES/IMG_1017.JPEG,IMG_1017.JPEG,1xb-Bi_XVKoZCNTCcg08u6I9hZwHG570S,image/jpeg,733961,2025-12-11T14:17:52.000Z
CURSOS_EBOOKS/WHORKSHOP CRISTIAN MAGALHÃES/IMG_1018.JPEG,IMG_1018.JPEG,1KZCjrqfQnL7lrnXqYqAoPbkx_2Szf3-H,image/jpeg,1008830,2025-12-11T14:17:52.000Z
CURSOS_EBOOKS/WHORKSHOP CRISTIAN MAGALHÃES/IMG_1019.JPEG,IMG_1019.JPEG,1dSjhoXHa-Lnf7ewFCN6bA2Mp21DSxNTw,image/jpeg,479557,2025-12-11T14:17:52.000Z
CURSOS_EBOOKS/WHORKSHOP CRISTIAN MAGALHÃES/IMG_1020.JPEG,IMG_1020.JPEG,1uPPaPxa5_IX-fOcTMOY7gsIftE7_DL8Q,image/jpeg,716855,2025-12-11T14:17:52.000Z
CURSOS_EBOOKS/WHORKSHOP CRISTIAN MAGALHÃES/IMG_1021.JPEG,IMG_1021.JPEG,12Zy6PJ3_SG5vM0cdKM7qwi9XeK3fpQ42,image/jpeg,536195,2025-12-11T14:18:08.000Z
CURSOS_EBOOKS/WHORKSHOP CRISTIAN MAGALHÃES/IMG_1021.MOV,IMG_1021.MOV,1Gz-8O00WilwfTVcsIhrmhSYGxtSuE9kN,video/quicktime,721725,2025-12-11T14:18:08.000Z
CURSOS_EBOOKS/WHORKSHOP CRISTIAN MAGALHÃES/IMG_1022.JPEG,IMG_1022.JPEG,1ENmFrgFmv4Nq4deD2uc1GMm_zdw8ETKP,image/jpeg,718559,2025-12-11T14:18:08.000Z
CURSOS_EBOOKS/WHORKSHOP CRISTIAN MAGALHÃES/IMG_1022.MOV,IMG_1022.MOV,1neurw_3ZqJhLm4HTJsRoSIc_sVlghk5x,video/quicktime,749794,2025-12-11T14:18:08.000Z
CURSOS_EBOOKS/WHORKSHOP CRISTIAN MAGALHÃES/IMG_1023.JPEG,IMG_1023.JPEG,1nd4REbRNlQSImWwBEVUL7BpmNSmZKL8M,image/jpeg,663528,2025-12-11T14:18:08.000Z
CURSOS_EBOOKS/WHORKSHOP CRISTIAN MAGALHÃES/IMG_1023.MOV,IMG_1023.MOV,1H8yLGTuNylyI2DjolyRcajhvDuP1PDGR,video/quicktime,1142699,2025-12-11T14:18:08.000Z
CURSOS_EBOOKS/WHORKSHOP CRISTIAN MAGALHÃES/IMG_1024.JPEG,IMG_1024.JPEG,1gY76HOhgHkRlslc-9DL80aiHEoxcxWFk,image/jpeg,645401,2025-12-11T14:18:08.000Z
CURSOS_EBOOKS/WHORKSHOP CRISTIAN MAGALHÃES/IMG_1024.MOV,IMG_1024.MOV,17wGL0yrA0rZwxCRsgkeWD9D1X6a6Qvp6,video/quicktime,1078874,2025-12-11T14:18:08.000Z
CURSOS_EBOOKS/WHORKSHOP CRISTIAN MAGALHÃES/IMG_1026.JPEG,IMG_1026.JPEG,1xzbW-e0WNl45dkl_ARkLQwgchAjLlXE8,image/jpeg,441487,2025-12-11T14:18:08.000Z
CURSOS_EBOOKS/WHORKSHOP CRISTIAN MAGALHÃES/IMG_1026.MOV,IMG_1026.MOV,1WwswgMloZdDRdg_x0Pals8EfLyWECCLO,video/quicktime,685922,2025-12-11T14:18:08.000Z
CURSOS_EBOOKS/WHORKSHOP CRISTIAN MAGALHÃES/IMG_1027.JPEG,IMG_1027.JPEG,1-vAeVyho7zLSirRj7d6k02vBLvFmYi-x,image/jpeg,649049,2025-12-11T14:18:08.000Z
CURSOS_EBOOKS/WHORKSHOP CRISTIAN MAGALHÃES/IMG_1028.JPEG,IMG_1028.JPEG,16WWgDbO8BGWzYlPbyE0q0SgNfMiOCFrG,image/jpeg,860720,2025-12-11T14:18:06.000Z
CURSOS_EBOOKS/WHORKSHOP CRISTIAN MAGALHÃES/IMG_1028.MOV,IMG_1028.MOV,1ljmp34VXCmJDajTP-DUZC37qFleIlaXF,video/quicktime,1212857,2025-12-11T14:18:06.000Z
CURSOS_EBOOKS/WHORKSHOP CRISTIAN MAGALHÃES/IMG_1029.JPEG,IMG_1029.JPEG,1WI9GtoJK0H4pUQUmLDD2MPnrunv0qC3j,image/jpeg,476888,2025-12-11T14:18:06.000Z
CURSOS_EBOOKS/WHORKSHOP CRISTIAN MAGALHÃES/IMG_1029.MOV,IMG_1029.MOV,1yf5Tv0n1BIgAQ56DRXKSjAc4smCO_FPd,video/quicktime,1496442,2025-12-11T14:18:06.000Z
CURSOS_EBOOKS/WHORKSHOP CRISTIAN MAGALHÃES/IMG_1030.JPEG,IMG_1030.JPEG,1W6HwCZn1i4jdRzcxGXVJXuSLK_j8o0bZ,image/jpeg,679287,2025-12-11T14:18:06.000Z
CURSOS_EBOOKS/WHORKSHOP CRISTIAN MAGALHÃES/IMG_1030.MOV,IMG_1030.MOV,1BsTneVXJO00XnALcrjPLripxGUQ3km0n,video/quicktime,1323546,2025-12-11T14:18:06.000Z
CURSOS_EBOOKS/WHORKSHOP CRISTIAN MAGALHÃES/IMG_1031.JPEG,IMG_1031.JPEG,1HA0ioyaLV-s0sONPkbYYKGqmeyplkPEP,image/jpeg,513336,2025-12-11T14:18:06.000Z
CURSOS_EBOOKS/WHORKSHOP CRISTIAN MAGALHÃES/IMG_1032.JPEG,IMG_1032.JPEG,12jyzjcx2__lP94rpXsd14AjrdavYzPY3,image/jpeg,639806,2025-12-11T14:18:06.000Z
CURSOS_EBOOKS/WHORKSHOP CRISTIAN MAGALHÃES/IMG_1033.JPEG,IMG_1033.JPEG,1TMpkoP4ZodikG4GQlkNTF4HzqZXVKy-L,image/jpeg,727028,2025-12-11T14:18:06.000Z
CURSOS_EBOOKS/WHORKSHOP CRISTIAN MAGALHÃES/IMG_1033.MOV,IMG_1033.MOV,1rBRD_tcUB_m9K6jlqNwfcU_HnXFuquyi,video/quicktime,1070166,2025-12-11T14:18:06.000Z
CURSOS_EBOOKS/WHORKSHOP CRISTIAN MAGALHÃES/IMG_1034.JPEG,IMG_1034.JPEG,1SnjJxVkDCgY4tV2XffZfy0JzwfhruLZj,image/jpeg,702955,2025-12-11T14:18:06.000Z
CURSOS_EBOOKS/WHORKSHOP CRISTIAN MAGALHÃES/IMG_1034.MOV,IMG_1034.MOV,1jpTg6xwhNPclUlfIjCTjnFa1WBUQfJGS,video/quicktime,1046846,2025-12-11T14:18:06.000Z
CURSOS_EBOOKS/WHORKSHOP CRISTIAN MAGALHÃES/IMG_1035.JPEG,IMG_1035.JPEG,103cocDHm5dh_abWaRpqFHqh6bfjDTpIb,image/jpeg,731842,2025-12-11T14:18:06.000Z
CURSOS_EBOOKS/WHORKSHOP CRISTIAN MAGALHÃES/IMG_1036.JPEG,IMG_1036.JPEG,1QWG140s6Gdu7lnK2PF5rSdpezbj3_JMC,image/jpeg,719636,2025-12-11T14:18:04.000Z
CURSOS_EBOOKS/WHORKSHOP CRISTIAN MAGALHÃES/IMG_1036.MOV,IMG_1036.MOV,1ud9Qy1HVMQfxnMD_ciB_iLTeeTseIjSf,video/quicktime,1080365,2025-12-11T14:18:04.000Z
CURSOS_EBOOKS/WHORKSHOP CRISTIAN MAGALHÃES/IMG_1037.JPEG,IMG_1037.JPEG,1sUF7byFU1I0w-jEy4ieVXE7odqKRgcXG,image/jpeg,800147,2025-12-11T14:18:04.000Z
CURSOS_EBOOKS/WHORKSHOP CRISTIAN MAGALHÃES/IMG_1037.MOV,IMG_1037.MOV,1nfx9Ut-XviTR95JQiH7voHUCPUzYvy3Q,video/quicktime,1220762,2025-12-11T14:18:04.000Z
CURSOS_EBOOKS/WHORKSHOP CRISTIAN MAGALHÃES/IMG_1038.JPEG,IMG_1038.JPEG,1XCpVb8DAbi6K_Gsfaj6SeinN2AL4h2I4,image/jpeg,648467,2025-12-11T14:18:04.000Z
CURSOS_EBOOKS/WHORKSHOP CRISTIAN MAGALHÃES/IMG_1038.MOV,IMG_1038.MOV,1rSABas0km5Oe8k0d0AoUQxu5AXuNT6Oy,video/quicktime,1105646,2025-12-11T14:18:04.000Z
CURSOS_EBOOKS/WHORKSHOP CRISTIAN MAGALHÃES/IMG_1039.JPEG,IMG_1039.JPEG,1SrbeGBTbiAys097mjL_5ULV7ADVkiRB3,image/jpeg,756967,2025-12-11T14:18:04.000Z
CURSOS_EBOOKS/WHORKSHOP CRISTIAN MAGALHÃES/IMG_1039.MOV,IMG_1039.MOV,1jlMfcZIy-IIk2oNP5T7ZOUkU9438qh9F,video/quicktime,1096749,2025-12-11T14:18:04.000Z
CURSOS_EBOOKS/WHORKSHOP CRISTIAN MAGALHÃES/IMG_1040.JPEG,IMG_1040.JPEG,1Q4BbZa5rYFfD7YGdWN6sUfnazrMDqEso,image/jpeg,568693,2025-12-11T14:18:04.000Z
CURSOS_EBOOKS/WHORKSHOP CRISTIAN MAGALHÃES/IMG_1041.JPEG,IMG_1041.JPEG,1K5XmPbjeIvekIU46OJJ74A__cfN1E041,image/jpeg,682498,2025-12-11T14:18:04.000Z
CURSOS_EBOOKS/WHORKSHOP CRISTIAN MAGALHÃES/IMG_1041.MOV,IMG_1041.MOV,1WoiBbYhM_gv11hOjJs9sUjvWnAI_HBzo,video/quicktime,1670359,2025-12-11T14:18:04.000Z
CURSOS_EBOOKS/WHORKSHOP CRISTIAN MAGALHÃES/IMG_1042.JPEG,IMG_1042.JPEG,1v_jXjlV87-aJAiYw8DF7_N2jXEM06VLM,image/jpeg,680873,2025-12-11T14:18:02.000Z
CURSOS_EBOOKS/WHORKSHOP CRISTIAN MAGALHÃES/IMG_1042.MOV,IMG_1042.MOV,1yKPf4eZeSxLcKocnBfGBxd2znevCdS4k,video/quicktime,869108,2025-12-11T14:18:04.000Z
CURSOS_EBOOKS/WHORKSHOP CRISTIAN MAGALHÃES/IMG_1043.JPEG,IMG_1043.JPEG,1f6ivu4fOEuzU2aycwJQ8YQm1M0DWG6jl,image/jpeg,441197,2025-12-11T14:18:02.000Z
CURSOS_EBOOKS/WHORKSHOP CRISTIAN MAGALHÃES/IMG_1043.MOV,IMG_1043.MOV,1tQQnPoKYjU2_7nExwYss6QYrdUbqBiqs,video/quicktime,1052307,2025-12-11T14:18:02.000Z
CURSOS_EBOOKS/WHORKSHOP CRISTIAN MAGALHÃES/IMG_1044.JPEG,IMG_1044.JPEG,1r6chkPUU4SLFUWkpWH13nlbqwfIRN-oa,image/jpeg,520798,2025-12-11T14:18:02.000Z
CURSOS_EBOOKS/WHORKSHOP CRISTIAN MAGALHÃES/IMG_1045.JPEG,IMG_1045.JPEG,1ewiOVF8BAyQNQ88apGK-DE1Wz5FxLtfD,image/jpeg,692682,2025-12-11T14:18:02.000Z
CURSOS_EBOOKS/WHORKSHOP CRISTIAN MAGALHÃES/IMG_1045.MOV,IMG_1045.MOV,1Jl33s9_sitlMkLHm5IQc68lhR2cxGz6l,video/quicktime,797720,2025-12-11T14:18:02.000Z
CURSOS_EBOOKS/WHORKSHOP CRISTIAN MAGALHÃES/IMG_1046.JPEG,IMG_1046.JPEG,1AscGy5ktozQJ4pS1vFeNDRI92YlrPlGL,image/jpeg,510314,2025-12-11T14:18:02.000Z
CURSOS_EBOOKS/WHORKSHOP CRISTIAN MAGALHÃES/IMG_1046.MOV,IMG_1046.MOV,1rw0wpGsZBpYgDa4_O8Qp77dBEI7RHjRb,video/quicktime,619829,2025-12-11T14:18:02.000Z
CURSOS_EBOOKS/WHORKSHOP CRISTIAN MAGALHÃES/IMG_1047.JPEG,IMG_1047.JPEG,1gP_U5WMdlfVI85sywcJOB03aHlS8_2Og,image/jpeg,451136,2025-12-11T14:18:02.000Z
CURSOS_EBOOKS/WHORKSHOP CRISTIAN MAGALHÃES/IMG_1047.MOV,IMG_1047.MOV,1cal1XQXmkmH3cSwQCNtjdN0mR7NRrnKY,video/quicktime,643345,2025-12-11T14:18:02.000Z
CURSOS_EBOOKS/WHORKSHOP CRISTIAN MAGALHÃES/IMG_1048.JPEG,IMG_1048.JPEG,1-dEN_NOqr9KxBZY2NXDNYuTH_Va_5wiU,image/jpeg,454777,2025-12-11T14:18:00.000Z
CURSOS_EBOOKS/WHORKSHOP CRISTIAN MAGALHÃES/IMG_1048.MOV,IMG_1048.MOV,15KamzuLwneZORAEOjx1ZkkbVP5_g_tOL,video/quicktime,1278196,2025-12-11T14:18:00.000Z
CURSOS_EBOOKS/WHORKSHOP CRISTIAN MAGALHÃES/IMG_1049.JPEG,IMG_1049.JPEG,1QnERRJvanUPdtLMfhz2tIDpKTn357Fyr,image/jpeg,481234,2025-12-11T14:18:00.000Z
CURSOS_EBOOKS/WHORKSHOP CRISTIAN MAGALHÃES/IMG_1049.MOV,IMG_1049.MOV,1OzRXEX5njR50Vv809hnBSmdBzjm7RmOF,video/quicktime,1371882,2025-12-11T14:18:00.000Z
CURSOS_EBOOKS/WHORKSHOP CRISTIAN MAGALHÃES/IMG_1050.JPEG,IMG_1050.JPEG,1xBnm1bg8qkaZ4I0G177b_kV8AHOqOlIl,image/jpeg,498585,2025-12-11T14:18:00.000Z
CURSOS_EBOOKS/WHORKSHOP CRISTIAN MAGALHÃES/IMG_1050.MOV,IMG_1050.MOV,1LDBzw-yNPt8LUMHI0fgCpOV8HhDGYbZ3,video/quicktime,1181300,2025-12-11T14:18:00.000Z
CURSOS_EBOOKS/WHORKSHOP CRISTIAN MAGALHÃES/IMG_1051.JPEG,IMG_1051.JPEG,1xyUPRg58-rb0OIgExgHWCAazFfkfOBBR,image/jpeg,430003,2025-12-11T14:18:00.000Z
CURSOS_EBOOKS/WHORKSHOP CRISTIAN MAGALHÃES/IMG_1051.MOV,IMG_1051.MOV,1bw93o0KRYEAJlEPdl_Yl5ditCA2RP1Q4,video/quicktime,621193,2025-12-11T14:18:00.000Z
CURSOS_EBOOKS/WHORKSHOP CRISTIAN MAGALHÃES/IMG_1052.JPEG,IMG_1052.JPEG,1txbfQE3xXhtbJ4TPmQl8UZNlWOyj5tgw,image/jpeg,560169,2025-12-11T14:18:00.000Z
CURSOS_EBOOKS/WHORKSHOP CRISTIAN MAGALHÃES/IMG_1053.JPEG,IMG_1053.JPEG,1suOCkpZjatCqFi0XbX-8mf1Qy1eLMlpl,image/jpeg,593482,2025-12-11T14:18:00.000Z
CURSOS_EBOOKS/WHORKSHOP CRISTIAN MAGALHÃES/IMG_1053.MOV,IMG_1053.MOV,1gszSyjlZrw0bhQEsM5lXB7pdcjKxjXn6,video/quicktime,1150993,2025-12-11T14:18:00.000Z
CURSOS_EBOOKS/WHORKSHOP CRISTIAN MAGALHÃES/IMG_1054.JPEG,IMG_1054.JPEG,1QrQTP_qVtMIyGVK5LaG16j-hr5jvW3Hx,image/jpeg,430480,2025-12-11T14:17:58.000Z
CURSOS_EBOOKS/WHORKSHOP CRISTIAN MAGALHÃES/IMG_1054.MOV,IMG_1054.MOV,1IgHAw2aoM-ES7BAYPO7S--4-cc00TwB_,video/quicktime,1201353,2025-12-11T14:18:00.000Z
CURSOS_EBOOKS/WHORKSHOP CRISTIAN MAGALHÃES/IMG_1055.JPEG,IMG_1055.JPEG,1eBr3BgByEKc1MO9Dfxs1NcVA_xUGhgjR,image/jpeg,481839,2025-12-11T14:17:58.000Z
CURSOS_EBOOKS/WHORKSHOP CRISTIAN MAGALHÃES/IMG_1055.MOV,IMG_1055.MOV,1hsgoEfdcLI2NpBfuW3-6UkGGxm2gHeWt,video/quicktime,1051740,2025-12-11T14:17:58.000Z
CURSOS_EBOOKS/WHORKSHOP CRISTIAN MAGALHÃES/IMG_1056.JPEG,IMG_1056.JPEG,1hgWntwXONO3rf87ntC7RejpLkv9IyvNX,image/jpeg,505116,2025-12-11T14:17:58.000Z
CURSOS_EBOOKS/WHORKSHOP CRISTIAN MAGALHÃES/IMG_1056.MOV,IMG_1056.MOV,1ROEBrFO1A8hNQRzhYu8mryTQbSJoqxBf,video/quicktime,647492,2025-12-11T14:17:58.000Z
CURSOS_EBOOKS/WHORKSHOP CRISTIAN MAGALHÃES/IMG_1057.JPEG,IMG_1057.JPEG,1ARSw_V4iyIkDSRspFP6cLtrjl3ljCiEn,image/jpeg,564148,2025-12-11T14:17:58.000Z
CURSOS_EBOOKS/WHORKSHOP CRISTIAN MAGALHÃES/IMG_1057.MOV,IMG_1057.MOV,1_rgNGyHqLYZv30XgLcKHdPjTpKjx2Ujb,video/quicktime,1265950,2025-12-11T14:17:58.000Z
CURSOS_EBOOKS/WHORKSHOP CRISTIAN MAGALHÃES/IMG_1058.JPEG,IMG_1058.JPEG,1giGj96bGHwmnPChLTWiD2y6qIUn1Ravr,image/jpeg,641498,2025-12-11T14:17:58.000Z
CURSOS_EBOOKS/WHORKSHOP CRISTIAN MAGALHÃES/IMG_1058.MOV,IMG_1058.MOV,1R-aoytoQKgfu5c4KCbJS_Di_NIqHgex9,video/quicktime,1124432,2025-12-11T14:17:58.000Z
CURSOS_EBOOKS/WHORKSHOP CRISTIAN MAGALHÃES/IMG_1059.JPEG,IMG_1059.JPEG,1S7dgu0X4BC1UecOA5uaEf091fIo3xAXG,image/jpeg,874235,2025-12-11T14:17:58.000Z
CURSOS_EBOOKS/WHORKSHOP CRISTIAN MAGALHÃES/IMG_1060.JPEG,IMG_1060.JPEG,1_VeiPEEFmCZQNksdsb5wp8MxaNJRWdRW,image/jpeg,827157,2025-12-11T14:17:58.000Z
CURSOS_EBOOKS/WHORKSHOP CRISTIAN MAGALHÃES/IMG_1060.MOV,IMG_1060.MOV,1jTEgRRtWUvLbXVwETFaswKgeccT7Vojp,video/quicktime,1537663,2025-12-11T14:17:58.000Z
CURSOS_EBOOKS/WHORKSHOP CRISTIAN MAGALHÃES/IMG_1061.JPEG,IMG_1061.JPEG,1KNWMCMlC5B0fq5OSGb8a-kRVK9zXSp2t,image/jpeg,518692,2025-12-11T14:17:56.000Z
CURSOS_EBOOKS/WHORKSHOP CRISTIAN MAGALHÃES/IMG_1061.MOV,IMG_1061.MOV,1S0a2xRYUIqPGo4Z2td6-zMHR9qKSFVHY,video/quicktime,1210167,2025-12-11T14:17:56.000Z
CURSOS_EBOOKS/WHORKSHOP CRISTIAN MAGALHÃES/IMG_1062.JPEG,IMG_1062.JPEG,16XAE8u-1rYNlg8JP_qXuco5U5GkCLRN3,image/jpeg,619716,2025-12-11T14:17:56.000Z
CURSOS_EBOOKS/WHORKSHOP CRISTIAN MAGALHÃES/IMG_1063.JPEG,IMG_1063.JPEG,10icnyuTaz9Kh4mIGngGpPCrl082lp-GJ,image/jpeg,589547,2025-12-11T14:17:56.000Z
CURSOS_EBOOKS/WHORKSHOP CRISTIAN MAGALHÃES/IMG_1063.MOV,IMG_1063.MOV,1C8sOs0N_Jdqwf5pnCCBuabaac1NpAuBd,video/quicktime,1188691,2025-12-11T14:17:56.000Z
CURSOS_EBOOKS/WHORKSHOP CRISTIAN MAGALHÃES/IMG_1064.JPEG,IMG_1064.JPEG,1BWNC-SM2XgiXeqBtbjx4x3b-l3buI5k6,image/jpeg,498677,2025-12-11T14:17:56.000Z
CURSOS_EBOOKS/WHORKSHOP CRISTIAN MAGALHÃES/IMG_1064.MOV,IMG_1064.MOV,1OjesJ8C2dCJ6dGln7NvbcWMA-7HcIDPb,video/quicktime,1248648,2025-12-11T14:17:56.000Z
CURSOS_EBOOKS/WHORKSHOP CRISTIAN MAGALHÃES/IMG_1065.JPEG,IMG_1065.JPEG,1nfTdDMWGZ-rSq0eKlqLMjRvrGNSYGGXj,image/jpeg,652667,2025-12-11T14:17:56.000Z
CURSOS_EBOOKS/WHORKSHOP CRISTIAN MAGALHÃES/IMG_1065.MOV,IMG_1065.MOV,1dS57Brllig21YSYPWddc8zSEUXDT7zUE,video/quicktime,1496027,2025-12-11T14:17:56.000Z
CURSOS_EBOOKS/WHORKSHOP CRISTIAN MAGALHÃES/IMG_1066.JPEG,IMG_1066.JPEG,1K0Neg-5xvy3LGRH98H-O9KLmsXkfn0mX,image/jpeg,601193,2025-12-11T14:17:54.000Z
CURSOS_EBOOKS/WHORKSHOP CRISTIAN MAGALHÃES/IMG_1066.MOV,IMG_1066.MOV,1LdpzCOWStOhlKwM8Taiqb0fnEDZ-Nf3T,video/quicktime,514490,2025-12-11T14:17:56.000Z
CURSOS_EBOOKS/WHORKSHOP CRISTIAN MAGALHÃES/IMG_1067.JPEG,IMG_1067.JPEG,1NyI3UulrsKAoKcF4xyJ9pXIEqLbM3Bi5,image/jpeg,663045,2025-12-11T14:17:54.000Z
CURSOS_EBOOKS/WHORKSHOP CRISTIAN MAGALHÃES/IMG_1067.MOV,IMG_1067.MOV,1v3wh3JMrsRd8UKzGoG5mrm_exZXBMS8v,video/quicktime,810474,2025-12-11T14:17:54.000Z
CURSOS_EBOOKS/WHORKSHOP CRISTIAN MAGALHÃES/IMG_1068.JPEG,IMG_1068.JPEG,1XYgvgugDSDgNwo0162csVUNNICzzZxyb,image/jpeg,685013,2025-12-11T14:17:54.000Z
CURSOS_EBOOKS/WHORKSHOP CRISTIAN MAGALHÃES/IMG_1068.MOV,IMG_1068.MOV,1KAl_6GyWqc-GvbIG2ydI2An3cw_hZjJ9,video/quicktime,804649,2025-12-11T14:17:54.000Z
CURSOS_EBOOKS/WHORKSHOP CRISTIAN MAGALHÃES/IMG_1069.JPEG,IMG_1069.JPEG,1BvXbCablCN3umdghwt_U2BqCg0VSr1UK,image/jpeg,508836,2025-12-11T14:17:54.000Z
CURSOS_EBOOKS/WHORKSHOP CRISTIAN MAGALHÃES/IMG_1069.MOV,IMG_1069.MOV,13O1EufhePzYswD0WgHD57uHv7upUmn-r,video/quicktime,1120051,2025-12-11T14:17:54.000Z
CURSOS_EBOOKS/WHORKSHOP CRISTIAN MAGALHÃES/IMG_1070.JPEG,IMG_1070.JPEG,1MvefRo43oWsjgohUCZtKl1tqXAee392j,image/jpeg,535997,2025-12-11T14:17:54.000Z
CURSOS_EBOOKS/WHORKSHOP CRISTIAN MAGALHÃES/IMG_1070.MOV,IMG_1070.MOV,1uW_ju2gbiN29V97yzRj_vpbOdmz6zZG8,video/quicktime,1376914,2025-12-11T14:17:54.000Z
CURSOS_EBOOKS/WHORKSHOP CRISTIAN MAGALHÃES/IMG_1071.JPEG,IMG_1071.JPEG,1V1TGnOy0WCJ1ZmAlFoccRJvXkMu4n6ae,image/jpeg,565821,2025-12-11T14:17:54.000Z
CURSOS_EBOOKS/WHORKSHOP CRISTIAN MAGALHÃES/IMG_1071.MOV,IMG_1071.MOV,1IR9WhLZYjPKWTgelmhoH9zu2mh4Kjc-e,video/quicktime,1435176,2025-12-11T14:17:54.000Z
CURSOS_EBOOKS/WHORKSHOP CRISTIAN MAGALHÃES/IMG_1072.JPEG,IMG_1072.JPEG,1fD-xuEOEzMbwd2gKwwUbYhoqeG-xyY6y,image/jpeg,556122,2025-12-11T14:17:54.000Z
CURSOS_EBOOKS/WHORKSHOP CRISTIAN MAGALHÃES/IMG_1072.MOV,IMG_1072.MOV,1xphs6HImGiM9MQ5mCM2FBE0jdcxt-uLM,video/quicktime,811897,2025-12-11T14:17:54.000Z
CURSOS_EBOOKS/WHORKSHOP CRISTIAN MAGALHÃES/IMG_1073.JPEG,IMG_1073.JPEG,1Xo5Z5e4o4XePzenoyElFkrLkoD4vva0g,image/jpeg,646575,2025-12-11T14:17:54.000Z
CURSOS_EBOOKS/WHORKSHOP CRISTIAN MAGALHÃES/IMG_1074.JPEG,IMG_1074.JPEG,1X92MfHAVczh2rau9Q-UY7Xkmt_jwVIR2,image/jpeg,671197,2025-12-11T14:17:54.000Z
CURSOS_EBOOKS/WHORKSHOP CRISTIAN MAGALHÃES/IMG_1074.MOV,IMG_1074.MOV,1YoJLgh-yJFoLdzY8U2aXz0aP-HdOBjJY,video/quicktime,488304,2025-12-11T14:17:54.000Z
CURSOS_EBOOKS/WHORKSHOP CRISTIAN MAGALHÃES/IMG_1096.JPEG,IMG_1096.JPEG,1UqxyYOBr4D4jmVD8iaOdpbvEmHc_LJGN,image/jpeg,624344,2025-12-11T14:33:10.000Z
CURSOS_EBOOKS/WHORKSHOP CRISTIAN MAGALHÃES/IMG_1096.MOV,IMG_1096.MOV,170tUMh58G7SyqmLe0FvTuC6szjAR_le0,video/quicktime,731676,2025-12-11T14:33:10.000Z
CURSOS_EBOOKS/WHORKSHOP CRISTIAN MAGALHÃES/IMG_1097.JPEG,IMG_1097.JPEG,1WynbKHHzmNDCAqg2kIicopN1drNqAIf8,image/jpeg,758603,2025-12-11T14:33:10.000Z
CURSOS_EBOOKS/WHORKSHOP CRISTIAN MAGALHÃES/IMG_1098.JPEG,IMG_1098.JPEG,1JelZhn8A_9M5EpOeBOtf8ClTUEIvLgQG,image/jpeg,766964,2025-12-11T14:33:10.000Z
CURSOS_EBOOKS/WHORKSHOP CRISTIAN MAGALHÃES/IMG_1098.MOV,IMG_1098.MOV,1pJVfP43Lgg-i5anaqGnmqNdSkiNO2aCg,video/quicktime,1249220,2025-12-11T14:33:10.000Z
CURSOS_EBOOKS/WHORKSHOP CRISTIAN MAGALHÃES/IMG_1099.JPEG,IMG_1099.JPEG,1eSzKsUCePPNGnSodOUZ5agkoL-ZcmahI,image/jpeg,702564,2025-12-11T14:33:10.000Z
CURSOS_EBOOKS/WHORKSHOP CRISTIAN MAGALHÃES/IMG_1099.MOV,IMG_1099.MOV,1PL0lAS24-3ImXHcJ1u1r4dbKMIWTbUly,video/quicktime,1268936,2025-12-11T14:33:10.000Z
CURSOS_EBOOKS/WHORKSHOP CRISTIAN MAGALHÃES/IMG_1100.JPEG,IMG_1100.JPEG,17TUSzxgPS5iwuJQPqWj4osvBhvbYCY_U,image/jpeg,873616,2025-12-11T14:33:08.000Z
CURSOS_EBOOKS/WHORKSHOP CRISTIAN MAGALHÃES/IMG_1100.MOV,IMG_1100.MOV,1ZqrEOeoP3ct_QGt8Ax6d3K4L5Ut5hEv7,video/quicktime,1392765,2025-12-11T14:33:10.000Z
FOTOS ANIVERSARIO ELOAH _3 ANOS,FOTOS ANIVERSARIO ELOAH _3 ANOS,1AJ8Er5JYoxfyOUDYYycNkbWg5_2iMxxK,application/vnd.google-apps.folder,,2026-07-05T23:44:56.000Z
FOTOS ANIVERSARIO ELOAH _3 ANOS/IMG_5174.heic,IMG_5174.heic,10ebgQUG_6x-QzemSm2V52fnRyHn5mxSq,image/heif,1033894,2026-05-31T17:34:02.000Z
FOTOS ANIVERSARIO ELOAH _3 ANOS/IMG_5175.HEIC,IMG_5175.HEIC,16vYGdnaRprHitaPqwkjf7OCjd4wuQQyi,image/heif,1780768,2026-05-31T18:01:23.000Z
FOTOS ANIVERSARIO ELOAH _3 ANOS/IMG_5177.HEIC,IMG_5177.HEIC,1UYNSsaOzSvEJTkvPuoDow_jZAAc_UcMy,image/heif,1917341,2026-05-31T18:01:16.000Z
FOTOS ANIVERSARIO ELOAH _3 ANOS/IMG_5179.HEIC,IMG_5179.HEIC,190Jr_mDRfjItq2is_O4nOt2ALOM6RPCP,image/heif,1697212,2026-05-31T18:01:05.000Z
FOTOS ANIVERSARIO ELOAH _3 ANOS/IMG_5181.HEIC,IMG_5181.HEIC,1KWuUli1p3h98_zxg1UBn97jpa6vUPI6h,image/heif,442725,2026-05-31T18:01:25.000Z
FOTOS ANIVERSARIO ELOAH _3 ANOS/IMG_5183.HEIC,IMG_5183.HEIC,1x8VWjIjhBTOTANaPpF6Sb9CjNKfvSPHm,image/heif,1805696,2026-05-31T18:00:56.000Z
FOTOS ANIVERSARIO ELOAH _3 ANOS/IMG_5184.HEIC,IMG_5184.HEIC,1FX0WTDNQ9rfn4Bh5c8eD6gYkszXz2TA4,image/heif,1901835,2026-05-31T18:01:35.000Z
FOTOS ANIVERSARIO ELOAH _3 ANOS/IMG_5185.HEIC,IMG_5185.HEIC,169b435n_bOwihg9-mvwGlzP4NNWyOzy1,image/heif,1790719,2026-05-31T20:10:02.000Z
FOTOS ANIVERSARIO ELOAH _3 ANOS/IMG_5186.HEIC,IMG_5186.HEIC,1Vf_rEk-9RgqKkuFkgRlfWw1NDqqdPYcJ,image/heif,1928624,2026-05-31T18:01:41.000Z
FOTOS ANIVERSARIO ELOAH _3 ANOS/IMG_5189.heic,IMG_5189.heic,19eHLlAkzvxB_RYt8jD2-ZoLeHVGE1trQ,image/heif,994700,2026-05-31T17:35:10.000Z
FOTOS ANIVERSARIO ELOAH _3 ANOS/IMG_5190.heic,IMG_5190.heic,1heZC6zP6XwVCwzXp0wg4419RRw3EBEyw,image/heif,1190989,2026-05-31T17:35:12.000Z
FOTOS ANIVERSARIO ELOAH _3 ANOS/IMG_5191.heic,IMG_5191.heic,161pozBUJwKNTAWN1nlxj86RFUmp8W5OK,image/heif,1245230,2026-05-31T17:35:13.000Z
FOTOS ANIVERSARIO ELOAH _3 ANOS/IMG_5194.heic,IMG_5194.heic,1JzXNUQH-xKTF3dDFzq55H_bnfqvIL_CY,image/heif,1223284,2026-05-31T17:35:21.000Z
FOTOS ANIVERSARIO ELOAH _3 ANOS/IMG_5196.HEIC,IMG_5196.HEIC,1dY6xf_kNsutnoRSfD5HJ3WVOJbMqk2Pn,image/heif,1743535,2026-05-31T18:02:23.000Z
FOTOS ANIVERSARIO ELOAH _3 ANOS/IMG_5197.HEIC,IMG_5197.HEIC,1QiwxXEHMUsrFd78uE_sNC5o1RI6l0QCN,image/heif,1769998,2026-05-31T18:02:18.000Z
FOTOS ANIVERSARIO ELOAH _3 ANOS/IMG_5200.HEIC,IMG_5200.HEIC,1ci5kYh-2BlgZEljMAM2SldfM3dTuet46,image/heif,1817156,2026-05-31T18:02:11.000Z
FOTOS ANIVERSARIO ELOAH _3 ANOS/IMG_5201.HEIC,IMG_5201.HEIC,1ef2aoGEYsgwspucb0wNILsfAWa5v8YOA,image/heif,430133,2026-05-31T18:02:30.000Z
FOTOS ANIVERSARIO ELOAH _3 ANOS/IMG_5203.HEIC,IMG_5203.HEIC,19t9UMjJTWLteE9gKaZ3XAUaoaZu-dOc7,image/heif,1845928,2026-05-31T18:02:39.000Z
FOTOS ANIVERSARIO ELOAH _3 ANOS/IMG_5204.HEIC,IMG_5204.HEIC,1ooJKOlh9pToxSOwve5zihGy7IHRU4KWZ,image/heif,1802130,2026-05-31T17:37:54.000Z
FOTOS ANIVERSARIO ELOAH _3 ANOS/IMG_5206.HEIC,IMG_5206.HEIC,1AT9jLskwCMznyybrBWXqy1eFZVP_Xb2v,image/heif,1878155,2026-05-31T17:37:41.000Z
FOTOS ANIVERSARIO ELOAH _3 ANOS/IMG_5207.HEIC,IMG_5207.HEIC,1gcrQYvyNbxxODGqVDGa8dITBF8Ht6jkv,image/heif,1886314,2026-05-31T17:37:45.000Z
FOTOS ANIVERSARIO ELOAH _3 ANOS/IMG_5209.HEIC,IMG_5209.HEIC,186ESXYYbK2OHNodWGMANcNwf7esG4GF2,image/heif,1881200,2026-05-31T17:37:51.000Z
FOTOS ANIVERSARIO ELOAH _3 ANOS/IMG_5221.heic,IMG_5221.heic,1D6W1JzAB6wHFHqSbkjtV3bdq906Bt3Wz,image/heif,1315809,2026-05-31T17:39:38.000Z
FOTOS ANIVERSARIO ELOAH _3 ANOS/IMG_5227.heic,IMG_5227.heic,1mi4pnaRJ6WhkTp_7Aw1p__kvsnbAl389,image/heif,1522568,2026-05-31T17:39:54.000Z
FOTOS ANIVERSARIO ELOAH _3 ANOS/IMG_5233.heic,IMG_5233.heic,17IYD4vYSmmBxieq2Zn4npW5uvGN6l5oB,image/heif,1464471,2026-05-31T17:40:26.000Z
FOTOS ANIVERSARIO ELOAH _3 ANOS/IMG_5234.heic,IMG_5234.heic,1ZXhnTTDmngPyAwvHlxnCRPxaqtqrlMRp,image/heif,1671992,2026-05-31T17:40:28.000Z
FOTOS ANIVERSARIO ELOAH _3 ANOS/IMG_5235.heic,IMG_5235.heic,1f1xOYyXu6x-OH3scWAw1aCcSSB8WutJd,image/heif,1593790,2026-05-31T17:40:30.000Z
FOTOS ANIVERSARIO ELOAH _3 ANOS/IMG_5239.heic,IMG_5239.heic,1p_i5-tKZQ-v4Mul4c2wIcN6Zgvh8CtIC,image/heif,1185278,2026-05-31T17:40:42.000Z
FOTOS ANIVERSARIO ELOAH _3 ANOS/IMG_5240.heic,IMG_5240.heic,10jYnSMdhpx8N4h_eZtAyyNbhXtWO4_e5,image/heif,1362627,2026-05-31T17:40:44.000Z
FOTOS ANIVERSARIO ELOAH _3 ANOS/IMG_5248.HEIC,IMG_5248.HEIC,1pfXyOTs4mRHieHOmpHGh50i1dX9KCgjA,image/heif,1797330,2026-05-31T20:11:26.000Z
FOTOS ANIVERSARIO ELOAH _3 ANOS/IMG_5249.HEIC,IMG_5249.HEIC,19nVEniMxZmukmbFrlkU3yFxv0Q7R5KkJ,image/heif,1704205,2026-05-31T18:03:29.000Z
FOTOS ANIVERSARIO ELOAH _3 ANOS/IMG_5251.HEIC,IMG_5251.HEIC,1q75A6U4NLVT3PzSC5EeBcIa-p_C-Xc2S,image/heif,1709702,2026-05-31T20:11:28.000Z
FOTOS ANIVERSARIO ELOAH _3 ANOS/IMG_5254.HEIC,IMG_5254.HEIC,1IsZ8g3i9Oq16bh48-gdv7SU81p7W22Ie,image/heif,2434784,2026-05-31T20:11:36.000Z
FOTOS ANIVERSARIO ELOAH _3 ANOS/IMG_5257.HEIC,IMG_5257.HEIC,1rzK6_SrOrDXy0jWP7OyC1VCB35oQ-pVo,image/heif,2775605,2026-05-31T20:11:52.000Z
FOTOS ANIVERSARIO ELOAH _3 ANOS/IMG_5259.HEIC,IMG_5259.HEIC,1iCX4eq9Iz65eg21dgGPDV0YdpTMi335T,image/heif,2764822,2026-05-31T20:13:44.000Z
FOTOS ANIVERSARIO ELOAH _3 ANOS/IMG_5260.HEIC,IMG_5260.HEIC,14kLttfzJxDpLUADM2Mwzl2-fdnTht5xt,image/heif,2893191,2026-05-31T20:13:38.000Z
FOTOS ANIVERSARIO ELOAH _3 ANOS/IMG_5270.HEIC,IMG_5270.HEIC,1AykuYyvPadT_83_tvv-r2edTIE4XNh1S,image/heif,2713918,2026-05-31T20:12:09.000Z
FOTOS ANIVERSARIO ELOAH _3 ANOS/IMG_5272.HEIC,IMG_5272.HEIC,1NUWbUswOPiUHADuURCdcXwxsEvHZrI67,image/heif,2485111,2026-05-31T18:04:03.000Z
FOTOS ANIVERSARIO ELOAH _3 ANOS/IMG_5273.HEIC,IMG_5273.HEIC,1rd5fOavWJ62iiGgJQXa60eo7jWUmlyPJ,image/heif,1486367,2026-05-31T17:45:54.000Z
FOTOS ANIVERSARIO ELOAH _3 ANOS/IMG_5274.heic,IMG_5274.heic,14JdnVu2r6J9RiR9oFabEOgmyM52TmYOv,image/heif,1427007,2026-05-31T17:45:56.000Z
FOTOS ANIVERSARIO ELOAH _3 ANOS/IMG_5278.HEIC,IMG_5278.HEIC,1F8AQijj5E2nYjgRcZNETG9H834FYyaPE,image/heif,404544,2026-05-31T20:12:55.000Z
FOTOS ANIVERSARIO ELOAH _3 ANOS/IMG_5281.HEIC,IMG_5281.HEIC,12g6tfOsNmdgt6_PrRsSvrcD0knKTFqpQ,image/heif,1740775,2026-05-31T20:13:06.000Z
FOTOS ANIVERSARIO ELOAH _3 ANOS/IMG_5283.HEIC,IMG_5283.HEIC,1QIs8FzLeIN3YtO-P5K6Pq9p-mgEqNvrs,image/heif,1763368,2026-05-31T18:04:13.000Z
FOTOS ANIVERSARIO ELOAH _3 ANOS/IMG_5284.HEIC,IMG_5284.HEIC,1cMxS__BQdRpxxGjpIOY2xyTfROr2hC44,image/heif,1715015,2026-05-31T20:13:10.000Z
FOTOS ANIVERSARIO ELOAH _3 ANOS/IMG_5290.HEIC,IMG_5290.HEIC,1_em2sJ8K5jycmv1EZim7FBV25qc6XACA,image/heif,1373969,2026-05-31T20:13:27.000Z
FOTOS ANIVERSARIO ELOAH _3 ANOS/IMG_5292.HEIC,IMG_5292.HEIC,1a7NlGVPb_gH-yIvpgtXNHO6yanQMir6C,image/heif,1438899,2026-05-31T20:13:21.000Z
FOTOS ANIVERSARIO ELOAH _3 ANOS/IMG_5293.HEIC,IMG_5293.HEIC,12zMzkCFRUAEimlOo5CsHm7URRJsYGxMc,image/heif,1496297,2026-05-31T20:13:24.000Z
FOTOS ANIVERSARIO ELOAH _3 ANOS/IMG_5294.HEIC,IMG_5294.HEIC,10qLd2CyDuTcBc2dsQCo_0FpoNZtBZhA4,image/heif,1512722,2026-05-31T18:04:23.000Z
FOTOS ANIVERSARIO ELOAH _3 ANOS/IMG_5298.HEIC,IMG_5298.HEIC,1KvL41yYx6VI9zmNxlmcYJDeehjnRRSjq,image/heif,1444365,2026-05-31T17:48:28.000Z
FOTOS ANIVERSARIO ELOAH _3 ANOS/IMG_5302.HEIC,IMG_5302.HEIC,1EtQDy6gIoUSqHlklO7xm2ytuMgZQnbpn,image/heif,1552794,2026-05-31T18:05:05.000Z
FOTOS ANIVERSARIO ELOAH _3 ANOS/IMG_5303.jpg,IMG_5303.jpg,1r09m2vunZ40S9IFZjjzsBw9QBpZw6ng9,image/jpeg,1567998,2026-05-31T17:48:17.000Z
FOTOS ANIVERSARIO ELOAH _3 ANOS/IMG_5304.jpg,IMG_5304.jpg,1rIaO6OYt3x8sT8YaejodW7UuVZ4E2e5W,image/jpeg,1545862,2026-05-31T17:48:18.000Z
FOTOS ANIVERSARIO ELOAH _3 ANOS/IMG_5305.jpg,IMG_5305.jpg,1Q3q3dVfX6PqW8rLlOjcCmLkRttHYF33_,image/jpeg,1607047,2026-05-31T17:48:19.000Z
FOTOS ANIVERSARIO ELOAH _3 ANOS/IMG_5307.jpg,IMG_5307.jpg,1GVhiFKtC7venOLktk4V1FimAce9wVwnR,image/jpeg,1613010,2026-05-31T17:48:20.000Z
FOTOS ANIVERSARIO ELOAH _3 ANOS/IMG_5308.jpg,IMG_5308.jpg,1BAQprowe8pyommWIfpx11N3VJrvMyt2b,image/jpeg,1685996,2026-05-31T17:48:21.000Z
FOTOS ANIVERSARIO ELOAH _3 ANOS/IMG_5309.jpg,IMG_5309.jpg,15lxBYsQiy_JnyUak94oNFCdnqH3xBq5K,image/jpeg,1675721,2026-05-31T17:48:22.000Z
FOTOS ANIVERSARIO ELOAH _3 ANOS/IMG_5310.jpg,IMG_5310.jpg,1P2JYXyqUeeiVCk4wvl2WacL_wYL0pTN5,image/jpeg,1672089,2026-05-31T17:48:22.000Z
FOTOS ANIVERSARIO ELOAH _3 ANOS/IMG_5315.HEIC,IMG_5315.HEIC,1njhAZgJU8EuZCoaiOQG-7XSc8KN5w_6f,image/heif,1579895,2026-05-31T20:14:36.000Z
FOTOS ANIVERSARIO ELOAH _3 ANOS/IMG_5318.HEIC,IMG_5318.HEIC,1COUu5x_EFzX7rsYigdslXowbXJk4Zl3v,image/heif,1912639,2026-05-31T18:05:28.000Z
FOTOS ANIVERSARIO ELOAH _3 ANOS/IMG_5319.HEIC,IMG_5319.HEIC,1bu1T4GlIIaNbSKyuzrfDLmBcW5Yf5XY5,image/heif,1934244,2026-05-31T17:53:49.000Z
FOTOS ANIVERSARIO ELOAH _3 ANOS/IMG_5322.HEIC,IMG_5322.HEIC,1rQHn8rZ6ZtObdOUHt4WrBGAMOQq14qZ7,image/heif,1605073,2026-05-31T18:05:33.000Z
FOTOS ANIVERSARIO ELOAH _3 ANOS/IMG_5334.HEIC,IMG_5334.HEIC,1E0W7eeHCyhU9jbvbhbeJb9xjByn7nh1L,image/heif,1539510,2026-05-31T18:05:48.000Z
FOTOS ANIVERSARIO ELOAH _3 ANOS/IMG_5336.HEIC,IMG_5336.HEIC,13wD0sqK4fGXzAxfhda4FyMPLXhG7wJr-,image/heif,1443685,2026-05-31T17:56:44.000Z
FOTOS ANIVERSARIO ELOAH _3 ANOS/IMG_5342.HEIC,IMG_5342.HEIC,19_-rC7P-YC7CIwPD98jNh6Y6XB8LXoOJ,image/heif,1757608,2026-05-31T20:16:34.000Z
FOTOS ANIVERSARIO ELOAH _3 ANOS/IMG_5345.HEIC,IMG_5345.HEIC,1vfVSMKz3zxpGRUpZEouhF3sTxmcMVr_M,image/heif,2410692,2026-05-31T18:10:02.000Z
FOTOS ANIVERSARIO ELOAH _3 ANOS/IMG_5363.HEIC,IMG_5363.HEIC,1-kWf5Qi6oYrjZ4Db3KXLY1VIQGcKBHIS,image/heif,1301839,2026-05-31T18:10:32.000Z
FOTOS ANIVERSARIO ELOAH _3 ANOS/IMG_5364.heic,IMG_5364.heic,1jxRimbVThgn9U5mt4-afXk5-kMW1BiIL,image/heif,903253,2026-05-31T18:10:33.000Z
FOTOS ANIVERSARIO ELOAH _3 ANOS/IMG_5366.heic,IMG_5366.heic,1SiaC_JdeMJurqDhcR_rgrF9wbzXhK2uc,image/heif,863715,2026-05-31T18:10:40.000Z
FOTOS ANIVERSARIO ELOAH _3 ANOS/IMG_5367.heic,IMG_5367.heic,1u11KzMSxFooHsMnmLRXxDbSMHIctS-xi,image/heif,1151925,2026-05-31T18:10:42.000Z
FOTOS ANIVERSARIO ELOAH _3 ANOS/IMG_5368.heic,IMG_5368.heic,15s-wAttOIa8IK9mOCUb63kttzF85n9Wh,image/heif,2273342,2026-05-31T18:10:48.000Z
FOTOS ANIVERSARIO ELOAH _3 ANOS/IMG_5369.heic,IMG_5369.heic,1akXvmuEDRElG1qbQZUmfDJ3NIVCed3Qr,image/heif,2368415,2026-05-31T18:10:50.000Z
FOTOS ANIVERSARIO ELOAH _3 ANOS/IMG_5375.jpg,IMG_5375.jpg,13Y2MpSBkhLEvXArc7oTuztS-JLUWCDnP,image/jpeg,1776954,2026-05-31T18:14:52.000Z
FOTOS ANIVERSARIO ELOAH _3 ANOS/IMG_5377.jpg,IMG_5377.jpg,12NWEPqygfijhr3ef6BcMHw6XSLV_xgKb,image/jpeg,1736409,2026-05-31T18:16:00.000Z
JADIELSON/COMUNICAÇÃO/E-SIM CLARO.png,E-SIM CLARO.png,1C_hO6A-RfBGyXUp4ya0iSm1AD1G4nfPg,image/png,111150,2026-04-09T23:23:51.000Z
JADIELSON/PESSOAIS - JADIELSON/AYLA/C0056.MP4,C0056.MP4,1GfXcEloH7d4TT2MOMUiN-PrDlFnuLrpT,video/mp4,117461192,2024-12-05T14:45:46.000Z
JADIELSON/PESSOAIS - JADIELSON/AYLA/C0057.MP4,C0057.MP4,11F6Lwg3OUdBEkK5ic0EQyO5D0yko56x0,video/mp4,167799959,2024-12-05T14:45:48.000Z
JADIELSON/PESSOAIS - JADIELSON/AYLA/C0058.MP4,C0058.MP4,1OFBL6IQ8HAEspShJ9Pn_B9ojpIvIdhee,video/mp4,197164208,2024-12-05T14:45:52.000Z
JADIELSON/PESSOAIS - JADIELSON/AYLA/C0059.MP4,C0059.MP4,15CqW8MzMWR1iKwj6oLQM69Z8jRXRYA4_,video/mp4,192946197,2024-12-05T14:45:57.000Z
JADIELSON/PESSOAIS - JADIELSON/AYLA/LGK09562.ARW,LGK09562.ARW,14DBhrpEkKrzSAlMPnxTjqDETMUM029l3,image/x-sony-arw,49186304,2018-01-20T09:27:46.000Z
JADIELSON/PESSOAIS - JADIELSON/AYLA/LGK09563.ARW,LGK09563.ARW,1FwPxabHGsk0KyM-wWyVu4cCaR7M1o-at,image/x-sony-arw,49128960,2018-01-20T09:32:34.000Z
JADIELSON/PESSOAIS - JADIELSON/AYLA/LGK09564.ARW,LGK09564.ARW,15VO9K7q5tF2dq0xFuntBRIBqnwTR3c0k,image/x-sony-arw,49161728,2018-01-20T09:32:38.000Z
JADIELSON/PESSOAIS - JADIELSON/AYLA/LGK09565.ARW,LGK09565.ARW,1ZK7ckrlA3783aV4mRbwZEsS2CV_wNYew,image/x-sony-arw,49133056,2018-01-20T09:32:40.000Z
JADIELSON/PESSOAIS - JADIELSON/AYLA/LGK09566.ARW,LGK09566.ARW,1ma4C6Z_gUUqQAS_a0eLlEBHvbHBvYnZz,image/x-sony-arw,49092096,2018-01-20T09:32:44.000Z
JADIELSON/PESSOAIS - JADIELSON/AYLA/LGK09567.ARW,LGK09567.ARW,14Q8zjanz1tbtQTQZdX7dJzSSKIcdrGBT,image/x-sony-arw,49149440,2018-01-20T09:32:46.000Z
JADIELSON/PESSOAIS - JADIELSON/AYLA/LGK09568.ARW,LGK09568.ARW,13MCE8-2UKCowQN5rUicEtVqqCpnwN3c-,image/x-sony-arw,49120768,2018-01-20T09:32:46.000Z
JADIELSON/PESSOAIS - JADIELSON/AYLA/LGK09569.ARW,LGK09569.ARW,14VZbTj3uGtqPyu0g1Gx0I8P5XjwEQuwD,image/x-sony-arw,49198592,2018-01-20T09:32:50.000Z
JADIELSON/PESSOAIS - JADIELSON/AYLA/LGK09570.ARW,LGK09570.ARW,1t-vmhkebS4-tnBHLjePPfdp7lftopQOF,image/x-sony-arw,49120768,2018-01-20T09:33:28.000Z
JADIELSON/PESSOAIS - JADIELSON/AYLA/LGK09571.ARW,LGK09571.ARW,1X6t6rXXiyvAepoVUdRfOZcrtXfZzXQEY,image/x-sony-arw,49120768,2018-01-20T09:33:28.000Z
JADIELSON/PESSOAIS - JADIELSON/AYLA/LGK09572.ARW,LGK09572.ARW,1OLDT7SQeaqhrw4CFLHn7uIIdvmozl6cB,image/x-sony-arw,49116672,2018-01-20T09:33:28.000Z
JADIELSON/PESSOAIS - JADIELSON/AYLA/LGK09573.ARW,LGK09573.ARW,1gYmzRD7H-kY_fzPlljWOElqsdl2uvSn9,image/x-sony-arw,49133056,2018-01-20T09:33:46.000Z
JADIELSON/PESSOAIS - JADIELSON/AYLA/LGK09574.ARW,LGK09574.ARW,1gnpxpOgHcghboN0LYLpvl2dCeZPIet57,image/x-sony-arw,49153536,2018-01-20T09:33:46.000Z
JADIELSON/PESSOAIS - JADIELSON/AYLA/LGK09575.ARW,LGK09575.ARW,1TM9YkD0RmpieKEg0c74AhV6Di_uw67FR,image/x-sony-arw,49079808,2018-01-20T09:34:02.000Z
JADIELSON/PESSOAIS - JADIELSON/AYLA/LGK09576.ARW,LGK09576.ARW,1iSIB3isqFhLtj1TEEbgfvKIQt6LjFeF9,image/x-sony-arw,49096192,2018-01-20T09:34:04.000Z
JADIELSON/PESSOAIS - JADIELSON/AYLA/LGK09577.ARW,LGK09577.ARW,1mTF5Rc3Mk6ZXA8Aabn8iS32b0tRP1Bqx,image/x-sony-arw,49100288,2018-01-20T09:34:04.000Z
JADIELSON/PESSOAIS - JADIELSON/AYLA/LGK09578.ARW,LGK09578.ARW,1ywIl-lTW1NL74R_SzKtuILHaeAvhm_rN,image/x-sony-arw,49092096,2018-01-20T09:34:04.000Z
JADIELSON/PESSOAIS - JADIELSON/AYLA/LGK09579.ARW,LGK09579.ARW,11WzVdFxqFq2qGTHTMl23jp_TPsqh5epi,image/x-sony-arw,49096192,2018-01-20T09:34:06.000Z
JADIELSON/PESSOAIS - JADIELSON/AYLA/LGK09580.ARW,LGK09580.ARW,16RAP0ffVrQEDho70m5XdnQBPoalAzKq6,image/x-sony-arw,49096192,2018-01-20T09:34:06.000Z
JADIELSON/PESSOAIS - JADIELSON/AYLA/LGK09581.ARW,LGK09581.ARW,1KienthuwxRHdN693vTWxk2ZOwlGaMdHS,image/x-sony-arw,49100288,2018-01-20T09:34:06.000Z
JADIELSON/PESSOAIS - JADIELSON/AYLA/LGK09582.ARW,LGK09582.ARW,1DMQYtFPM7-91KuyqUT5473J2Tpg16dL-,image/x-sony-arw,49104384,2018-01-20T09:34:08.000Z
JADIELSON/PESSOAIS - JADIELSON/AYLA/LGK09583.ARW,LGK09583.ARW,1nsbkHD4Nu3q3aVF0pkzXriX-bzg-gSp1,image/x-sony-arw,49112576,2018-01-20T09:35:22.000Z
JADIELSON/PESSOAIS - JADIELSON/AYLA/LGK09584.ARW,LGK09584.ARW,1flaj3XtL43gV04XNJQ7vbS1HqA6JDfB9,image/x-sony-arw,49104384,2018-01-20T09:35:22.000Z
JADIELSON/PESSOAIS - JADIELSON/AYLA/LGK09585.ARW,LGK09585.ARW,16OhhLpNna1bsgZEn2Zk8M1TsP3xal87k,image/x-sony-arw,49112576,2018-01-20T09:35:24.000Z
JADIELSON/PESSOAIS - JADIELSON/AYLA/LGK09586.ARW,LGK09586.ARW,1Jhv_xUQz-z_8BGshS68s-8ScXAi9cQLw,image/x-sony-arw,49120768,2018-01-20T09:35:24.000Z
JADIELSON/PESSOAIS - JADIELSON/AYLA/LGK09587.ARW,LGK09587.ARW,1trmUUG75nfupoxiaD1WnUVuvrW3Spfbu,image/x-sony-arw,49108480,2018-01-20T09:35:26.000Z
JADIELSON/PESSOAIS - JADIELSON/AYLA/LGK09588.ARW,LGK09588.ARW,12iQrS3BF-8zcy2oGFJulzJBIL1buPqo2,image/x-sony-arw,49112576,2018-01-20T09:35:26.000Z
JADIELSON/PESSOAIS - JADIELSON/AYLA/LGK09589.ARW,LGK09589.ARW,10PGbStRZD8sXRyKG3-ozKhu52s40jWbl,image/x-sony-arw,49104384,2018-01-20T09:35:28.000Z
JADIELSON/PESSOAIS - JADIELSON/AYLA/LGK09590.ARW,LGK09590.ARW,1jriuK7zf9pGSWYuFq-apnYoMtEeMncod,image/x-sony-arw,49104384,2018-01-20T09:35:28.000Z
JADIELSON/PESSOAIS - JADIELSON/AYLA/LGK09591.ARW,LGK09591.ARW,19S3F_ICoR6s5YMSImNsGpEYkKCeKdszo,image/x-sony-arw,49104384,2018-01-20T09:35:28.000Z
JADIELSON/PESSOAIS - JADIELSON/AYLA/LGK09592.ARW,LGK09592.ARW,1F2nAujHh5ezHLNEsrCUEl57lDa5QHY77,image/x-sony-arw,49108480,2018-01-20T09:35:28.000Z
JADIELSON/PESSOAIS - JADIELSON/AYLA/LGK09593.ARW,LGK09593.ARW,10HXzwkZ1rk5Kg11ee2SPb_dJIF7Ev-00,image/x-sony-arw,49116672,2018-01-20T09:35:28.000Z
JADIELSON/PESSOAIS - JADIELSON/AYLA/LGK09594.ARW,LGK09594.ARW,1krGC110TexXtorOG5YzPxMcq0AAWSz5M,image/x-sony-arw,49104384,2018-01-20T09:35:28.000Z
JADIELSON/PESSOAIS - JADIELSON/AYLA/LGK09595.ARW,LGK09595.ARW,1ENwq5cqN2Fy9kitLjhHqDef-V3j5rO6N,image/x-sony-arw,49100288,2018-01-20T09:35:54.000Z
JADIELSON/PESSOAIS - JADIELSON/AYLA/LGK09596.ARW,LGK09596.ARW,1J4-kdP0jSjNMvY019RY24__u-SasmDlx,image/x-sony-arw,49092096,2018-01-20T09:35:54.000Z
JADIELSON/PESSOAIS - JADIELSON/AYLA/LGK09597.ARW,LGK09597.ARW,1BAsI0za-qV5IaLN_jULdtLfU3_AK5Cze,image/x-sony-arw,49120768,2018-01-20T09:36:00.000Z
JADIELSON/PESSOAIS - JADIELSON/AYLA/LGK09598.ARW,LGK09598.ARW,11zb4qIM_kb_8dsBE1W1GCqXuq8CgMt4h,image/x-sony-arw,49112576,2018-01-20T09:36:00.000Z
JADIELSON/PESSOAIS - JADIELSON/AYLA/LGK09599.ARW,LGK09599.ARW,1cJRAZ1rP0vKOUvRrhAemDnfcxuWgZVZW,image/x-sony-arw,49124864,2018-01-20T09:36:00.000Z
JADIELSON/PESSOAIS - JADIELSON/AYLA/LGK09600.ARW,LGK09600.ARW,1ziXpU41WKcuFU2K3pOrqkXMfjhCWFfPi,image/x-sony-arw,49128960,2018-01-20T09:36:00.000Z
JADIELSON/PESSOAIS - JADIELSON/AYLA/LGK09601.ARW,LGK09601.ARW,1Z3Ao6XODUfPeIxwl5ajhgTFZki-kyuXx,image/x-sony-arw,49128960,2018-01-20T09:36:00.000Z
JADIELSON/PESSOAIS - JADIELSON/AYLA/LGK09602.ARW,LGK09602.ARW,12BXtHsYngLn6jlDz3ALcyDswzuZEhR7e,image/x-sony-arw,49137152,2018-01-20T09:36:00.000Z
JADIELSON/PESSOAIS - JADIELSON/AYLA/LGK09603.ARW,LGK09603.ARW,1wYODilLj3-ObQ6eHY9p2RMpeOe_Ixrks,image/x-sony-arw,49133056,2018-01-20T09:36:02.000Z
JADIELSON/PESSOAIS - JADIELSON/AYLA/LGK09604.ARW,LGK09604.ARW,1VT2Fe6vUSM9q1AvdWeTYx9RKGWTFQlUn,image/x-sony-arw,49133056,2018-01-20T09:36:02.000Z
JADIELSON/PESSOAIS - JADIELSON/AYLA/LGK09605.ARW,LGK09605.ARW,1XlnMwSCjpLHAvoYhYK_Q08enJGXZziCh,image/x-sony-arw,49133056,2018-01-20T09:36:02.000Z
JADIELSON/PESSOAIS - JADIELSON/AYLA/LGK09606.ARW,LGK09606.ARW,1j_brtxDZayo-gH2e09zeN6WX5ENmdQJM,image/x-sony-arw,49128960,2018-01-20T09:36:02.000Z
JADIELSON/PESSOAIS - JADIELSON/AYLA/LGK09607.ARW,LGK09607.ARW,1l2j-NTp7CYc8PXERCehqDND8kH5Z7LYB,image/x-sony-arw,49133056,2018-01-20T09:36:02.000Z
JADIELSON/PESSOAIS - JADIELSON/AYLA/LGK09608.ARW,LGK09608.ARW,15DeR4IVpTlO0YSP5wvdj-mx6om7W0ygd,image/x-sony-arw,49128960,2018-01-20T09:36:02.000Z
JADIELSON/PESSOAIS - JADIELSON/AYLA/LGK09609.ARW,LGK09609.ARW,1g0N-HSyjI-WvuuwnSp6RGrhMDTfRbPDB,image/x-sony-arw,49124864,2018-01-20T09:37:06.000Z
JADIELSON/PESSOAIS - JADIELSON/AYLA/LGK09610.ARW,LGK09610.ARW,123qB32GYsG3xi-Pjyzb5eg6qmsuMLw3p,image/x-sony-arw,49120768,2018-01-20T09:37:06.000Z
JADIELSON/PESSOAIS - JADIELSON/AYLA/LGK09611.ARW,LGK09611.ARW,1AgRrZjZlv1PlFqRnCROU35rxOu_iuhQd,image/x-sony-arw,49120768,2018-01-20T09:37:06.000Z
JADIELSON/PESSOAIS - JADIELSON/AYLA/LGK09612.ARW,LGK09612.ARW,1YehhrAW_3Ni3T42TftHB3Zp1SxIIEs1j,image/x-sony-arw,49116672,2018-01-20T09:37:06.000Z
JADIELSON/PESSOAIS - JADIELSON/AYLA/LGK09613.ARW,LGK09613.ARW,1mkLCtISzmv07KB2_5iEfCWUKJ6GgTsPQ,image/x-sony-arw,49141248,2018-01-20T09:37:08.000Z
JADIELSON/PESSOAIS - JADIELSON/AYLA/LGK09614.ARW,LGK09614.ARW,1kwXdO2SvQQq0vMV_CELWi9jFgIWjCjWs,image/x-sony-arw,49141248,2018-01-20T09:37:08.000Z
JADIELSON/PESSOAIS - JADIELSON/AYLA/LGK09615.ARW,LGK09615.ARW,1WddtdeydmZjzotSAbphRSAdANGtMmd_p,image/x-sony-arw,49141248,2018-01-20T09:37:08.000Z
JADIELSON/PESSOAIS - JADIELSON/AYLA/LGK09616.ARW,LGK09616.ARW,197dOaxNdV_7Kfxvov6S0T05UE5NdtUD9,image/x-sony-arw,49141248,2018-01-20T09:37:08.000Z
JADIELSON/PESSOAIS - JADIELSON/AYLA/LGK09617.ARW,LGK09617.ARW,119CmwfDetrz9E50UroOHP94JY2jR93pS,image/x-sony-arw,49137152,2018-01-20T09:37:10.000Z
JADIELSON/PESSOAIS - JADIELSON/AYLA/LGK09618.ARW,LGK09618.ARW,1a7OnS7s2z-dLBE1DkdIkybRie9S-PDsP,image/x-sony-arw,49133056,2018-01-20T09:37:10.000Z
JADIELSON/PESSOAIS - JADIELSON/AYLA/LGK09619.ARW,LGK09619.ARW,14HW1XQfOHF6MbRZYh0RRPHLuPqdYIP7F,image/x-sony-arw,49133056,2018-01-20T09:37:10.000Z
JADIELSON/PESSOAIS - JADIELSON/AYLA/LGK09620.ARW,LGK09620.ARW,1DjKJ9b01q1fDoK0h5MhkgU6V0g51ZqqX,image/x-sony-arw,49133056,2018-01-20T09:37:10.000Z
JADIELSON/PESSOAIS - JADIELSON/AYLA/LGK09621.ARW,LGK09621.ARW,1jALHIepKpfT-i8CP1SsKDLxABkeVyeM7,image/x-sony-arw,49128960,2018-01-20T09:37:16.000Z
JADIELSON/PESSOAIS - JADIELSON/AYLA/LGK09622.ARW,LGK09622.ARW,1r4PIdL3VmKZxbTm101M1XR3mSf_cTfEx,image/x-sony-arw,49128960,2018-01-20T09:37:16.000Z
JADIELSON/PESSOAIS - JADIELSON/AYLA/LGK09623.ARW,LGK09623.ARW,12XLCpWs3B5mPS2c8UAiEVaQ7kG55UVkA,image/x-sony-arw,49128960,2018-01-20T09:37:16.000Z
JADIELSON/PESSOAIS - JADIELSON/AYLA/LGK09624.ARW,LGK09624.ARW,1WdYneIFV-lcqDooF05lPG4t3LmlJd_0D,image/x-sony-arw,49128960,2018-01-20T09:37:16.000Z
JADIELSON/PESSOAIS - JADIELSON/AYLA/LGK09625.ARW,LGK09625.ARW,1B9OnGjtAZEPwWUSg9xkUDCrRz8glV7uf,image/x-sony-arw,49133056,2018-01-20T09:37:16.000Z
JADIELSON/PESSOAIS - JADIELSON/C0001.MP4,C0001.MP4,1UJheOapIEUS-rvDJIKXs3Rf92zAoq6ti,video/mp4,117453820,2018-03-17T03:00:54.000Z
JADIELSON/PESSOAIS - JADIELSON/C0001T01.JPG,C0001T01.JPG,16r7-uuRjM_OuAt7lL-qLB_u9p9MGRQ54,image/jpeg,206683,2018-03-17T03:00:36.000Z
JADIELSON/PESSOAIS - JADIELSON/C0003.MP4,C0003.MP4,1s7N10PDSCv863ZyHB6omvBOMe59zIP6k,video/mp4,92285936,2018-03-17T04:32:42.000Z
JADIELSON/PESSOAIS - JADIELSON/C0003T01.JPG,C0003T01.JPG,1qV4Ab2EuzT4KAquqVRQVe9609BrvVZ4B,image/jpeg,250671,2018-03-17T04:32:28.000Z
JADIELSON/PESSOAIS - JADIELSON/Captura de tela 2024-11-29 103303.png,Captura de tela 2024-11-29 103303.png,1Vhwg5JTe5rI_xJoqt5xbNEEM8Y4v7CM_,image/png,52876,2024-11-29T13:33:57.000Z
JADIELSON/PESSOAIS - JADIELSON/Captura de tela 2024-11-29 103303.png - Atalho.lnk,Captura de tela 2024-11-29 103303.png - Atalho.lnk,1mjbPyE_n5A_8iwK7-1cNC5hO1OhSm8GH,application/x-ms-shortcut,1751,2024-11-29T13:36:46.000Z
JADIELSON/PESSOAIS - JADIELSON/FAMILIA RAFAEL - RECORDANDO O ABRAÇO/_GR_0001.JPG,_GR_0001.JPG,1tyEPiQTSaSs_FcRE4g77fj9iqAbKPuo9,image/jpeg,12789141,2025-01-04T10:16:04.000Z
JADIELSON/PESSOAIS - JADIELSON/FAMILIA RAFAEL - RECORDANDO O ABRAÇO/_GR_0006.JPG,_GR_0006.JPG,1YV7uLAGEAcvhUppJjenyPbRQqXFgzNB3,image/jpeg,12219115,2025-01-04T10:16:06.000Z
JADIELSON/PESSOAIS - JADIELSON/FAMILIA RAFAEL - RECORDANDO O ABRAÇO/_GR_0009.JPG,_GR_0009.JPG,144M5d7f61lczhY2QazIN3kQqw-Fi9ZIo,image/jpeg,10864848,2025-01-04T10:16:06.000Z
JADIELSON/PESSOAIS - JADIELSON/FAMILIA RAFAEL - RECORDANDO O ABRAÇO/_GR_0013.JPG,_GR_0013.JPG,1zHZBgZ35vJJD6lfJRhzWNZn59y2QRKZG,image/jpeg,13620566,2025-01-04T10:16:11.000Z
JADIELSON/PESSOAIS - JADIELSON/FAMILIA RAFAEL - RECORDANDO O ABRAÇO/_GR_0018.JPG,_GR_0018.JPG,1E2b6wIgkBwUiJgiBQIRx-29mZ8GYRv1-,image/jpeg,9814789,2025-01-04T10:16:11.000Z
JADIELSON/PESSOAIS - JADIELSON/FAMILIA RAFAEL - RECORDANDO O ABRAÇO/_GR_0021.JPG,_GR_0021.JPG,1Izw4km0VlVqwos15so7eu0UltBDSAcWv,image/jpeg,8986949,2025-01-04T10:16:13.000Z
JADIELSON/PESSOAIS - JADIELSON/FAMILIA RAFAEL - RECORDANDO O ABRAÇO/_GR_0025.JPG,_GR_0025.JPG,1pnoKNeFbGwLpOQxXoisEK8RyP0S_5dEf,image/jpeg,7655289,2025-01-04T10:16:15.000Z
JADIELSON/PESSOAIS - JADIELSON/FAMILIA RAFAEL - RECORDANDO O ABRAÇO/_GR_0030.JPG,_GR_0030.JPG,10kOVZQWwhf_jnYMVSGm8xEW5efqCkZ27,image/jpeg,8334747,2025-01-04T10:16:15.000Z
JADIELSON/PESSOAIS - JADIELSON/FAMILIA RAFAEL - RECORDANDO O ABRAÇO/_GR_0038.JPG,_GR_0038.JPG,13J6ghsBbtdyssiq5TAxsO94HdLigK9Ly,image/jpeg,10907087,2025-01-04T10:16:20.000Z
JADIELSON/PESSOAIS - JADIELSON/FAMILIA RAFAEL - RECORDANDO O ABRAÇO/_GR_0043.JPG,_GR_0043.JPG,1FF38Y6N0L5YvdkBIeznwwhUx9WYhwxT9,image/jpeg,11454109,2025-01-04T10:16:20.000Z
JADIELSON/PESSOAIS - JADIELSON/FAMILIA RAFAEL - RECORDANDO O ABRAÇO/_GR_0049.JPG,_GR_0049.JPG,1lI5Eqb4LOAcVFl-u8HPVwDEDsa2pxKFZ,image/jpeg,10246887,2025-01-04T10:16:23.000Z
JADIELSON/PESSOAIS - JADIELSON/FAMILIA RAFAEL - RECORDANDO O ABRAÇO/_GR_0056.JPG,_GR_0056.JPG,13paVkbVOm32QZDK8jGt1dM4WPZOBPWsh,image/jpeg,13716865,2025-01-04T10:16:25.000Z
JADIELSON/PESSOAIS - JADIELSON/FAMILIA RAFAEL - RECORDANDO O ABRAÇO/_GR_0057.JPG,_GR_0057.JPG,1zsGU0pPc8k7WujC8AQh-Y7Y8Ntit6m1W,image/jpeg,11815646,2025-01-04T10:16:25.000Z
JADIELSON/PESSOAIS - JADIELSON/FAMILIA RAFAEL - RECORDANDO O ABRAÇO/_GR_0060.JPG,_GR_0060.JPG,1wD4JRSE3cHY7Ckc4yPkgN7dB6IxW4IUw,image/jpeg,10915978,2025-01-04T10:16:30.000Z
JADIELSON/PESSOAIS - JADIELSON/FAMILIA RAFAEL - RECORDANDO O ABRAÇO/_GR_0065.JPG,_GR_0065.JPG,1Rk8srkJeHFBk1pUZjPcGBEcyG0qO4C-g,image/jpeg,11125903,2025-01-04T10:16:29.000Z
JADIELSON/PESSOAIS - JADIELSON/FAMILIA RAFAEL - RECORDANDO O ABRAÇO/_GR_0069.JPG,_GR_0069.JPG,19KoO6KZ2i50YeHRnJ7hw6bn3tNrA4U3c,image/jpeg,10766848,2025-01-04T10:16:32.000Z
JADIELSON/PESSOAIS - JADIELSON/FAMILIA RAFAEL - RECORDANDO O ABRAÇO/_GR_0070.JPG,_GR_0070.JPG,1eOWIB02DytWHEL87iSNRhZ21TDNAC2XB,image/jpeg,11473727,2025-01-04T10:16:35.000Z
JADIELSON/PESSOAIS - JADIELSON/FAMILIA RAFAEL - RECORDANDO O ABRAÇO/_GR_0075.JPG,_GR_0075.JPG,1IKLHk_E6dC4kKHMf48_8TTQWi6DKBSyS,image/jpeg,11400980,2025-01-04T10:16:35.000Z
JADIELSON/PESSOAIS - JADIELSON/FAMILIA RAFAEL - RECORDANDO O ABRAÇO/_GR_0080.JPG,_GR_0080.JPG,1GBJSDwcKgRTIXamskLE_gTF7RPyc1JeC,image/jpeg,11889437,2025-01-04T10:16:38.000Z
JADIELSON/PESSOAIS - JADIELSON/FAMILIA RAFAEL - RECORDANDO O ABRAÇO/_GR_0083.JPG,_GR_0083.JPG,1rbozSbi4aFm1u0sq0qWG2zJYnmPPkypH,image/jpeg,11364588,2025-01-04T10:16:40.000Z
JADIELSON/PESSOAIS - JADIELSON/FAMILIA RAFAEL - RECORDANDO O ABRAÇO/_GR_0084.JPG,_GR_0084.JPG,1WrxhzwpI6RohjjRhcnqou51O8jTnlBnR,image/jpeg,10998082,2025-01-04T10:16:42.000Z
JADIELSON/PESSOAIS - JADIELSON/FAMILIA RAFAEL - RECORDANDO O ABRAÇO/_GR_0088.JPG,_GR_0088.JPG,18CAZ9BMSQGkdZ1_aUG10xQFVwLMw0o4j,image/jpeg,10598489,2025-01-04T10:16:44.000Z
JADIELSON/PESSOAIS - JADIELSON/FAMILIA RAFAEL - RECORDANDO O ABRAÇO/_GR_0089.JPG,_GR_0089.JPG,12DgfzdHuyAByCN7-zLF58GW796NWV1CI,image/jpeg,9904081,2025-01-04T10:16:45.000Z
JADIELSON/PESSOAIS - JADIELSON/FAMILIA RAFAEL - RECORDANDO O ABRAÇO/_GR_0092.JPG,_GR_0092.JPG,106NSQ_0W84J3885_pMYUh3YxmvMw8Jgg,image/jpeg,11014659,2025-01-04T10:16:48.000Z
JADIELSON/PESSOAIS - JADIELSON/FAMILIA RAFAEL - RECORDANDO O ABRAÇO/_GR_0094.JPG,_GR_0094.JPG,1j_BbgBS67C8sXHJtplhEZ5wjxkbMcg6w,image/jpeg,11047510,2025-01-04T10:16:50.000Z
JADIELSON/PESSOAIS - JADIELSON/FAMILIA RAFAEL - RECORDANDO O ABRAÇO/_GR_0096.JPG,_GR_0096.JPG,1QFNTb6IFCTmW863Tw3dBxSOpz_Fe9aPq,image/jpeg,11260139,2025-01-04T10:16:50.000Z
JADIELSON/PESSOAIS - JADIELSON/FAMILIA RAFAEL - RECORDANDO O ABRAÇO/_GR_0097.JPG,_GR_0097.JPG,1Ol38UhagzTqAzoluVub6hwGY_8ASqABk,image/jpeg,11392068,2025-01-04T10:16:54.000Z
JADIELSON/PESSOAIS - JADIELSON/FAMILIA RAFAEL - RECORDANDO O ABRAÇO/_GR_0099.JPG,_GR_0099.JPG,1brrntfDQXe3estKPgt-DMHDIO1IDWcFu,image/jpeg,11514471,2025-01-04T10:16:55.000Z
JADIELSON/PESSOAIS - JADIELSON/FAMILIA RAFAEL - RECORDANDO O ABRAÇO/_GR_0103.JPG,_GR_0103.JPG,1NPgPjmr4Yd0CYuLxMhGsqJNRL7-bn8pe,image/jpeg,11614319,2025-01-04T10:16:57.000Z
JADIELSON/PESSOAIS - JADIELSON/FAMILIA RAFAEL - RECORDANDO O ABRAÇO/_GR_0106.JPG,_GR_0106.JPG,1P1IY2uINrafmo-zD2CFkU5RFlXx6rz7x,image/jpeg,11321994,2025-01-04T10:17:00.000Z
JADIELSON/PESSOAIS - JADIELSON/FAMILIA RAFAEL - RECORDANDO O ABRAÇO/_GR_0108.JPG,_GR_0108.JPG,1wC_oRRIV5alE6-sYvcD1R89eJ0chfyLW,image/jpeg,11612457,2025-01-04T10:17:00.000Z
JADIELSON/PESSOAIS - JADIELSON/FAMILIA RAFAEL - RECORDANDO O ABRAÇO/_GR_0113.JPG,_GR_0113.JPG,1DgSYsqH3BUgXJmdsDrjGkwdXh5Ka2iZt,image/jpeg,12256254,2025-01-04T10:17:05.000Z
JADIELSON/PESSOAIS - JADIELSON/FAMILIA RAFAEL - RECORDANDO O ABRAÇO/_GR_0114.JPG,_GR_0114.JPG,1lNYPYzACi4zZORnge9DwG5MkV0boWztH,image/jpeg,11665085,2025-01-04T10:17:06.000Z
JADIELSON/PESSOAIS - JADIELSON/FAMILIA RAFAEL - RECORDANDO O ABRAÇO/_GR_0116.JPG,_GR_0116.JPG,1qElypeUBE8NUjzYBgAjh-tuGGiDuZrJ8,image/jpeg,11841492,2025-01-04T10:17:20.000Z
JADIELSON/PESSOAIS - JADIELSON/FAMILIA RAFAEL - RECORDANDO O ABRAÇO/_GR_0117.JPG,_GR_0117.JPG,11xxHh7fmGgAWV917Gc2_OAzG3xlcS1aF,image/jpeg,11460854,2025-01-04T10:17:21.000Z
JADIELSON/PESSOAIS - JADIELSON/FAMILIA RAFAEL - RECORDANDO O ABRAÇO/_GR_0119.JPG,_GR_0119.JPG,1jNn4v5ZKtOgTVWmwRozt_Ft08DfhRXzj,image/jpeg,11247780,2025-01-04T10:17:26.000Z
JADIELSON/PESSOAIS - JADIELSON/FAMILIA RAFAEL - RECORDANDO O ABRAÇO/_GR_0120.JPG,_GR_0120.JPG,1O9i6SASBQn6g91Rn-7tvRqemqtuv1ovf,image/jpeg,10976790,2025-01-04T10:18:56.000Z
JADIELSON/PESSOAIS - JADIELSON/FAMILIA RAFAEL - RECORDANDO O ABRAÇO/_GR_0122.JPG,_GR_0122.JPG,1nzwmu0bYW1MGHu_Sm4LnOVVS56pPrbSW,image/jpeg,11275836,2025-01-04T10:18:56.000Z
JADIELSON/PESSOAIS - JADIELSON/FAMILIA RAFAEL - RECORDANDO O ABRAÇO/_GR_0124.JPG,_GR_0124.JPG,10XeapQniqlbq0HsbGKLkdAkyLUZAsBRx,image/jpeg,10576031,2025-01-04T10:19:19.000Z
JADIELSON/PESSOAIS - JADIELSON/FAMILIA RAFAEL - RECORDANDO O ABRAÇO/_GR_0125.JPG,_GR_0125.JPG,1bWTC4b-6hnbV2UIWmZUgamJgRY-oKcUZ,image/jpeg,11875381,2025-01-04T10:19:13.000Z
JADIELSON/PESSOAIS - JADIELSON/FAMILIA RAFAEL - RECORDANDO O ABRAÇO/_GR_0127.JPG,_GR_0127.JPG,1Ae-VFd7uuEOK9_tKtRKw960ZLJ2q-nwq,image/jpeg,11845281,2025-01-04T10:19:31.000Z
JADIELSON/PESSOAIS - JADIELSON/FAMILIA RAFAEL - RECORDANDO O ABRAÇO/_GR_0128.JPG,_GR_0128.JPG,1BdmNkd45RRh7NQ94iH04VqgHKg-PSCp2,image/jpeg,11712520,2025-01-04T10:19:43.000Z
JADIELSON/PESSOAIS - JADIELSON/FAMILIA RAFAEL - RECORDANDO O ABRAÇO/_GR_0129.JPG,_GR_0129.JPG,1V6Udhdwdxktg0ptGqa9xHhiCrHsK3rkN,image/jpeg,11711665,2025-01-04T10:19:43.000Z
JADIELSON/PESSOAIS - JADIELSON/FAMILIA RAFAEL - RECORDANDO O ABRAÇO/_GR_0130.JPG,_GR_0130.JPG,1-mQ0sUeKI6T6lZihmA2Znj_7PYwlwrBo,image/jpeg,10973861,2025-01-04T10:19:47.000Z
JADIELSON/PESSOAIS - JADIELSON/FAMILIA RAFAEL - RECORDANDO O ABRAÇO/_GR_0134.JPG,_GR_0134.JPG,16omXdXRVD4MOJvOb6_D-RlMEO7FWyAZB,image/jpeg,9957778,2025-01-04T10:19:47.000Z
JADIELSON/PESSOAIS - JADIELSON/FAMILIA RAFAEL - RECORDANDO O ABRAÇO/_GR_0136.JPG,_GR_0136.JPG,1Jm-cUYJppIMfCgbonXEEJe5NO-tD7Yyp,image/jpeg,10998521,2025-01-04T10:19:56.000Z
JADIELSON/PESSOAIS - JADIELSON/FAMILIA RAFAEL - RECORDANDO O ABRAÇO/_GR_0138.JPG,_GR_0138.JPG,1tE_i6BeES68wHYLE3MKjh64T-b2nEmck,image/jpeg,11591492,2025-01-04T10:19:56.000Z
JADIELSON/PESSOAIS - JADIELSON/FAMILIA RAFAEL - RECORDANDO O ABRAÇO/_GR_0140.JPG,_GR_0140.JPG,1MN7tBCKSiVOMBFqMJnnicZnvDI6-rcV6,image/jpeg,11449439,2025-01-04T10:19:56.000Z
JADIELSON/PESSOAIS - JADIELSON/FAMILIA RAFAEL - RECORDANDO O ABRAÇO/_GR_0141.JPG,_GR_0141.JPG,1c-Aei5UIQ_--NCuWBtcxU-g3durZ_YPp,image/jpeg,12094853,2025-01-04T10:20:04.000Z
JADIELSON/PESSOAIS - JADIELSON/FAMILIA RAFAEL - RECORDANDO O ABRAÇO/_GR_0143.JPG,_GR_0143.JPG,1MmmqLGpPQqOF4Nl-TxQHfb9A7uGV7wSw,image/jpeg,11328056,2025-01-04T10:20:04.000Z
JADIELSON/PESSOAIS - JADIELSON/FAMILIA RAFAEL - RECORDANDO O ABRAÇO/_GR_0144.JPG,_GR_0144.JPG,1oOf3CZG05Taw1fSyEzpuguWIQMxsD7D5,image/jpeg,11642358,2025-01-04T10:20:13.000Z
JADIELSON/PESSOAIS - JADIELSON/FAMILIA RAFAEL - RECORDANDO O ABRAÇO/_GR_0146.JPG,_GR_0146.JPG,1SZx7WA9KzCVSe94KvsK-J_26bqg2dn0N,image/jpeg,11696809,2025-01-04T10:20:13.000Z
JADIELSON/PESSOAIS - JADIELSON/FAMILIA RAFAEL - RECORDANDO O ABRAÇO/_GR_0147.JPG,_GR_0147.JPG,1LtKBwUm1PrXmunQZCiqVCLj1o4ECz6QI,image/jpeg,12219718,2025-01-04T10:20:15.000Z
JADIELSON/PESSOAIS - JADIELSON/FAMILIA RAFAEL - RECORDANDO O ABRAÇO/_GR_0148.JPG,_GR_0148.JPG,1gEftXceeS51v1ZAg4PVt61-GyErnpMxh,image/jpeg,12472328,2025-01-04T10:20:23.000Z
JADIELSON/PESSOAIS - JADIELSON/FAMILIA RAFAEL - RECORDANDO O ABRAÇO/_GR_0150.JPG,_GR_0150.JPG,1B3Uqypef2fe2HtxYxhnxGubThC0WKw5l,image/jpeg,12454952,2025-01-04T10:20:22.000Z
JADIELSON/PESSOAIS - JADIELSON/FAMILIA RAFAEL - RECORDANDO O ABRAÇO/_GR_0151.JPG,_GR_0151.JPG,10LfZt7LP5GhRces6OP0r5BzPOW82WobB,image/jpeg,11833062,2025-01-04T10:20:35.000Z
JADIELSON/PESSOAIS - JADIELSON/FAMILIA RAFAEL - RECORDANDO O ABRAÇO/_GR_0153.JPG,_GR_0153.JPG,18AR5Qa8VpeEKmXclkcmLhHcDMUhFXmvP,image/jpeg,12475806,2025-01-04T10:20:37.000Z
JADIELSON/PESSOAIS - JADIELSON/FAMILIA RAFAEL - RECORDANDO O ABRAÇO/_GR_0154.JPG,_GR_0154.JPG,1oJq7_7htv6uOxEszjxxklOrVn1L44NeF,image/jpeg,12022432,2025-01-04T10:20:41.000Z
JADIELSON/PESSOAIS - JADIELSON/FAMILIA RAFAEL - RECORDANDO O ABRAÇO/_GR_0155.JPG,_GR_0155.JPG,1ZTVnOWkvkMnlczmxnc4hkftszURWTnVR,image/jpeg,12354859,2025-01-04T10:20:48.000Z
JADIELSON/PESSOAIS - JADIELSON/FAMILIA RAFAEL - RECORDANDO O ABRAÇO/_GR_0156.JPG,_GR_0156.JPG,1zlUgr4NIrDk3hEtdVOJzFtVtvfELs_KH,image/jpeg,12397625,2025-01-04T10:20:49.000Z
JADIELSON/PESSOAIS - JADIELSON/FAMILIA RAFAEL - RECORDANDO O ABRAÇO/_GR_0158.JPG,_GR_0158.JPG,1oLNlmVOeddtguPXteenDJQVhMDY1V3VQ,image/jpeg,11920536,2025-01-04T10:20:55.000Z
JADIELSON/PESSOAIS - JADIELSON/FAMILIA RAFAEL - RECORDANDO O ABRAÇO/_GR_0160.JPG,_GR_0160.JPG,1g3Pk-c-ziNvGwha6IO7z18LNu17HN_2l,image/jpeg,9696268,2025-01-04T10:20:55.000Z
JADIELSON/PESSOAIS - JADIELSON/FAMILIA RAFAEL - RECORDANDO O ABRAÇO/_GR_0162.JPG,_GR_0162.JPG,1jRnmVPgmdAjIa4sTqMQDYSDPEE90jlkc,image/jpeg,12375126,2025-01-04T10:21:05.000Z
JADIELSON/PESSOAIS - JADIELSON/FAMILIA RAFAEL - RECORDANDO O ABRAÇO/_GR_0163.JPG,_GR_0163.JPG,1EhBcPwiAPCuu4TDpOHZzakh8f3rMb1ng,image/jpeg,10076619,2025-01-04T10:21:10.000Z
JADIELSON/PESSOAIS - JADIELSON/FAMILIA RAFAEL - RECORDANDO O ABRAÇO/_GR_0165.JPG,_GR_0165.JPG,1utYgSx-5FXbFu1CF5wLq3mH9I52sniWX,image/jpeg,11316838,2025-01-04T10:21:10.000Z
JADIELSON/PESSOAIS - JADIELSON/FAMILIA RAFAEL - RECORDANDO O ABRAÇO/_GR_0166.JPG,_GR_0166.JPG,1BC58_L9LIM-ngOIrR316sstFfFs04sdA,image/jpeg,11484691,2025-01-04T10:21:17.000Z
JADIELSON/PESSOAIS - JADIELSON/FAMILIA RAFAEL - RECORDANDO O ABRAÇO/_GR_0167.JPG,_GR_0167.JPG,13kNZMwLtTzirG-qgFwdSb1_m3Hyy0eit,image/jpeg,7592789,2025-01-04T10:21:21.000Z
JADIELSON/PESSOAIS - JADIELSON/FAMILIA RAFAEL - RECORDANDO O ABRAÇO/_GR_0168.JPG,_GR_0168.JPG,1qms3rvfFAO6anIFQLxH3Nrs8UtJqqa0c,image/jpeg,9389378,2025-01-04T10:21:27.000Z
JADIELSON/PESSOAIS - JADIELSON/FAMILIA RAFAEL - RECORDANDO O ABRAÇO/_GR_0169.JPG,_GR_0169.JPG,1vNvUF5hkH4FFd1Ov9tAEfKBIDeTSW7oW,image/jpeg,8793780,2025-01-04T10:21:29.000Z
JADIELSON/PESSOAIS - JADIELSON/FAMILIA RAFAEL - RECORDANDO O ABRAÇO/_GR_0171.JPG,_GR_0171.JPG,1ZSwr5Rk2txDKCprgyhYoh3v-AyTaqf2S,image/jpeg,8996482,2025-01-04T10:21:30.000Z
JADIELSON/PESSOAIS - JADIELSON/FAMILIA RAFAEL - RECORDANDO O ABRAÇO/_GR_0173.JPG,_GR_0173.JPG,1rzobb31RnrAGHBMxwoZT4Wznfg9ZeTjC,image/jpeg,8110423,2025-01-04T10:21:36.000Z
JADIELSON/PESSOAIS - JADIELSON/FAMILIA RAFAEL - RECORDANDO O ABRAÇO/_GR_0176.JPG,_GR_0176.JPG,1J__eKHgsfytfpNCyKMi05dRHkmrbZyHn,image/jpeg,9207059,2025-01-04T10:21:42.000Z
JADIELSON/PESSOAIS - JADIELSON/FAMILIA RAFAEL - RECORDANDO O ABRAÇO/_GR_0178.JPG,_GR_0178.JPG,1mcoMxXniDg_vLffZU8nncQAIeL0Gnw_e,image/jpeg,8709953,2025-01-04T10:21:47.000Z
JADIELSON/PESSOAIS - JADIELSON/FAMILIA RAFAEL - RECORDANDO O ABRAÇO/_GR_0183.JPG,_GR_0183.JPG,1RaGQNO3wFo9auh5yDFodm93mb2L0u4iy,image/jpeg,12900879,2025-01-04T10:21:48.000Z
JADIELSON/PESSOAIS - JADIELSON/FAMILIA RAFAEL - RECORDANDO O ABRAÇO/_GR_0186.JPG,_GR_0186.JPG,1AEZT8pFEl1wEp1yLqNAdQm8l2pqwgrdU,image/jpeg,13943478,2025-01-04T10:21:49.000Z
JADIELSON/PESSOAIS - JADIELSON/FAMILIA RAFAEL - RECORDANDO O ABRAÇO/_GR_0189.JPG,_GR_0189.JPG,1tQlHtPbmh516WRLMLkmXv-Vklhwjdhre,image/jpeg,9711162,2025-01-04T10:21:54.000Z
JADIELSON/PESSOAIS - JADIELSON/FAMILIA RAFAEL - RECORDANDO O ABRAÇO/_GR_0192.JPG,_GR_0192.JPG,1n9Q2s1Ty6eUQEb3Ys7cq2SFAhnCX7tOd,image/jpeg,8924190,2025-01-04T10:21:55.000Z
JADIELSON/PESSOAIS - JADIELSON/FAMILIA RAFAEL - RECORDANDO O ABRAÇO/_GR_0196.JPG,_GR_0196.JPG,1_mUX6aCgV6LSGR80N0K3wB3XPBFL10CC,image/jpeg,9957955,2025-01-04T10:21:58.000Z
JADIELSON/PESSOAIS - JADIELSON/FAMILIA RAFAEL - RECORDANDO O ABRAÇO/_GR_0200.JPG,_GR_0200.JPG,1zoISjSt5_vOIirBJH7cozCb7KXUSS1W1,image/jpeg,10277036,2025-01-04T10:22:01.000Z
JADIELSON/PESSOAIS - JADIELSON/FAMILIA RAFAEL - RECORDANDO O ABRAÇO/_GR_0203.JPG,_GR_0203.JPG,1qDhskicBS_JDJpwgGe1rsaa3R6FTHpAb,image/jpeg,9448389,2025-01-04T10:22:01.000Z
JADIELSON/PESSOAIS - JADIELSON/FAMILIA RAFAEL - RECORDANDO O ABRAÇO/_GR_0207.JPG,_GR_0207.JPG,1W5XjV82Wt4Gpgohq-Di7gDNmc31KwfyX,image/jpeg,11704061,2025-01-04T10:22:05.000Z
JADIELSON/PESSOAIS - JADIELSON/FAMILIA RAFAEL - RECORDANDO O ABRAÇO/_GR_0212.JPG,_GR_0212.JPG,1rd626CGvPtVRxTjXFJ72yUQK33spE5zx,image/jpeg,19019190,2025-01-04T10:22:06.000Z
JADIELSON/PESSOAIS - JADIELSON/FAMILIA RAFAEL - RECORDANDO O ABRAÇO/_GR_0216.JPG,_GR_0216.JPG,1_z8JNwDEP4Co6AvnXWmJFVA9Zf_0APVn,image/jpeg,16001760,2025-01-04T10:22:08.000Z
JADIELSON/PESSOAIS - JADIELSON/FAMILIA RAFAEL - RECORDANDO O ABRAÇO/_GR_0221.JPG,_GR_0221.JPG,1jpMX_lX-NdfBUkNdwU26h4Ig1_zLECXZ,image/jpeg,17941512,2025-01-04T10:22:11.000Z
JADIELSON/PESSOAIS - JADIELSON/FAMILIA RAFAEL - RECORDANDO O ABRAÇO/_GR_0224.JPG,_GR_0224.JPG,1J9BKFNa_fmUDHzeWxzmiskx8yvcpW6C0,image/jpeg,10697653,2025-01-04T10:22:11.000Z
JADIELSON/PESSOAIS - JADIELSON/FAMILIA RAFAEL - RECORDANDO O ABRAÇO/_GR_0229.JPG,_GR_0229.JPG,1fT9hlaHJB5AKkeFzqvORbLo7Wc-LmzHC,image/jpeg,15378196,2025-01-04T10:22:15.000Z
JADIELSON/PESSOAIS - JADIELSON/FAMILIA RAFAEL - RECORDANDO O ABRAÇO/_GR_0232.JPG,_GR_0232.JPG,1hnjPvFveBoA2LfZSZcAHOje0RIPzRA_g,image/jpeg,9317110,2025-01-04T10:22:16.000Z
JADIELSON/PESSOAIS - JADIELSON/FAMILIA RAFAEL - RECORDANDO O ABRAÇO/_GR_0236.JPG,_GR_0236.JPG,1Ohs8Jd9E2G8OwRg0CY_df_1ssM-R92Pz,image/jpeg,9161403,2025-01-04T10:22:18.000Z
JADIELSON/PESSOAIS - JADIELSON/FAMILIA RAFAEL - RECORDANDO O ABRAÇO/_GR_0241.JPG,_GR_0241.JPG,12kyQd0UGwDH_27eFnRo05JxEQWGgPcpA,image/jpeg,9799493,2025-01-04T10:22:22.000Z
JADIELSON/PESSOAIS - JADIELSON/FAMILIA RAFAEL - RECORDANDO O ABRAÇO/_GR_0247.JPG,_GR_0247.JPG,1zvEVDdvSGWCYFp0gBagtjM21Gyo8j9VQ,image/jpeg,9739260,2025-01-04T10:22:21.000Z
JADIELSON/PESSOAIS - JADIELSON/FAMILIA RAFAEL - RECORDANDO O ABRAÇO/_GR_0251.JPG,_GR_0251.JPG,1geTy3hVLlv-GZihEWrm7WRpnozkWDlci,image/jpeg,8926615,2025-01-04T10:22:25.000Z
JADIELSON/PESSOAIS - JADIELSON/FAMILIA RAFAEL - RECORDANDO O ABRAÇO/_GR_0256.JPG,_GR_0256.JPG,1qLTYHMfwpvx401omSVvdU_7cchRHCezY,image/jpeg,8890048,2025-01-04T10:22:26.000Z
JADIELSON/PESSOAIS - JADIELSON/FAMILIA RAFAEL - RECORDANDO O ABRAÇO/_GR_0260.JPG,_GR_0260.JPG,1YLi4Spul9BeX2f54Asi0HDi4q-Ee4ZoA,image/jpeg,11316073,2025-01-04T10:22:28.000Z
JADIELSON/PESSOAIS - JADIELSON/FAMILIA RAFAEL - RECORDANDO O ABRAÇO/_GR_0281.JPG,_GR_0281.JPG,1NxzCZXzf5ERXUg6CQP5qk_5J3tIrGE6y,image/jpeg,8446417,2025-01-04T10:22:30.000Z
JADIELSON/PESSOAIS - JADIELSON/FAMILIA RAFAEL - RECORDANDO O ABRAÇO/_GR_0283.JPG,_GR_0283.JPG,1tc9zRe4ayr20oyLT48xTncsKqq3vqbwt,image/jpeg,10623828,2025-01-04T10:22:31.000Z
JADIELSON/PESSOAIS - JADIELSON/FAMILIA RAFAEL - RECORDANDO O ABRAÇO/_GR_0294.JPG,_GR_0294.JPG,1516aL6Jj1uaksk_uN0OnGgKFYt_JQqdR,image/jpeg,10324337,2025-01-04T10:22:33.000Z
JADIELSON/PESSOAIS - JADIELSON/FAMILIA RAFAEL - RECORDANDO O ABRAÇO/_GR_0295.JPG,_GR_0295.JPG,1PZBnXA3d2tInEhNVXCDMDvY6PxoUJJgm,image/jpeg,10394432,2025-01-04T10:22:34.000Z
JADIELSON/PESSOAIS - JADIELSON/FAMILIA RAFAEL - RECORDANDO O ABRAÇO/_GR_9744.JPG,_GR_9744.JPG,1d36aIW1ufeZ9Zng-3mvuT7q-dH2Occih,image/jpeg,10366848,2025-01-04T10:13:39.000Z
JADIELSON/PESSOAIS - JADIELSON/FAMILIA RAFAEL - RECORDANDO O ABRAÇO/_GR_9746.JPG,_GR_9746.JPG,1lf0xc46hf8bWWhHzi5C9D3kVTQmXP1ub,image/jpeg,6734016,2025-01-04T10:13:39.000Z
JADIELSON/PESSOAIS - JADIELSON/FAMILIA RAFAEL - RECORDANDO O ABRAÇO/_GR_9748.JPG,_GR_9748.JPG,1GY317FaZ8ArPaNXWlNKVzg8BFrppGEfM,image/jpeg,7266002,2025-01-04T10:13:40.000Z
JADIELSON/PESSOAIS - JADIELSON/FAMILIA RAFAEL - RECORDANDO O ABRAÇO/_GR_9759.JPG,_GR_9759.JPG,1kj3tMYGs7FbFtzlA1NdPVwOYatSwEjBi,image/jpeg,17829516,2025-01-04T10:13:42.000Z
JADIELSON/PESSOAIS - JADIELSON/FAMILIA RAFAEL - RECORDANDO O ABRAÇO/_GR_9765.JPG,_GR_9765.JPG,1fIkhLcyRYjpgx-BX_eJ4IjyIneRuL9fa,image/jpeg,13816372,2025-01-04T10:13:43.000Z
JADIELSON/PESSOAIS - JADIELSON/FAMILIA RAFAEL - RECORDANDO O ABRAÇO/_GR_9766.JPG,_GR_9766.JPG,1_EgMTwJ6uCxCs9XI-KPlovR7z_ho23Rq,image/jpeg,22331261,2025-01-04T10:13:48.000Z
JADIELSON/PESSOAIS - JADIELSON/FAMILIA RAFAEL - RECORDANDO O ABRAÇO/_GR_9767.JPG,_GR_9767.JPG,1SA3GlsJ6SA9Dd4b4jmFsiCjsLNWvfgcn,image/jpeg,19548094,2025-01-04T10:13:48.000Z
JADIELSON/PESSOAIS - JADIELSON/FAMILIA RAFAEL - RECORDANDO O ABRAÇO/_GR_9777.JPG,_GR_9777.JPG,1epupx21BR-l36MyKJaU5qKBZl_-9yF5T,image/jpeg,14217426,2025-01-04T10:13:48.000Z
JADIELSON/PESSOAIS - JADIELSON/FAMILIA RAFAEL - RECORDANDO O ABRAÇO/_GR_9779.JPG,_GR_9779.JPG,1TgHOTgwQSncxhgTnXW9pjhWNWmtUK5JU,image/jpeg,20462163,2025-01-04T10:13:53.000Z
JADIELSON/PESSOAIS - JADIELSON/FAMILIA RAFAEL - RECORDANDO O ABRAÇO/_GR_9784.JPG,_GR_9784.JPG,1W1tS_ko07RZNJLIbKgXGhqShI3K3uT2N,image/jpeg,19485279,2025-01-04T10:13:54.000Z
JADIELSON/PESSOAIS - JADIELSON/FAMILIA RAFAEL - RECORDANDO O ABRAÇO/_GR_9787.JPG,_GR_9787.JPG,1G8WkSJqVnYsO0a62IVM1doRWPA9ImNi-,image/jpeg,7032418,2025-01-04T10:13:58.000Z
JADIELSON/PESSOAIS - JADIELSON/FAMILIA RAFAEL - RECORDANDO O ABRAÇO/_GR_9788.JPG,_GR_9788.JPG,1irwGpu751BlVCHWS4HvzvOwFfpAaoO0q,image/jpeg,13799735,2025-01-04T10:13:58.000Z
JADIELSON/PESSOAIS - JADIELSON/FAMILIA RAFAEL - RECORDANDO O ABRAÇO/_GR_9796.JPG,_GR_9796.JPG,17KK7K5dPJCFGV_PFfKBCYsghMchIfaZp,image/jpeg,18939498,2025-01-04T10:13:59.000Z
JADIELSON/PESSOAIS - JADIELSON/FAMILIA RAFAEL - RECORDANDO O ABRAÇO/_GR_9797.JPG,_GR_9797.JPG,1-brIWWSS_O-2KOFG8K6DiyYXHKatn_z_,image/jpeg,17448906,2025-01-04T10:14:04.000Z
JADIELSON/PESSOAIS - JADIELSON/FAMILIA RAFAEL - RECORDANDO O ABRAÇO/_GR_9799.JPG,_GR_9799.JPG,1a__5AMsVaN0pQhNWfTQs05oI0J4k3x0I,image/jpeg,18301225,2025-01-04T10:14:04.000Z
JADIELSON/PESSOAIS - JADIELSON/FAMILIA RAFAEL - RECORDANDO O ABRAÇO/_GR_9805.JPG,_GR_9805.JPG,1mIJXsAOs6VDsxAVw49DZVYma-A6qTa-R,image/jpeg,17984962,2025-01-04T10:14:08.000Z
JADIELSON/PESSOAIS - JADIELSON/FAMILIA RAFAEL - RECORDANDO O ABRAÇO/_GR_9807.JPG,_GR_9807.JPG,1NN9sBdfzKk4GXXD1UZdlvFNzK0H9f1aS,image/jpeg,16775998,2025-01-04T10:14:09.000Z
JADIELSON/PESSOAIS - JADIELSON/FAMILIA RAFAEL - RECORDANDO O ABRAÇO/_GR_9809.JPG,_GR_9809.JPG,1-EI7ZlCixGRls8eRw0Fn-n_RCDmeUGBh,image/jpeg,12669294,2025-01-04T10:14:09.000Z
JADIELSON/PESSOAIS - JADIELSON/FAMILIA RAFAEL - RECORDANDO O ABRAÇO/_GR_9811.JPG,_GR_9811.JPG,1C6szHx7UUK2GxX2iGpluZfc1J00-XM0g,image/jpeg,13553586,2025-01-04T10:14:14.000Z
JADIELSON/PESSOAIS - JADIELSON/FAMILIA RAFAEL - RECORDANDO O ABRAÇO/_GR_9814.JPG,_GR_9814.JPG,1YtMlECpUUSkpYblPqpj5cayy-nVqbHA6,image/jpeg,10027879,2025-01-04T10:14:14.000Z
JADIELSON/PESSOAIS - JADIELSON/FAMILIA RAFAEL - RECORDANDO O ABRAÇO/_GR_9818.JPG,_GR_9818.JPG,1re5Dn337rfyFI6yZsxX7iSSW2D2-4HCf,image/jpeg,13893434,2025-01-04T10:14:18.000Z
JADIELSON/PESSOAIS - JADIELSON/FAMILIA RAFAEL - RECORDANDO O ABRAÇO/_GR_9819.JPG,_GR_9819.JPG,1RYmg4pqxBPm0Medw7zWHZuEb5h3W7S7x,image/jpeg,17370210,2025-01-04T10:14:19.000Z
JADIELSON/PESSOAIS - JADIELSON/FAMILIA RAFAEL - RECORDANDO O ABRAÇO/_GR_9820.JPG,_GR_9820.JPG,16ecLS_0EkyRMolDHCY_3mljjt6uFNZhV,image/jpeg,17770899,2025-01-04T10:14:20.000Z
JADIELSON/PESSOAIS - JADIELSON/FAMILIA RAFAEL - RECORDANDO O ABRAÇO/_GR_9821.JPG,_GR_9821.JPG,1VBf5-icGOW6BD_iQbNfHQxI83_A7RYTE,image/jpeg,16763934,2025-01-04T10:14:25.000Z
JADIELSON/PESSOAIS - JADIELSON/FAMILIA RAFAEL - RECORDANDO O ABRAÇO/_GR_9822.JPG,_GR_9822.JPG,1uyy2IJORkm9ubNVnjBIiLh2Ingtu1G1B,image/jpeg,16705405,2025-01-04T10:14:25.000Z
JADIELSON/PESSOAIS - JADIELSON/FAMILIA RAFAEL - RECORDANDO O ABRAÇO/_GR_9824.JPG,_GR_9824.JPG,121nf2XZHGKCbYSP9J2_zEdpsm03sj94v,image/jpeg,18666952,2025-01-04T10:14:28.000Z
JADIELSON/PESSOAIS - JADIELSON/FAMILIA RAFAEL - RECORDANDO O ABRAÇO/_GR_9826.JPG,_GR_9826.JPG,1Wf-zwegQM7ZlHBMORwMR2HD1RutvEXwU,image/jpeg,11258976,2025-01-04T10:14:29.000Z
JADIELSON/PESSOAIS - JADIELSON/FAMILIA RAFAEL - RECORDANDO O ABRAÇO/_GR_9827.JPG,_GR_9827.JPG,1-f3WYysZuPDLYAlGsG3b6uOaByG2FJ0R,image/jpeg,15406983,2025-01-04T10:14:30.000Z
JADIELSON/PESSOAIS - JADIELSON/FAMILIA RAFAEL - RECORDANDO O ABRAÇO/_GR_9829.JPG,_GR_9829.JPG,1WF-dTMgCBCp9JySZUTTcQlihu18iCcYc,image/jpeg,17838979,2025-01-04T10:14:35.000Z
JADIELSON/PESSOAIS - JADIELSON/FAMILIA RAFAEL - RECORDANDO O ABRAÇO/_GR_9832.JPG,_GR_9832.JPG,1ZC9JrdMlcb_n5f8lGIsOxigWgE2n5nl5,image/jpeg,11454529,2025-01-04T10:14:33.000Z
JADIELSON/PESSOAIS - JADIELSON/FAMILIA RAFAEL - RECORDANDO O ABRAÇO/_GR_9834.JPG,_GR_9834.JPG,16k-XkiNMA3D_kDsqU0YIbzUErwks-XrY,image/jpeg,14173543,2025-01-04T10:14:37.000Z
JADIELSON/PESSOAIS - JADIELSON/FAMILIA RAFAEL - RECORDANDO O ABRAÇO/_GR_9837.JPG,_GR_9837.JPG,1GcIBIvMaglQFVrzwmtT1MOVnECOTDZ4Q,image/jpeg,12087060,2025-01-04T10:14:39.000Z
JADIELSON/PESSOAIS - JADIELSON/FAMILIA RAFAEL - RECORDANDO O ABRAÇO/_GR_9845.JPG,_GR_9845.JPG,16ep7YbfdbfaHJ90KTbLRGG1EyTFviL02,image/jpeg,14517187,2025-01-04T10:14:40.000Z
JADIELSON/PESSOAIS - JADIELSON/FAMILIA RAFAEL - RECORDANDO O ABRAÇO/_GR_9847.JPG,_GR_9847.JPG,1Mjc9NbNzq9HDaMEb-uy-T19BvBUZuc5f,image/jpeg,13402495,2025-01-04T10:14:41.000Z
JADIELSON/PESSOAIS - JADIELSON/FAMILIA RAFAEL - RECORDANDO O ABRAÇO/_GR_9849.JPG,_GR_9849.JPG,1ZCIA7qa6g5T7ZzVgN20a2jssgvriyYbb,image/jpeg,10027585,2025-01-04T10:14:44.000Z
JADIELSON/PESSOAIS - JADIELSON/FAMILIA RAFAEL - RECORDANDO O ABRAÇO/_GR_9852.JPG,_GR_9852.JPG,1km8JV-tlL-Dd9tovIcF4iPRhevKWmu8J,image/jpeg,12190118,2025-01-04T10:14:48.000Z
JADIELSON/PESSOAIS - JADIELSON/FAMILIA RAFAEL - RECORDANDO O ABRAÇO/_GR_9861.JPG,_GR_9861.JPG,1g1ntGF_bUCh7hIegEjWTc2mGVbhOJYr6,image/jpeg,15207624,2025-01-04T10:14:50.000Z
JADIELSON/PESSOAIS - JADIELSON/FAMILIA RAFAEL - RECORDANDO O ABRAÇO/_GR_9862.JPG,_GR_9862.JPG,1l7LmzuPDDNezSDZROt5_cVYfZM9z_i-w,image/jpeg,17563874,2025-01-04T10:14:51.000Z
JADIELSON/PESSOAIS - JADIELSON/FAMILIA RAFAEL - RECORDANDO O ABRAÇO/_GR_9864.JPG,_GR_9864.JPG,13CvBmcXdP-vPBJYw5Ckh6L-cUiwCkRDw,image/jpeg,13857080,2025-01-04T10:14:52.000Z
JADIELSON/PESSOAIS - JADIELSON/FAMILIA RAFAEL - RECORDANDO O ABRAÇO/_GR_9866.JPG,_GR_9866.JPG,10ZXtFuYHBLr2OSn_opZ5fXWgevxrNHpe,image/jpeg,16071429,2025-01-04T10:14:55.000Z
JADIELSON/PESSOAIS - JADIELSON/FAMILIA RAFAEL - RECORDANDO O ABRAÇO/_GR_9869.JPG,_GR_9869.JPG,15FmaMsN1gyrE0aTFl4Ady9sidrvcime6,image/jpeg,18172961,2025-01-04T10:14:58.000Z
JADIELSON/PESSOAIS - JADIELSON/FAMILIA RAFAEL - RECORDANDO O ABRAÇO/_GR_9874.JPG,_GR_9874.JPG,1_q6n8SAstkVFB6IjQV9_Nkv3OilJZQpj,image/jpeg,19706332,2025-01-04T10:15:00.000Z
JADIELSON/PESSOAIS - JADIELSON/FAMILIA RAFAEL - RECORDANDO O ABRAÇO/_GR_9877.JPG,_GR_9877.JPG,1s0GUPa1agqwflTAZmnxbxnD7aefECeKq,image/jpeg,17706809,2025-01-04T10:15:03.000Z
JADIELSON/PESSOAIS - JADIELSON/FAMILIA RAFAEL - RECORDANDO O ABRAÇO/_GR_9882.JPG,_GR_9882.JPG,1esre_97jbBlk7QgPTzVXEsV7tHq4ZkLq,image/jpeg,17629543,2025-01-04T10:15:05.000Z
JADIELSON/PESSOAIS - JADIELSON/FAMILIA RAFAEL - RECORDANDO O ABRAÇO/_GR_9884.JPG,_GR_9884.JPG,1rNx_S64_6a_8gLmNXaY_mmttVLVMLbpN,image/jpeg,17214748,2025-01-04T10:15:07.000Z
JADIELSON/PESSOAIS - JADIELSON/FAMILIA RAFAEL - RECORDANDO O ABRAÇO/_GR_9889.JPG,_GR_9889.JPG,1LD88joDD3UEc20Sy5dSLiL3Ls6ofRZ5C,image/jpeg,15228740,2025-01-04T10:15:11.000Z
JADIELSON/PESSOAIS - JADIELSON/FAMILIA RAFAEL - RECORDANDO O ABRAÇO/_GR_9893.JPG,_GR_9893.JPG,1BZ4R3ie5WHtKWwy0dDDWMTj_vgWezGyX,image/jpeg,13951978,2025-01-04T10:15:11.000Z
JADIELSON/PESSOAIS - JADIELSON/FAMILIA RAFAEL - RECORDANDO O ABRAÇO/_GR_9895.JPG,_GR_9895.JPG,1AYMFtSmfBeFILXGZKnoOdnPnACB7ta5h,image/jpeg,15225408,2025-01-04T10:15:14.000Z
JADIELSON/PESSOAIS - JADIELSON/FAMILIA RAFAEL - RECORDANDO O ABRAÇO/_GR_9901.JPG,_GR_9901.JPG,1i6BF5c06KvMLgRsK8Pxefv0QucYkdnzA,image/jpeg,10885730,2025-01-04T10:15:14.000Z
JADIELSON/PESSOAIS - JADIELSON/FAMILIA RAFAEL - RECORDANDO O ABRAÇO/_GR_9903.JPG,_GR_9903.JPG,1Ls86fi6zs787TpB0FUmQAgJOpV-hqSKw,image/jpeg,13150584,2025-01-04T10:15:21.000Z
JADIELSON/PESSOAIS - JADIELSON/FAMILIA RAFAEL - RECORDANDO O ABRAÇO/_GR_9908.JPG,_GR_9908.JPG,1lKyU5VdeekmuTVUWbDgwyVxEo0dPVqtH,image/jpeg,11153091,2025-01-04T10:15:20.000Z
JADIELSON/PESSOAIS - JADIELSON/FAMILIA RAFAEL - RECORDANDO O ABRAÇO/_GR_9909.JPG,_GR_9909.JPG,1huPrdi6bm2zXqh6XHaHybQBbT1W4fSzd,image/jpeg,11247118,2025-01-04T10:15:25.000Z
JADIELSON/PESSOAIS - JADIELSON/FAMILIA RAFAEL - RECORDANDO O ABRAÇO/_GR_9911.JPG,_GR_9911.JPG,1Yx18P6VEhEjgnk3q96sHY4kgLpjlT5Qo,image/jpeg,14986385,2025-01-04T10:15:26.000Z
JADIELSON/PESSOAIS - JADIELSON/FAMILIA RAFAEL - RECORDANDO O ABRAÇO/_GR_9914.JPG,_GR_9914.JPG,1NuaTSPPnYXvgoCp9OyuvCy2_tUgdR2_S,image/jpeg,17612859,2025-01-04T10:15:25.000Z
JADIELSON/PESSOAIS - JADIELSON/FAMILIA RAFAEL - RECORDANDO O ABRAÇO/_GR_9920.JPG,_GR_9920.JPG,18Rn6cyn4VmWmrxk-7w8vZSEVH0lMOuUp,image/jpeg,17821646,2025-01-04T10:15:31.000Z
JADIELSON/PESSOAIS - JADIELSON/FAMILIA RAFAEL - RECORDANDO O ABRAÇO/_GR_9926.JPG,_GR_9926.JPG,1F4HG7x0Hx6uz1Wti9MrhgpOhZGfqaw3I,image/jpeg,14625523,2025-01-04T10:15:31.000Z
JADIELSON/PESSOAIS - JADIELSON/FAMILIA RAFAEL - RECORDANDO O ABRAÇO/_GR_9927.JPG,_GR_9927.JPG,1d-WXGPsAqD8SO8bTQCWH2-7vi7pjn0cE,image/jpeg,14060542,2025-01-04T10:15:35.000Z
JADIELSON/PESSOAIS - JADIELSON/FAMILIA RAFAEL - RECORDANDO O ABRAÇO/_GR_9930.JPG,_GR_9930.JPG,1bpRGIt4JO2pUcX-d6VcFRxyA0z7hqQ4i,image/jpeg,14562942,2025-01-04T10:15:35.000Z
JADIELSON/PESSOAIS - JADIELSON/FAMILIA RAFAEL - RECORDANDO O ABRAÇO/_GR_9936.JPG,_GR_9936.JPG,1V6PwVlGOEv3CZ04z9ojXEQMsUNMNXEdo,image/jpeg,15207910,2025-01-04T10:15:35.000Z
JADIELSON/PESSOAIS - JADIELSON/FAMILIA RAFAEL - RECORDANDO O ABRAÇO/_GR_9950.JPG,_GR_9950.JPG,19dXPUuWfh0sxuBPtN00BX1e56_X4eyqt,image/jpeg,12801459,2025-01-04T10:15:42.000Z
JADIELSON/PESSOAIS - JADIELSON/FAMILIA RAFAEL - RECORDANDO O ABRAÇO/_GR_9952.JPG,_GR_9952.JPG,1Z9O-6OpMSw8dnVfCr0Bd4ZlGjLE51ERg,image/jpeg,12403366,2025-01-04T10:15:42.000Z
JADIELSON/PESSOAIS - JADIELSON/FAMILIA RAFAEL - RECORDANDO O ABRAÇO/_GR_9955.JPG,_GR_9955.JPG,1QynqZUyBXJzqj1xz3Yag6atzRVAByw2P,image/jpeg,12439463,2025-01-04T10:15:45.000Z
JADIELSON/PESSOAIS - JADIELSON/FAMILIA RAFAEL - RECORDANDO O ABRAÇO/_GR_9959.JPG,_GR_9959.JPG,11ItLX0XEMjSt3tJl3VHVqkACVLGHMy3U,image/jpeg,10035438,2025-01-04T10:15:45.000Z
JADIELSON/PESSOAIS - JADIELSON/FAMILIA RAFAEL - RECORDANDO O ABRAÇO/_GR_9961.JPG,_GR_9961.JPG,1SaAYyKwae4CmvszYphbQzmhQiCdwqmcM,image/jpeg,11585687,2025-01-04T10:15:45.000Z
JADIELSON/PESSOAIS - JADIELSON/FAMILIA RAFAEL - RECORDANDO O ABRAÇO/_GR_9966.JPG,_GR_9966.JPG,1rRrz7seinTvhqdY_fFX-uz3JSB0m4V3k,image/jpeg,12098691,2025-01-04T10:15:51.000Z
JADIELSON/PESSOAIS - JADIELSON/FAMILIA RAFAEL - RECORDANDO O ABRAÇO/_GR_9973.JPG,_GR_9973.JPG,12NaprWTCLah4lqrRzfCwSzkkophlyBf8,image/jpeg,13037015,2025-01-04T10:15:51.000Z
JADIELSON/PESSOAIS - JADIELSON/FAMILIA RAFAEL - RECORDANDO O ABRAÇO/_GR_9981.JPG,_GR_9981.JPG,1nw0z7hu7Nbhr3hSRyK5yFly1XP74X0Pv,image/jpeg,12588293,2025-01-04T10:15:55.000Z
JADIELSON/PESSOAIS - JADIELSON/FAMILIA RAFAEL - RECORDANDO O ABRAÇO/_GR_9983.JPG,_GR_9983.JPG,11aayq5-ued6RRqKPee9esi7aagIqd3-k,image/jpeg,13254300,2025-01-04T10:15:56.000Z
JADIELSON/PESSOAIS - JADIELSON/FAMILIA RAFAEL - RECORDANDO O ABRAÇO/_GR_9992.JPG,_GR_9992.JPG,10B_1pUUdeshYPqmS_o9Oe3376dp5cXj2,image/jpeg,11199727,2025-01-04T10:15:56.000Z
JADIELSON/PESSOAIS - JADIELSON/FAMILIA RAFAEL - RECORDANDO O ABRAÇO/_GR_9993.JPG,_GR_9993.JPG,1xF41uv7iUafmuzahhtd_12pHtWd9MOD3,image/jpeg,12143758,2025-01-04T10:16:01.000Z
JADIELSON/PESSOAIS - JADIELSON/FAMILIA RAFAEL - RECORDANDO O ABRAÇO/_GR_9994.JPG,_GR_9994.JPG,1zChiq90J0XtY1zbnC96_bwk9A9OW4Cbg,image/jpeg,13300536,2025-01-04T10:16:01.000Z
JADIELSON/PESSOAIS - JADIELSON/IMG_20220722_211235.jpg,IMG_20220722_211235.jpg,13PbvgKG4yUfEIZRf5cHoTj7dlS0QcUVY,image/jpeg,5432885,2023-08-02T20:32:50.000Z
JADIELSON/PESSOAIS - JADIELSON/IMG_20220722_211246.jpg,IMG_20220722_211246.jpg,1QdeROzkyU0837IfpQBWtuQqGm1nowPx4,image/jpeg,5753132,2023-08-02T20:32:48.000Z
JADIELSON/PESSOAIS - JADIELSON/IMG_20220722_211300.jpg,IMG_20220722_211300.jpg,1jiVLGb0oRx8m-Xhz5g0YFisfSYbS2ZEy,image/jpeg,5441443,2023-08-02T20:32:46.000Z
JADIELSON/PESSOAIS - JADIELSON/IMG_20220722_211400.jpg,IMG_20220722_211400.jpg,1u-H5ibY6gK99NHnHSuP8trDkLu0Poia7,image/jpeg,4612904,2023-08-02T20:32:47.000Z
JADIELSON/PESSOAIS - JADIELSON/IMG_20220722_211413.jpg,IMG_20220722_211413.jpg,1bADU08eS2ibp93Xd2wrYlBLXHds2SI2c,image/jpeg,5657473,2023-08-02T20:32:46.000Z
JADIELSON/PESSOAIS - JADIELSON/IMG_20220722_211438.jpg,IMG_20220722_211438.jpg,1FOQdVfL9FrhlTiYzN0MWhi8SyPrVmySO,image/jpeg,5484455,2023-08-02T20:32:44.000Z
JADIELSON/PESSOAIS - JADIELSON/IMG_20220722_211508.jpg,IMG_20220722_211508.jpg,19i3OzS1qHIuN7hs6ga8Fdzy4UWoN6AaR,image/jpeg,5623255,2023-08-02T20:32:44.000Z
JADIELSON/PESSOAIS - JADIELSON/IMG_20220722_211534.jpg,IMG_20220722_211534.jpg,1Loicw1mVsr2m3DHr3NDAPw5rmaYmAX_o,image/jpeg,5346163,2023-08-02T20:32:43.000Z
JADIELSON/PESSOAIS - JADIELSON/IMG_20220722_211540.jpg,IMG_20220722_211540.jpg,1qqE0JpOjuyWigF1CzEULDkjE_Hmcutbc,image/jpeg,5670189,2023-08-02T20:32:43.000Z
JADIELSON/PESSOAIS - JADIELSON/IMG_20220722_211641.jpg,IMG_20220722_211641.jpg,1D3zWNKEtAUJDmEP_RluUT-kb7IDEnx4A,image/jpeg,5401212,2023-08-02T20:32:42.000Z
JADIELSON/PESSOAIS - JADIELSON/JADIELSON/ACADEMIA DE SAÚDE RANCHO - 13.11.24/LGK09934.jpg,LGK09934.jpg,1JfcaG2C5mVAbDXMoXmRzfS3VAvgrdtii,image/jpeg,6883861,2024-12-05T14:55:55.000Z
JADIELSON/PESSOAIS - JADIELSON/JADIELSON/ACADEMIA DE SAÚDE RANCHO - 13.11.24/LGK09935.jpg,LGK09935.jpg,1m2OGLflGG3wKSF9KuhsTJ0m3ouYZlhjX,image/jpeg,7185343,2024-12-05T14:55:55.000Z
JADIELSON/PESSOAIS - JADIELSON/JADIELSON/ACADEMIA DE SAÚDE RANCHO - 13.11.24/LGK09936.jpg,LGK09936.jpg,1lfKaosO_LgeQzDZpGH5V95nUxoT5ClhS,image/jpeg,7186262,2024-12-05T14:55:55.000Z
JADIELSON/PESSOAIS - JADIELSON/JADIELSON/ACADEMIA DE SAÚDE RANCHO - 13.11.24/LGK09937.jpg,LGK09937.jpg,1ldGUrXMTacs3S-cdBz62xRRibqd8IlE2,image/jpeg,6832496,2024-12-05T14:55:55.000Z
JADIELSON/PESSOAIS - JADIELSON/JADIELSON/ACADEMIA DE SAÚDE RANCHO - 13.11.24/LGK09938.jpg,LGK09938.jpg,1c9Mm_Jo7Gx987gFQvmK0aYF2cBawMuqN,image/jpeg,6973670,2024-12-05T14:55:55.000Z
JADIELSON/PESSOAIS - JADIELSON/JADIELSON/ACADEMIA DE SAÚDE RANCHO - 13.11.24/LGK09939.jpg,LGK09939.jpg,1SJHEdqeesmChb5d8uFq5AO4zQGCvkIoG,image/jpeg,6796402,2024-12-05T14:55:55.000Z
JADIELSON/PESSOAIS - JADIELSON/JADIELSON/ACADEMIA DE SAÚDE RANCHO - 13.11.24/LGK09940.jpg,LGK09940.jpg,1DXrLR1dfBACnVZSidApGH8VrDWnRiPjx,image/jpeg,7196755,2024-12-05T14:55:55.000Z
JADIELSON/PESSOAIS - JADIELSON/JADIELSON/ACADEMIA DE SAÚDE RANCHO - 13.11.24/LGK09944.jpg,LGK09944.jpg,1mb4Q8NtpJog-qbInbvxuRrz3vTLCZzYz,image/jpeg,7207828,2024-12-05T14:55:55.000Z
JADIELSON/PESSOAIS - JADIELSON/JADIELSON/ACADEMIA DE SAÚDE RANCHO - 13.11.24/LGK09947.jpg,LGK09947.jpg,19k0uEwp74KvQM06xRAWutC9L7Ph0QGnd,image/jpeg,7238913,2024-12-05T14:55:55.000Z
JADIELSON/PESSOAIS - JADIELSON/JADIELSON/ACADEMIA DE SAÚDE RANCHO - 13.11.24/LGK09949.jpg,LGK09949.jpg,1rcWFUaQqpSSHnxYhXQWgejSfSYf9MveC,image/jpeg,7438064,2024-12-05T14:55:56.000Z
JADIELSON/PESSOAIS - JADIELSON/JADIELSON/Família de Jadielson/LGK09418.jpg,LGK09418.jpg,1v2VmVGFrYayzCLV-xI2WlpWNmUyfNJtD,image/jpeg,14099849,2024-12-05T14:55:56.000Z
JADIELSON/PESSOAIS - JADIELSON/JADIELSON/IMG_20220911_182256.jpg,IMG_20220911_182256.jpg,1yDf6dV_skyxC3hn_vZdb0atpjb6X_vHp,image/jpeg,4339785,2024-12-05T14:55:54.000Z
JADIELSON/PESSOAIS - JADIELSON/NICOLAS_sobrinho/08-04-11_0815.jpg,08-04-11_0815.jpg,1hzadqx_oESS3T9sHAewj7XzlJ3i5EpBu,image/jpeg,342599,2011-11-27T11:51:42.000Z
JADIELSON/PESSOAIS - JADIELSON/NICOLAS_sobrinho/1394205_448986815218742_599833505_n.jpg,1394205_448986815218742_599833505_n.jpg,1n6wRS2fDOZixUfyDRoYJOgUo-S1rRWlO,image/jpeg,76004,2013-10-28T18:08:50.000Z
JADIELSON/PESSOAIS - JADIELSON/NICOLAS_sobrinho/Foto-0183.jpg,Foto-0183.jpg,1L5jHL2-rE82BprKzPn7h_lcTeDaEeLVO,image/jpeg,82352,2011-11-08T21:27:46.000Z
JADIELSON/ROTINAS/CROQUI ROTINA.png,CROQUI ROTINA.png,1oRKtl_nHivbKd6CbNaQ72Mqh47-E9ldP,image/png,6340587,2026-01-12T03:17:33.000Z
JADIELSON/ROTINAS/cartao_anti_estresse_operacao_do_dia.png,cartao_anti_estresse_operacao_do_dia.png,1NTPTF6dPcCKx0lP61c6w7PBvtHSyEEq1,image/png,529489,2025-09-21T12:45:41.000Z
MATRIZ DE AIZEN HAWARD.png,MATRIZ DE AIZEN HAWARD.png,1M1Rf_AqdZaAuHUxrFjbfzt-zWTq84V58,image/png,295422,2026-04-23T02:46:52.000Z
ROTINAS/1f421e31-a7f4-4d11-9c5d-ed853bd4ab3f.png,1f421e31-a7f4-4d11-9c5d-ed853bd4ab3f.png,109x6xy_sg7Ne_GvEe60ZbdCf4dyne7Ke,image/png,1876847,2025-09-13T12:06:10.230Z
ROTINAS/CROQUI ROTINA.png,CROQUI ROTINA.png,1vloh3YI7D8WXjQJvveSlmC71PeR39Oni,image/png,6340587,2026-01-12T03:17:33.890Z
ROTINAS/cartao_anti_estresse_operacao_do_dia.png,cartao_anti_estresse_operacao_do_dia.png,1agstGE37vUto3jpKLJKe7GXtCEnxytKe,image/png,529489,2025-09-21T12:45:41.280Z
CURSOS/._MATRIZ DE AIZEN HAWARD.png,._MATRIZ DE AIZEN HAWARD.png,1QUh-3_3uY5c7psu8pkgsxZOxU18sNS-p,image/png,4096,2026-07-06T06:33:31.391Z
CURSOS/02 - Criando um assistente pessoal com OpenClaw/._01 - Criando nosso assistente pessoal - Catálogo no Telegram ListagemCursos mestredoscursoss.mp4,._01 - Criando nosso assistente pessoal - Catálogo no Telegram ListagemCursos mestredoscursoss.mp4,1QlRc70vUQc07vhDSnstwhvYKI9D8AVws,video/mp4,4096,2026-07-06T06:33:38.821Z
CURSOS/02 - Criando um assistente pessoal com OpenClaw/._02 - Configurando o Discord - Catálogo no Telegram ListagemCursos mestredoscursoss.mp4,._02 - Configurando o Discord - Catálogo no Telegram ListagemCursos mestredoscursoss.mp4,13Xe4nDv7jDrXcwcyNJuJJgBjvKa4DUns,video/mp4,4096,2026-07-06T06:33:40.427Z
CURSOS/02 - Criando um assistente pessoal com OpenClaw/._03 - O primeiro projeto - Morning Brief - Catálogo no Telegram ListagemCursos mestredoscursoss.mp4,._03 - O primeiro projeto - Morning Brief - Catálogo no Telegram ListagemCursos mestredoscursoss.mp4,1gwb4RRLTUtvKxbcziXe6kkzilvUwdaT0,video/mp4,4096,2026-07-06T06:33:40.265Z
CURSOS/02 - Criando um assistente pessoal com OpenClaw/._04 - MCPs Gmail Agenda e outros - Catálogo no Telegram ListagemCursos mestredoscursoss.mp4,._04 - MCPs Gmail Agenda e outros - Catálogo no Telegram ListagemCursos mestredoscursoss.mp4,1rKIlFik5dkGzy8XIPwF6V1ZMwYzPvUe9,video/mp4,4096,2026-07-06T06:33:40.147Z
CURSOS/02 - Criando um assistente pessoal com OpenClaw/._05 - Gestão de custos e OpenRouter - Catálogo no Telegram ListagemCursos mestredoscursoss.mp4,._05 - Gestão de custos e OpenRouter - Catálogo no Telegram ListagemCursos mestredoscursoss.mp4,1JNIWxJd-JA1UmigXKGHky_emX7SmpuFu,video/mp4,4096,2026-07-06T06:33:40.350Z
CURSOS/02 - Criando um assistente pessoal com OpenClaw/._06 - Como eu escolho modelos de AI - Catálogo no Telegram ListagemCursos mestredoscursoss.mp4,._06 - Como eu escolho modelos de AI - Catálogo no Telegram ListagemCursos mestredoscursoss.mp4,1yJQR4uqxAExa53fjJ2yaD8nKEu5wOgHR,video/mp4,4096,2026-07-06T06:33:39.114Z
CURSOS/02 - Criando um assistente pessoal com OpenClaw/._07 - Mission Control criando um Dashboard Pessoal - Catálogo no Telegram ListagemCursos mestredoscursoss.mp4,._07 - Mission Control criando um Dashboard Pessoal - Catálogo no Telegram ListagemCursos mestredoscursoss.mp4,1d8plz_TQjPZmICN2dSJcy4xc4zoIy2Rg,video/mp4,4096,2026-07-06T06:33:40.393Z
CURSOS/02 - Criando um assistente pessoal com OpenClaw/._08 - Um agente ou múltiplos agentes - Catálogo no Telegram ListagemCursos mestredoscursoss.mp4,._08 - Um agente ou múltiplos agentes - Catálogo no Telegram ListagemCursos mestredoscursoss.mp4,1SFXHX8A867B8t5vppGM2odfEsIpuHCZ_,video/mp4,4096,2026-07-06T06:33:38.666Z
CURSOS/02 - Criando um assistente pessoal com OpenClaw/._09 - ClawHub - Catálogo no Telegram ListagemCursos mestredoscursoss.mp4,._09 - ClawHub - Catálogo no Telegram ListagemCursos mestredoscursoss.mp4,1iPWZMaXFs3A3cHwSgfqyybeN_zm0qDtq,video/mp4,4096,2026-07-06T06:33:38.791Z
CURSOS/02 - Criando um assistente pessoal com OpenClaw/._10 - Segurança - Catálogo Telegram @Listagemcursos @mestredoscursoss.mp4,._10 - Segurança - Catálogo Telegram @Listagemcursos @mestredoscursoss.mp4,19Y3HjAtCGg0sPUsP3GKtGRXmAwUp6Nco,video/mp4,4096,2026-07-06T06:33:39.145Z
CURSOS/02 - Criando um assistente pessoal com OpenClaw/01 - Criando nosso assistente pessoal - Catálogo no Telegram ListagemCursos mestredoscursoss.mp4,01 - Criando nosso assistente pessoal - Catálogo no Telegram ListagemCursos mestredoscursoss.mp4,1zG7E5Zdc_AxaE6O81IhcT40ivfueJkt6,video/mp4,85024314,2026-07-06T06:53:36.412Z
CURSOS/02 - Criando um assistente pessoal com OpenClaw/02 - Configurando o Discord - Catálogo no Telegram ListagemCursos mestredoscursoss.mp4,02 - Configurando o Discord - Catálogo no Telegram ListagemCursos mestredoscursoss.mp4,1dBSESfxJfntDhDsa3twZb0ZW7VDJtpe9,video/mp4,194685382,2026-07-06T06:54:12.201Z
CURSOS/02 - Criando um assistente pessoal com OpenClaw/03 - O primeiro projeto - Morning Brief - Catálogo no Telegram ListagemCursos mestredoscursoss.mp4,03 - O primeiro projeto - Morning Brief - Catálogo no Telegram ListagemCursos mestredoscursoss.mp4,1rlln5nJ7O3j9TEd9HGfY3D_4SPsm7O0M,video/mp4,142604457,2026-07-06T06:53:56.099Z
CURSOS/02 - Criando um assistente pessoal com OpenClaw/04 - MCPs Gmail Agenda e outros - Catálogo no Telegram ListagemCursos mestredoscursoss.mp4,04 - MCPs Gmail Agenda e outros - Catálogo no Telegram ListagemCursos mestredoscursoss.mp4,1591CHpLlbY99vXSkCuZWHqtfEIZ5b8R3,video/mp4,126487456,2026-07-06T06:54:19.732Z
CURSOS/02 - Criando um assistente pessoal com OpenClaw/05 - Gestão de custos e OpenRouter - Catálogo no Telegram ListagemCursos mestredoscursoss.mp4,05 - Gestão de custos e OpenRouter - Catálogo no Telegram ListagemCursos mestredoscursoss.mp4,13n7Dsw2HTAm_l5xUbN4LSeQRI0uex3T-,video/mp4,148782533,2026-07-06T06:54:03.043Z
CURSOS/02 - Criando um assistente pessoal com OpenClaw/06 - Como eu escolho modelos de AI - Catálogo no Telegram ListagemCursos mestredoscursoss.mp4,06 - Como eu escolho modelos de AI - Catálogo no Telegram ListagemCursos mestredoscursoss.mp4,1WKK78uR87RBCttVGhqQ41pKkV5JpAHZj,video/mp4,113421792,2026-07-06T06:53:42.782Z
CURSOS/02 - Criando um assistente pessoal com OpenClaw/07 - Mission Control criando um Dashboard Pessoal - Catálogo no Telegram ListagemCursos mestredoscursoss.mp4,07 - Mission Control criando um Dashboard Pessoal - Catálogo no Telegram ListagemCursos mestredoscursoss.mp4,1vkhls0w4DzRgxDFgt4Rwb_0uei_LyRSW,video/mp4,91803376,2026-07-06T06:53:48.695Z
CURSOS/02 - Criando um assistente pessoal com OpenClaw/08 - Um agente ou múltiplos agentes - Catálogo no Telegram ListagemCursos mestredoscursoss.mp4,08 - Um agente ou múltiplos agentes - Catálogo no Telegram ListagemCursos mestredoscursoss.mp4,1_9nTdaXiqZcVMOXurIPyT-zhOfgVrP_D,video/mp4,81578673,2026-07-06T06:53:31.826Z
CURSOS/02 - Criando um assistente pessoal com OpenClaw/09 - ClawHub - Catálogo no Telegram ListagemCursos mestredoscursoss.mp4,09 - ClawHub - Catálogo no Telegram ListagemCursos mestredoscursoss.mp4,13iyL12YDv9jQQhM9MRDREKp-TU7S8lqM,video/mp4,48079761,2026-07-06T06:53:26.298Z
CURSOS/02 - Criando um assistente pessoal com OpenClaw/10 - Segurança - Catálogo Telegram @Listagemcursos @mestredoscursoss.mp4,10 - Segurança - Catálogo Telegram @Listagemcursos @mestredoscursoss.mp4,1WxzcLBv3Mx4w0cXbCbfhn20w5gcl_SoJ,video/mp4,402630054,2026-07-06T06:53:21.646Z
CURSOS/AGENCIA DE ELITE/CERTIFICADOS/Certificado - VTX Group - Jadielson Davi - Prompts de Elite.png,Certificado - VTX Group - Jadielson Davi - Prompts de Elite.png,1HhRBLN-v8CAF-JpT2HfXwh8rTTdqSl_H,image/png,379081,2026-07-06T06:34:13.718Z
CURSOS/ASIMOV,ASIMOV,1p5oEqlCMFG_9mMvZlxI9i8XpgTz2IT9d,application/vnd.google-apps.folder,,2026-07-06T06:38:22.648Z
CURSOS/ASIMOV/._05 - [TRILHA] Python Office - Automações com Python-20260529T114723Z-3-001.zip,._05 - [TRILHA] Python Office - Automações com Python-20260529T114723Z-3-001.zip,1lL9nNWO1P1NjGm5TMN6TFE8dbiLSTJG3,application/zip,4096,2026-07-05T05:26:10.000Z
CURSOS/ASIMOV/._05 - [TRILHA] Python Office - Automações com Python-20260529T114723Z-3-002.zip,._05 - [TRILHA] Python Office - Automações com Python-20260529T114723Z-3-002.zip,12A_TYOb0NfmKCyGTOSliBN2SOnlNqpS6,application/zip,4096,2026-07-05T04:49:30.000Z
CURSOS/ASIMOV/._05 - [TRILHA] Python Office - Automações com Python-20260529T114723Z-3-003.zip,._05 - [TRILHA] Python Office - Automações com Python-20260529T114723Z-3-003.zip,10JrkUkKML3CqBvLZhgjLAR3h0xajCfvw,application/zip,4096,2026-07-05T05:28:01.000Z
CURSOS/ASIMOV/._05 - [TRILHA] Python Office - Automações com Python-20260529T114723Z-3-004.zip,._05 - [TRILHA] Python Office - Automações com Python-20260529T114723Z-3-004.zip,1gtPVyL0X15KyBAP0J2tC-PS8SrcqpTzq,application/zip,4096,2026-07-05T05:27:24.000Z
CURSOS/ASIMOV/._05 - [TRILHA] Python Office - Automações com Python-20260529T114723Z-3-005.zip,._05 - [TRILHA] Python Office - Automações com Python-20260529T114723Z-3-005.zip,1yO_hsI52z2TOc9GUDhdyiBKrr8fhfg60,application/zip,4096,2026-07-05T05:31:20.000Z
CURSOS/ASIMOV/._05 - [TRILHA] Python Office - Automações com Python-20260529T114723Z-3-006.zip,._05 - [TRILHA] Python Office - Automações com Python-20260529T114723Z-3-006.zip,1SJt0-Y16eH3LEmbQ6na1XOlQ4WYo4NXN,application/zip,4096,2026-07-05T05:32:25.000Z
CURSOS/ASIMOV/._05 - [TRILHA] Python Office - Automações com Python-20260529T114723Z-3-007.zip,._05 - [TRILHA] Python Office - Automações com Python-20260529T114723Z-3-007.zip,1Y8FeAtu3T4OWyes5zcz_dcuye4wJQnZw,application/zip,4096,2026-07-05T05:31:53.000Z
CURSOS/ASIMOV/._05 - [TRILHA] Python Office - Automações com Python-20260529T114723Z-3-008.zip,._05 - [TRILHA] Python Office - Automações com Python-20260529T114723Z-3-008.zip,1lMKfVQzcgfe2RuEBIMMU3Z9u_6GD8WZe,application/zip,4096,2026-07-05T05:30:42.000Z
CURSOS/ASIMOV/._05 - [TRILHA] Python Office - Automações com Python-20260529T114723Z-3-009.zip,._05 - [TRILHA] Python Office - Automações com Python-20260529T114723Z-3-009.zip,1LaFuZWg3on1J0fckyMKWQ03Y2fppzyGh,application/zip,4096,2026-07-05T05:28:36.000Z
CURSOS/ASIMOV/._05 - [TRILHA] Python Office - Automações com Python-20260529T114723Z-3-010.zip,._05 - [TRILHA] Python Office - Automações com Python-20260529T114723Z-3-010.zip,1Tin5vi1y8uSgbujWNqWSph2rJ_HRaH9l,application/zip,4096,2026-07-05T05:29:37.000Z
CURSOS/ASIMOV/._05 - [TRILHA] Python Office - Automações com Python-20260529T114723Z-3-011.zip,._05 - [TRILHA] Python Office - Automações com Python-20260529T114723Z-3-011.zip,1NJqNReDTlAn1X7eqvuMocW_DOevi6n4r,application/zip,4096,2026-07-05T05:30:08.000Z
CURSOS/ASIMOV/._05 - [TRILHA] Python Office - Automações com Python-20260529T114723Z-3-012.zip,._05 - [TRILHA] Python Office - Automações com Python-20260529T114723Z-3-012.zip,1GD2kjE6G_s7qnOBRJyuxQrvkDVQhDUpx,application/zip,4096,2026-07-05T05:29:05.000Z
CURSOS/ASIMOV/._06 - [TRILHA] Aprendendo Python-20260529T120724Z-3-001.zip,._06 - [TRILHA] Aprendendo Python-20260529T120724Z-3-001.zip,1k_L5yK-Lsnof61j1kLv7EAu3F-QjTCxy,application/zip,4096,2026-07-05T05:32:59.000Z
CURSOS/ASIMOV/._06 - [TRILHA] Aprendendo Python-20260529T120724Z-3-002.zip,._06 - [TRILHA] Aprendendo Python-20260529T120724Z-3-002.zip,111b1d806wRn06Zj-ukABKwbkQHuJENLp,application/zip,4096,2026-07-05T05:33:44.000Z
CURSOS/ASIMOV/._06 - [TRILHA] Aprendendo Python-20260529T120724Z-3-003.zip,._06 - [TRILHA] Aprendendo Python-20260529T120724Z-3-003.zip,1-JFIeap8zdPf-qv3PyYDfBRr24Ttq2Ys,application/zip,4096,2026-07-05T05:26:47.000Z
CURSOS/ASIMOV/._06 - [TRILHA] Aprendendo Python-20260529T120724Z-3-004.zip,._06 - [TRILHA] Aprendendo Python-20260529T120724Z-3-004.zip,1iw7TIkJpJdXlqIhXbB2EvKnIe80Z57sj,application/zip,4096,2026-07-05T05:34:26.000Z
CURSOS/ASIMOV/._06 - [TRILHA] Aprendendo Python-20260529T120724Z-3-005.zip,._06 - [TRILHA] Aprendendo Python-20260529T120724Z-3-005.zip,1Q9VKVLdiW2SYJh8AFjr84NrY_bcCNxXx,application/zip,4096,2026-07-05T05:33:05.000Z
CURSOS/ASIMOV/._07 - [TRILHA] Python Office - Python para Empresas-20260529T122935Z-3-001.zip,._07 - [TRILHA] Python Office - Python para Empresas-20260529T122935Z-3-001.zip,1KZDluKlecZcxAzB7tCtCg-xh1mPaQsbD,application/zip,4096,2026-07-05T05:41:37.000Z
CURSOS/ASIMOV/._07 - [TRILHA] Python Office - Python para Empresas-20260529T122935Z-3-002.zip,._07 - [TRILHA] Python Office - Python para Empresas-20260529T122935Z-3-002.zip,1gWkGlR8VPy1VjxmZNKRBagWSo_MT31uG,application/zip,4096,2026-07-05T05:35:45.000Z
CURSOS/ASIMOV/._07 - [TRILHA] Python Office - Python para Empresas-20260529T122935Z-3-003.zip,._07 - [TRILHA] Python Office - Python para Empresas-20260529T122935Z-3-003.zip,1SAb0KMo3qiS1LML9MjtKzhxZin78zs6i,application/zip,4096,2026-07-05T05:35:06.000Z
CURSOS/ASIMOV/._07 - [TRILHA] Python Office - Python para Empresas-20260529T122935Z-3-004.zip,._07 - [TRILHA] Python Office - Python para Empresas-20260529T122935Z-3-004.zip,1-zF41JvC5JZXq_GL6HZM7Hhzd8c5DChR,application/zip,4096,2026-07-05T05:36:57.000Z
CURSOS/ASIMOV/._07 - [TRILHA] Python Office - Python para Empresas-20260529T122935Z-3-005.zip,._07 - [TRILHA] Python Office - Python para Empresas-20260529T122935Z-3-005.zip,1_7JJ8kpQKSd8toADGjHZqgv4j0sKzkq4,application/zip,4096,2026-07-05T05:37:34.000Z
CURSOS/ASIMOV/._07 - [TRILHA] Python Office - Python para Empresas-20260529T122935Z-3-006.zip,._07 - [TRILHA] Python Office - Python para Empresas-20260529T122935Z-3-006.zip,1jKb2teKuK0lJFRPC345602g-dSpwxGuE,application/zip,4096,2026-07-05T05:40:58.000Z
CURSOS/ASIMOV/._07 - [TRILHA] Python Office - Python para Empresas-20260529T122935Z-3-007.zip,._07 - [TRILHA] Python Office - Python para Empresas-20260529T122935Z-3-007.zip,1wtvpgtByya8KvXncjmoSyTv3_vhMeTjg,application/zip,4096,2026-07-05T05:38:45.000Z
CURSOS/ASIMOV/._07 - [TRILHA] Python Office - Python para Empresas-20260529T122935Z-3-008.zip,._07 - [TRILHA] Python Office - Python para Empresas-20260529T122935Z-3-008.zip,1vEydMbKu_DnhdYACAzy2XtS-6h0P37G-,application/zip,4096,2026-07-05T05:39:17.000Z
CURSOS/ASIMOV/._07 - [TRILHA] Python Office - Python para Empresas-20260529T122935Z-3-009.zip,._07 - [TRILHA] Python Office - Python para Empresas-20260529T122935Z-3-009.zip,1omqoPm_zSBeK3rCIed4PuPhKZ018aLmc,application/zip,4096,2026-07-05T05:40:19.000Z
CURSOS/ASIMOV/._07 - [TRILHA] Python Office - Python para Empresas-20260529T122935Z-3-010.zip,._07 - [TRILHA] Python Office - Python para Empresas-20260529T122935Z-3-010.zip,1MxLLSgoRVOK2Fmwenagr7s8pEqWSXWs7,application/zip,4096,2026-07-05T05:36:19.000Z
CURSOS/ASIMOV/._07 - [TRILHA] Python Office - Python para Empresas-20260529T122935Z-3-011.zip,._07 - [TRILHA] Python Office - Python para Empresas-20260529T122935Z-3-011.zip,1Iq91eK9SP8beUDt6aOi1Cla8CEJ-Rw9d,application/zip,4096,2026-07-05T05:38:06.000Z
CURSOS/ASIMOV/._07 - [TRILHA] Python Office - Python para Empresas-20260529T122935Z-3-012.zip,._07 - [TRILHA] Python Office - Python para Empresas-20260529T122935Z-3-012.zip,1QxO_HLOFBLtxA0vuJpjveHzuVx9yumUE,application/zip,4096,2026-07-05T05:39:41.000Z
CURSOS/ASIMOV/._Discord.dmg,._Discord.dmg,114NtUGL7-ii5Wkjzg2dT9xiONTuLfqHi,application/x-apple-diskimage,4096,2026-07-05T05:34:29.000Z
CURSOS/ASIMOV/05 - [TRILHA] Python Office - Automações com Python-20260529T114723Z-3-001.zip,05 - [TRILHA] Python Office - Automações com Python-20260529T114723Z-3-001.zip,1KAPtTzCnDWM_AZLGDb-phC_HU5-kbtf6,application/zip,2137747700,2026-05-29T12:04:29.000Z
CURSOS/ASIMOV/05 - [TRILHA] Python Office - Automações com Python-20260529T114723Z-3-002.zip,05 - [TRILHA] Python Office - Automações com Python-20260529T114723Z-3-002.zip,1qLHdX8fM00b8i3fCSbd3BJP_BQSyVN3O,application/zip,2125364208,2026-05-29T12:04:27.000Z
CURSOS/ASIMOV/05 - [TRILHA] Python Office - Automações com Python-20260529T114723Z-3-003.zip,05 - [TRILHA] Python Office - Automações com Python-20260529T114723Z-3-003.zip,1WDQbdezyoek1JFIw75J9fNtxrtc7XnUE,application/zip,2121198097,2026-05-29T12:04:25.000Z
CURSOS/ASIMOV/05 - [TRILHA] Python Office - Automações com Python-20260529T114723Z-3-004.zip,05 - [TRILHA] Python Office - Automações com Python-20260529T114723Z-3-004.zip,1tY8cks8A-XtboiQK_U3ey7hZ8m6YjASN,application/zip,2125161742,2026-05-29T12:04:26.000Z
CURSOS/ASIMOV/05 - [TRILHA] Python Office - Automações com Python-20260529T114723Z-3-005.zip,05 - [TRILHA] Python Office - Automações com Python-20260529T114723Z-3-005.zip,1VNWJ4gwpBOokwoiLCN7XJvFugZ-SyFBw,application/zip,2123240578,2026-05-29T12:04:27.000Z
CURSOS/ASIMOV/05 - [TRILHA] Python Office - Automações com Python-20260529T114723Z-3-006.zip,05 - [TRILHA] Python Office - Automações com Python-20260529T114723Z-3-006.zip,1L5BRumGk4_9SWFFVE8G9ojrcC-nxLI9U,application/zip,2142864290,2026-05-29T12:04:31.000Z
CURSOS/ASIMOV/05 - [TRILHA] Python Office - Automações com Python-20260529T114723Z-3-007.zip,05 - [TRILHA] Python Office - Automações com Python-20260529T114723Z-3-007.zip,1D6VzrC8vBgD9gc1y3a5HfZmhHLNmEUUV,application/zip,2128851596,2026-05-29T12:04:28.000Z
CURSOS/ASIMOV/05 - [TRILHA] Python Office - Automações com Python-20260529T114723Z-3-008.zip,05 - [TRILHA] Python Office - Automações com Python-20260529T114723Z-3-008.zip,1AH1vr1gXWVftB3QzoHoVSbsOkhXpJozX,application/zip,2118006078,2026-05-29T12:04:23.000Z
CURSOS/ASIMOV/05 - [TRILHA] Python Office - Automações com Python-20260529T114723Z-3-009.zip,05 - [TRILHA] Python Office - Automações com Python-20260529T114723Z-3-009.zip,1RVM_rewKOGPZ-Ff7qe6fQNz4o4kOmRAc,application/zip,2116787676,2026-05-29T12:04:24.000Z
CURSOS/ASIMOV/05 - [TRILHA] Python Office - Automações com Python-20260529T114723Z-3-010.zip,05 - [TRILHA] Python Office - Automações com Python-20260529T114723Z-3-010.zip,16VpnjkGpweS0SMGjs4RRkq1lixqFW12T,application/zip,2094418682,2026-05-29T12:04:19.000Z
CURSOS/ASIMOV/05 - [TRILHA] Python Office - Automações com Python-20260529T114723Z-3-011.zip,05 - [TRILHA] Python Office - Automações com Python-20260529T114723Z-3-011.zip,1esEtE2_5SzK5dHi5I9thCmI811vU5g9x,application/zip,2069115539,2026-05-29T12:04:04.000Z
CURSOS/ASIMOV/05 - [TRILHA] Python Office - Automações com Python-20260529T114723Z-3-012.zip,05 - [TRILHA] Python Office - Automações com Python-20260529T114723Z-3-012.zip,1c_k7CBERJZRbbugkMNKoERAGh7npfnx5,application/zip,1689196051,2026-05-29T12:01:43.000Z
CURSOS/ASIMOV/06 - [TRILHA] Aprendendo Python-20260529T120724Z-3-001.zip,06 - [TRILHA] Aprendendo Python-20260529T120724Z-3-001.zip,1h77BBaI8Wy4-zVF6VoVzve49InlXItH3,application/zip,2130759116,2026-05-29T12:14:34.000Z
CURSOS/ASIMOV/06 - [TRILHA] Aprendendo Python-20260529T120724Z-3-002.zip,06 - [TRILHA] Aprendendo Python-20260529T120724Z-3-002.zip,1SR9k1UKaM_SO8aGgl-0S9la7a86Fh5JK,application/zip,2102784968,2026-05-29T12:14:25.000Z
CURSOS/ASIMOV/06 - [TRILHA] Aprendendo Python-20260529T120724Z-3-003.zip,06 - [TRILHA] Aprendendo Python-20260529T120724Z-3-003.zip,1FYkJMAVQ0nIQLjSeCGK8oLYEd-7N-EBm,application/zip,2103456321,2026-05-29T12:14:15.000Z
CURSOS/ASIMOV/06 - [TRILHA] Aprendendo Python-20260529T120724Z-3-004.zip,06 - [TRILHA] Aprendendo Python-20260529T120724Z-3-004.zip,15CuNcBKAtCmO6GcSyfRWL92P1FkQlHOp,application/zip,2122868068,2026-05-29T12:14:28.000Z
CURSOS/ASIMOV/06 - [TRILHA] Aprendendo Python-20260529T120724Z-3-005.zip,06 - [TRILHA] Aprendendo Python-20260529T120724Z-3-005.zip,1oZW9hEkySLV8Y2jU_BqnCjdwO6KksxIf,application/zip,384659906,2026-05-29T12:10:21.000Z
CURSOS/ASIMOV/07 - [TRILHA] Python Office - Python para Empresas-20260529T122935Z-3-001.zip,07 - [TRILHA] Python Office - Python para Empresas-20260529T122935Z-3-001.zip,1I8ZlxnF5GObIX0utoKEyG_hcSQ_b15BF,application/zip,2144333741,2026-05-29T12:45:28.000Z
CURSOS/ASIMOV/07 - [TRILHA] Python Office - Python para Empresas-20260529T122935Z-3-002.zip,07 - [TRILHA] Python Office - Python para Empresas-20260529T122935Z-3-002.zip,1fksGNJVAJsKeKlR6dNp2zMCEm-henJEq,application/zip,2127996908,2026-05-29T12:45:27.000Z
CURSOS/ASIMOV/07 - [TRILHA] Python Office - Python para Empresas-20260529T122935Z-3-003.zip,07 - [TRILHA] Python Office - Python para Empresas-20260529T122935Z-3-003.zip,1wflH2C7NudLWKN_88E51Qpbl4wF1rg8n,application/zip,2139805346,2026-05-29T12:45:28.000Z
CURSOS/ASIMOV/07 - [TRILHA] Python Office - Python para Empresas-20260529T122935Z-3-004.zip,07 - [TRILHA] Python Office - Python para Empresas-20260529T122935Z-3-004.zip,1ObzAa8M6R-Oy9T5Cdrpe4BLPbHveJG4M,application/zip,2138058551,2026-05-29T12:45:28.000Z
CURSOS/ASIMOV/07 - [TRILHA] Python Office - Python para Empresas-20260529T122935Z-3-005.zip,07 - [TRILHA] Python Office - Python para Empresas-20260529T122935Z-3-005.zip,1R8owTY_lbTwMocptu4vDaBYDqRxQgbJP,application/zip,2126506904,2026-05-29T12:45:27.000Z
CURSOS/ASIMOV/07 - [TRILHA] Python Office - Python para Empresas-20260529T122935Z-3-006.zip,07 - [TRILHA] Python Office - Python para Empresas-20260529T122935Z-3-006.zip,1Y9r_Q-G-dhYLLFk48llRXHHTt4NRI05W,application/zip,2126923156,2026-05-29T12:45:27.000Z
CURSOS/ASIMOV/07 - [TRILHA] Python Office - Python para Empresas-20260529T122935Z-3-007.zip,07 - [TRILHA] Python Office - Python para Empresas-20260529T122935Z-3-007.zip,1v_VUe55JqQD4c_fCn-83Sb8XAkWmBVav,application/zip,2121863735,2026-05-29T12:45:22.000Z
CURSOS/ASIMOV/07 - [TRILHA] Python Office - Python para Empresas-20260529T122935Z-3-008.zip,07 - [TRILHA] Python Office - Python para Empresas-20260529T122935Z-3-008.zip,1LFzdLauL9vZcNK-otF9BlDI5ZvqOJG1Q,application/zip,2099408320,2026-05-29T12:45:03.000Z
CURSOS/ASIMOV/07 - [TRILHA] Python Office - Python para Empresas-20260529T122935Z-3-009.zip,07 - [TRILHA] Python Office - Python para Empresas-20260529T122935Z-3-009.zip,1cxGe1DvdVsZW2oUezbhw71bUK_o7P_DP,application/zip,2084264317,2026-05-29T12:45:01.000Z
CURSOS/ASIMOV/07 - [TRILHA] Python Office - Python para Empresas-20260529T122935Z-3-010.zip,07 - [TRILHA] Python Office - Python para Empresas-20260529T122935Z-3-010.zip,1zKpBQUjhixX9tH7LpABRw9McW8zfLGSR,application/zip,2080858730,2026-05-29T12:44:59.000Z
CURSOS/ASIMOV/07 - [TRILHA] Python Office - Python para Empresas-20260529T122935Z-3-011.zip,07 - [TRILHA] Python Office - Python para Empresas-20260529T122935Z-3-011.zip,1rmq5Jeg8-KVxrMvV9j0P5Qd9WpdXHCH0,application/zip,2005455203,2026-05-29T12:44:39.000Z
CURSOS/ASIMOV/07 - [TRILHA] Python Office - Python para Empresas-20260529T122935Z-3-012.zip,07 - [TRILHA] Python Office - Python para Empresas-20260529T122935Z-3-012.zip,1M4mPZW7OYUcAmtdQbGsLqVysrzXHuOMg,application/zip,1470815151,2026-05-29T12:40:20.000Z
CURSOS/ASIMOV/Discord.dmg,Discord.dmg,1f1GOy1k6ozk-4TMmBdp8eg6D9z5y2qeb,application/x-apple-diskimage,199067378,2026-05-29T12:43:52.000Z
CURSOS/ASIMOV/Engenharia de Dados,Engenharia de Dados,1VwP8xOe-Unc4W89CSl_NJdbd5QlyCAlN,application/vnd.google-apps.folder,,2026-07-06T06:39:35.361Z
CURSOS/ASIMOV/Engenharia de Dados/._03 - [TRILHA] Engenharia de Dados-20260529T110445Z-3-001.zip,._03 - [TRILHA] Engenharia de Dados-20260529T110445Z-3-001.zip,1VCTwnRhtH-scG1RP6ehs7lJoPKsu_PVV,application/zip,4096,2026-07-06T06:39:40.658Z
CURSOS/ASIMOV/Engenharia de Dados/._03 - [TRILHA] Engenharia de Dados-20260529T110445Z-3-002.zip,._03 - [TRILHA] Engenharia de Dados-20260529T110445Z-3-002.zip,1DPXxOTmGc1LENWdYk1U4x3aDTa-Y3Ekk,application/zip,4096,2026-07-06T06:39:40.706Z
CURSOS/ASIMOV/Engenharia de Dados/._03 - [TRILHA] Engenharia de Dados-20260529T110445Z-3-003.zip,._03 - [TRILHA] Engenharia de Dados-20260529T110445Z-3-003.zip,1sSyMWOEJJu63TLN-MxQOLBNthkHm6jG5,application/zip,4096,2026-07-06T06:39:40.695Z
CURSOS/ASIMOV/Engenharia de Dados/._03 - [TRILHA] Engenharia de Dados-20260529T110445Z-3-004.zip,._03 - [TRILHA] Engenharia de Dados-20260529T110445Z-3-004.zip,1EhxoOd5zAs5phGhCNch3FjDo7Rezs4jT,application/zip,4096,2026-07-06T06:39:40.612Z
CURSOS/ASIMOV/Engenharia de Dados/._03 - [TRILHA] Engenharia de Dados-20260529T110445Z-3-005.zip,._03 - [TRILHA] Engenharia de Dados-20260529T110445Z-3-005.zip,1koyDhalrAUOolSARRgM3i01mF8eLbd3M,application/zip,4096,2026-07-06T06:39:38.371Z
CURSOS/ASIMOV/Engenharia de Dados/._03 - [TRILHA] Engenharia de Dados-20260529T110445Z-3-006.zip,._03 - [TRILHA] Engenharia de Dados-20260529T110445Z-3-006.zip,1-ENIUTEdg7UVIDKwjp_z3PIRcWCeldPH,application/zip,4096,2026-07-06T06:39:38.341Z
CURSOS/ASIMOV/Engenharia de Dados/._03 - [TRILHA] Engenharia de Dados-20260529T110445Z-3-007.zip,._03 - [TRILHA] Engenharia de Dados-20260529T110445Z-3-007.zip,1gPV6DyB4DWaLKkPwQjTw9ryihIWD0eZR,application/zip,4096,2026-07-06T06:39:38.388Z
CURSOS/ASIMOV/Engenharia de Dados/._03 - [TRILHA] Engenharia de Dados-20260529T110445Z-3-008.zip,._03 - [TRILHA] Engenharia de Dados-20260529T110445Z-3-008.zip,1Uu8NW5VByeuthTPn8Gi3tJ2yj0ZDUVEs,application/zip,4096,2026-07-06T06:39:38.232Z
CURSOS/ASIMOV/Engenharia de Dados/._03 - [TRILHA] Engenharia de Dados-20260529T110445Z-3-009.zip,._03 - [TRILHA] Engenharia de Dados-20260529T110445Z-3-009.zip,1cLpp54J-MRykQx87tB-IYA3tOS_aBKzz,application/zip,4096,2026-07-06T06:39:38.265Z
CURSOS/ASIMOV/Engenharia de Dados/._04 - [TRILHA] Python para Web-20260529T111639Z-3-001.zip,._04 - [TRILHA] Python para Web-20260529T111639Z-3-001.zip,1gh_u_RZdxGtSRruP9TCweWq2cpHt1Ffl,application/zip,4096,2026-07-06T06:39:38.257Z
CURSOS/ASIMOV/Engenharia de Dados/._04 - [TRILHA] Python para Web-20260529T111639Z-3-002.zip,._04 - [TRILHA] Python para Web-20260529T111639Z-3-002.zip,1JGGD2TCTBp-JRk78sw84baf1kzn0arz7,application/zip,4096,2026-07-06T06:39:38.318Z
CURSOS/ASIMOV/Engenharia de Dados/._04 - [TRILHA] Python para Web-20260529T111639Z-3-003.zip,._04 - [TRILHA] Python para Web-20260529T111639Z-3-003.zip,1VrOqaGMyjGz3jPBq9flmVV82cAFF2jT0,application/zip,4096,2026-07-06T06:39:38.298Z
CURSOS/ASIMOV/Engenharia de Dados/._04 - [TRILHA] Python para Web-20260529T111639Z-3-004.zip,._04 - [TRILHA] Python para Web-20260529T111639Z-3-004.zip,1MV0I2hZeJSYGATYAyxRXqlrl5IHiQJtd,application/zip,4096,2026-07-06T06:39:38.194Z
CURSOS/ASIMOV/Engenharia de Dados/._04 - [TRILHA] Python para Web-20260529T111639Z-3-005.zip,._04 - [TRILHA] Python para Web-20260529T111639Z-3-005.zip,19B2axhng_6CWp5aveoaknT0dsgVDQPsg,application/zip,4096,2026-07-06T06:39:38.223Z
CURSOS/ASIMOV/Engenharia de Dados/._04 - [TRILHA] Python para Web-20260529T111639Z-3-006.zip,._04 - [TRILHA] Python para Web-20260529T111639Z-3-006.zip,1bBnwX9arlsssXgArov3UEW6n9NCDQPUe,application/zip,4096,2026-07-06T06:39:38.264Z
CURSOS/ASIMOV/Engenharia de Dados/._04 - [TRILHA] Python para Web-20260529T111639Z-3-007.zip,._04 - [TRILHA] Python para Web-20260529T111639Z-3-007.zip,1FUn7oKfzSmT4ZdisuVDGjF85LlW_ObxE,application/zip,4096,2026-07-06T06:39:38.135Z
CURSOS/ASIMOV/Engenharia de Dados/._10 - [TRILHA] Trading Quantitativo-20260529T103043Z-3-001.zip,._10 - [TRILHA] Trading Quantitativo-20260529T103043Z-3-001.zip,1azEoZ1LGV8jSbOWcExoHVtarYzW7oQPj,application/zip,4096,2026-07-06T06:39:38.188Z
CURSOS/ASIMOV/Engenharia de Dados/._10 - [TRILHA] Trading Quantitativo-20260529T103043Z-3-002.zip,._10 - [TRILHA] Trading Quantitativo-20260529T103043Z-3-002.zip,1q8HC4msnmNtiVKcZYFiQA4ygccd02qyO,application/zip,4096,2026-07-06T06:39:38.164Z
CURSOS/ASIMOV/Engenharia de Dados/._10 - [TRILHA] Trading Quantitativo-20260529T103043Z-3-003.zip,._10 - [TRILHA] Trading Quantitativo-20260529T103043Z-3-003.zip,1w7bVZURvk2On__jyYlDj5hq07BrNdQhw,application/zip,4096,2026-07-06T06:39:37.887Z
CURSOS/ASIMOV/Engenharia de Dados/._10 - [TRILHA] Trading Quantitativo-20260529T103043Z-3-004.zip,._10 - [TRILHA] Trading Quantitativo-20260529T103043Z-3-004.zip,1WwvQ3KF5Cc6F3rYxZDGMHGJtKQiziOm7,application/zip,4096,2026-07-06T06:39:37.709Z
CURSOS/ASIMOV/Engenharia de Dados/03 - [TRILHA] Engenharia de Dados-20260529T110445Z-3-001.zip,03 - [TRILHA] Engenharia de Dados-20260529T110445Z-3-001.zip,1j0JxBR59Hmw886qztEXwr9n8khhVlM3a,application/zip,2141332567,2026-05-29T11:14:56.000Z
CURSOS/ASIMOV/Engenharia de Dados/03 - [TRILHA] Engenharia de Dados-20260529T110445Z-3-002.zip,03 - [TRILHA] Engenharia de Dados-20260529T110445Z-3-002.zip,1m7I-gTvH9K8VjIsjCc6A-ArHTvwOrDCm,application/zip,2129750669,2026-05-29T11:14:54.000Z
CURSOS/ASIMOV/Engenharia de Dados/03 - [TRILHA] Engenharia de Dados-20260529T110445Z-3-003.zip,03 - [TRILHA] Engenharia de Dados-20260529T110445Z-3-003.zip,1aJaMLaCzyv64JCPZDhoUiSf7_0LPIwOg,application/zip,2122029586,2026-05-29T11:14:53.000Z
CURSOS/ASIMOV/Engenharia de Dados/03 - [TRILHA] Engenharia de Dados-20260529T110445Z-3-004.zip,03 - [TRILHA] Engenharia de Dados-20260529T110445Z-3-004.zip,16PVWyib3EBG2EWS1v0bfsIEmw_bB6z1z,application/zip,2109864902,2026-05-29T11:14:45.000Z
CURSOS/ASIMOV/Engenharia de Dados/03 - [TRILHA] Engenharia de Dados-20260529T110445Z-3-005.zip,03 - [TRILHA] Engenharia de Dados-20260529T110445Z-3-005.zip,10Q8Y2bdoCr77uDloOxgrWY44lrU8sflh,application/zip,2127812390,2026-05-29T11:14:54.000Z
CURSOS/ASIMOV/Engenharia de Dados/03 - [TRILHA] Engenharia de Dados-20260529T110445Z-3-006.zip,03 - [TRILHA] Engenharia de Dados-20260529T110445Z-3-006.zip,1UMLG5Sk04ybk8gMJWYvdhK0u7JlG1AWp,application/zip,2123101537,2026-05-29T11:14:54.000Z
CURSOS/ASIMOV/Engenharia de Dados/03 - [TRILHA] Engenharia de Dados-20260529T110445Z-3-007.zip,03 - [TRILHA] Engenharia de Dados-20260529T110445Z-3-007.zip,1RWD3eKJ4jAx0scslL4NiMKeGkX-I0xuA,application/zip,2116060720,2026-05-29T11:14:53.000Z
CURSOS/ASIMOV/Engenharia de Dados/03 - [TRILHA] Engenharia de Dados-20260529T110445Z-3-008.zip,03 - [TRILHA] Engenharia de Dados-20260529T110445Z-3-008.zip,1Ee8tWr53SPbsVKLMZD3_DSKNrYoYT4_8,application/zip,2111058668,2026-05-29T11:14:54.000Z
CURSOS/ASIMOV/Engenharia de Dados/03 - [TRILHA] Engenharia de Dados-20260529T110445Z-3-009.zip,03 - [TRILHA] Engenharia de Dados-20260529T110445Z-3-009.zip,1PFzmn9zlSkbh-YMtwa9YZkMSIAjGyz9S,application/zip,737007490,2026-05-29T11:08:45.000Z
CURSOS/ASIMOV/Engenharia de Dados/04 - [TRILHA] Python para Web-20260529T111639Z-3-001.zip,04 - [TRILHA] Python para Web-20260529T111639Z-3-001.zip,1Z3paIK67qVnU0K3U8NA8BUPyHoHVAw6M,application/zip,2120993168,2026-05-29T11:25:19.000Z
CURSOS/ASIMOV/Engenharia de Dados/04 - [TRILHA] Python para Web-20260529T111639Z-3-002.zip,04 - [TRILHA] Python para Web-20260529T111639Z-3-002.zip,1mk0wisOVGErCMIDDc8ECmIW-SENU3cmE,application/zip,2132542463,2026-05-29T11:25:20.000Z
CURSOS/ASIMOV/Engenharia de Dados/04 - [TRILHA] Python para Web-20260529T111639Z-3-003.zip,04 - [TRILHA] Python para Web-20260529T111639Z-3-003.zip,1RLlnMn-a5aoO5waxwxgh-7O3DtbQNcN5,application/zip,2108898136,2026-05-29T11:25:17.000Z
CURSOS/ASIMOV/Engenharia de Dados/04 - [TRILHA] Python para Web-20260529T111639Z-3-004.zip,04 - [TRILHA] Python para Web-20260529T111639Z-3-004.zip,1dZ26rFYkObv1Uj-RDeF7AHhv0PCmzfKb,application/zip,2127459862,2026-05-29T11:25:20.000Z
CURSOS/ASIMOV/Engenharia de Dados/04 - [TRILHA] Python para Web-20260529T111639Z-3-005.zip,04 - [TRILHA] Python para Web-20260529T111639Z-3-005.zip,1IUG8jCiDtBAkMidmBCJfmi1tjMWH5Zyv,application/zip,2099689441,2026-05-29T11:25:15.000Z
CURSOS/ASIMOV/Engenharia de Dados/04 - [TRILHA] Python para Web-20260529T111639Z-3-006.zip,04 - [TRILHA] Python para Web-20260529T111639Z-3-006.zip,1U_oI9PuwyyvcmMhGL10StbAJ1cw7-QEI,application/zip,2127306591,2026-05-29T11:25:21.000Z
CURSOS/ASIMOV/Engenharia de Dados/04 - [TRILHA] Python para Web-20260529T111639Z-3-007.zip,04 - [TRILHA] Python para Web-20260529T111639Z-3-007.zip,17NI-PX_N3q_X-ICzNpCN5nswqUPLX5Zx,application/zip,1337505858,2026-05-29T11:21:54.000Z
CURSOS/ASIMOV/Engenharia de Dados/10 - [TRILHA] Trading Quantitativo-20260529T103043Z-3-001.zip,10 - [TRILHA] Trading Quantitativo-20260529T103043Z-3-001.zip,16nbwEJtkz-CFsfT8cS4-CH12AyyWJ9Ok,application/zip,2111434689,2026-05-29T10:35:06.000Z
CURSOS/ASIMOV/Engenharia de Dados/10 - [TRILHA] Trading Quantitativo-20260529T103043Z-3-002.zip,10 - [TRILHA] Trading Quantitativo-20260529T103043Z-3-002.zip,1v0jOWFZ-YnsfJ2zl3VBos5Xm_y28taVk,application/zip,2118645937,2026-05-29T10:35:15.000Z
CURSOS/ASIMOV/Engenharia de Dados/10 - [TRILHA] Trading Quantitativo-20260529T103043Z-3-003.zip,10 - [TRILHA] Trading Quantitativo-20260529T103043Z-3-003.zip,1cGjAb-uJqZmJ5q_2WG5lsx6vKPbpjlRP,application/zip,2118921078,2026-05-29T10:34:49.000Z
CURSOS/ASIMOV/Engenharia de Dados/10 - [TRILHA] Trading Quantitativo-20260529T103043Z-3-004.zip,10 - [TRILHA] Trading Quantitativo-20260529T103043Z-3-004.zip,1mRPUxzCNuI5YHXtooMw-zPNDTq3CQDzM,application/zip,1295357003,2026-05-29T10:33:41.000Z
CURSOS/ASIMOV/Formações em Python & Inteligência Artificial,Formações em Python & Inteligência Artificial,1bHncsc53bdByOPICLC9K0j7wzxb0irhM,application/vnd.google-apps.folder,,2026-07-06T06:39:35.361Z
CURSOS/ASIMOV/Formações em Python & Inteligência Artificial/._Formações em Python & Inteligência Artificial-20260529T103415Z-3-001.zip,._Formações em Python & Inteligência Artificial-20260529T103415Z-3-001.zip,1v9wipFusNleRXpFDh06h27raGH59cNWE,application/zip,4096,2026-07-06T06:39:47.833Z
CURSOS/ASIMOV/Formações em Python & Inteligência Artificial/._Formações em Python & Inteligência Artificial-20260529T103415Z-3-002.zip,._Formações em Python & Inteligência Artificial-20260529T103415Z-3-002.zip,19zHUfxOXsJOT7SA3YyD5j6CUGBguFl2Q,application/zip,4096,2026-07-06T06:39:47.923Z
CURSOS/ASIMOV/Formações em Python & Inteligência Artificial/._Formações em Python & Inteligência Artificial-20260529T103415Z-3-003.zip,._Formações em Python & Inteligência Artificial-20260529T103415Z-3-003.zip,1M68hrt0tFl7KrKNyvCjIk2yjhrq1k9vh,application/zip,4096,2026-07-06T06:39:47.587Z
CURSOS/ASIMOV/Formações em Python & Inteligência Artificial/._Formações em Python & Inteligência Artificial-20260529T103415Z-3-004.zip,._Formações em Python & Inteligência Artificial-20260529T103415Z-3-004.zip,1TdTYOeV58a1-uNH2vFoI1MCgsQ-10p68,application/zip,4096,2026-07-06T06:39:47.966Z
CURSOS/ASIMOV/Formações em Python & Inteligência Artificial/._Formações em Python & Inteligência Artificial-20260529T103415Z-3-005.zip,._Formações em Python & Inteligência Artificial-20260529T103415Z-3-005.zip,1xwoJrg8ipNf9UeBz55N1N3UPp8Rd-vBM,application/zip,4096,2026-07-06T06:39:46.525Z
CURSOS/ASIMOV/Formações em Python & Inteligência Artificial/._Formações em Python & Inteligência Artificial-20260529T103415Z-3-006.zip,._Formações em Python & Inteligência Artificial-20260529T103415Z-3-006.zip,1DJ6GdsvBqPURZIc9J-1oLrD8c0MVh2Kd,application/zip,4096,2026-07-06T06:39:46.664Z
CURSOS/ASIMOV/Formações em Python & Inteligência Artificial/._Formações em Python & Inteligência Artificial-20260529T103415Z-3-007.zip,._Formações em Python & Inteligência Artificial-20260529T103415Z-3-007.zip,1RHwBW9cm2mMtJxa54zKn_R9srbMDgk-u,application/zip,4096,2026-07-06T06:39:46.543Z
CURSOS/ASIMOV/Formações em Python & Inteligência Artificial/._Formações em Python & Inteligência Artificial-20260529T103415Z-3-008.zip,._Formações em Python & Inteligência Artificial-20260529T103415Z-3-008.zip,1XWnkx4NzWQVbigsYiJ0KFe-X8lsTAMBZ,application/zip,4096,2026-07-06T06:39:46.449Z
CURSOS/ASIMOV/Formações em Python & Inteligência Artificial/._Formações em Python & Inteligência Artificial-20260529T103415Z-3-009.zip,._Formações em Python & Inteligência Artificial-20260529T103415Z-3-009.zip,17RubJXjOMoJW3yEpSAL77KpRo-7eqkB_,application/zip,4096,2026-07-06T06:39:46.535Z
CURSOS/ASIMOV/Formações em Python & Inteligência Artificial/._Formações em Python & Inteligência Artificial-20260529T103415Z-3-010.zip,._Formações em Python & Inteligência Artificial-20260529T103415Z-3-010.zip,11vwPwAPI9jTSU0qfTUzYpYbUuHuF2pvW,application/zip,4096,2026-07-06T06:39:46.294Z
CURSOS/ASIMOV/Formações em Python & Inteligência Artificial/._Formações em Python & Inteligência Artificial-20260529T103415Z-3-011.zip,._Formações em Python & Inteligência Artificial-20260529T103415Z-3-011.zip,1gxtST5YM4m3h4vIHX1CtdIWAr344PE3N,application/zip,4096,2026-07-06T06:39:46.118Z
CURSOS/ASIMOV/Formações em Python & Inteligência Artificial/._Formações em Python & Inteligência Artificial-20260529T103415Z-3-012.zip,._Formações em Python & Inteligência Artificial-20260529T103415Z-3-012.zip,1os5rpKAhBMlOYxCqMTNQUEcfL8zl8Usp,application/zip,4096,2026-07-06T06:39:46.089Z
CURSOS/ASIMOV/Formações em Python & Inteligência Artificial/._Formações em Python & Inteligência Artificial-20260529T103415Z-3-013.zip,._Formações em Python & Inteligência Artificial-20260529T103415Z-3-013.zip,19MkK686f9TRlFU37-lyQu_xklYd9TTOG,application/zip,4096,2026-07-06T06:39:46.024Z
CURSOS/ASIMOV/Formações em Python & Inteligência Artificial/._Formações em Python & Inteligência Artificial-20260529T103415Z-3-014.zip,._Formações em Python & Inteligência Artificial-20260529T103415Z-3-014.zip,1xUVqSW7bvzxutQPD91keM59Milql2J9t,application/zip,4096,2026-07-06T06:39:46.180Z
CURSOS/ASIMOV/Formações em Python & Inteligência Artificial/._Formações em Python & Inteligência Artificial-20260529T103415Z-3-015.zip,._Formações em Python & Inteligência Artificial-20260529T103415Z-3-015.zip,1p0AOIJHiBiCOeJftSzkzLEzSI_m6QBq7,application/zip,4096,2026-07-06T06:39:46.006Z
CURSOS/ASIMOV/Formações em Python & Inteligência Artificial/._Formações em Python & Inteligência Artificial-20260529T103415Z-3-016.zip,._Formações em Python & Inteligência Artificial-20260529T103415Z-3-016.zip,1JyDXpxzCQP3NmWKB2oPv3qBmDZU-Kmj2,application/zip,4096,2026-07-06T06:39:46.033Z
CURSOS/ASIMOV/Formações em Python & Inteligência Artificial/._Formações em Python & Inteligência Artificial-20260529T103415Z-3-017.zip,._Formações em Python & Inteligência Artificial-20260529T103415Z-3-017.zip,1qXcc5cZSr5XSNQ_1MO0KTum3jh7gV0La,application/zip,4096,2026-07-06T06:39:45.761Z
CURSOS/ASIMOV/Formações em Python & Inteligência Artificial/._Formações em Python & Inteligência Artificial-20260529T103415Z-3-018.zip,._Formações em Python & Inteligência Artificial-20260529T103415Z-3-018.zip,1KMkbs69vNzudJpGccjxTprW-7CFCtRua,application/zip,4096,2026-07-06T06:39:45.918Z
CURSOS/ASIMOV/Formações em Python & Inteligência Artificial/._Formações em Python & Inteligência Artificial-20260529T103415Z-3-019.zip,._Formações em Python & Inteligência Artificial-20260529T103415Z-3-019.zip,1QU6R1IvhKDi9gsrSIXrGzA7hP-XUZ3z8,application/zip,4096,2026-07-06T06:39:45.871Z
CURSOS/ASIMOV/Formações em Python & Inteligência Artificial/._Formações em Python & Inteligência Artificial-20260529T103415Z-3-020.zip,._Formações em Python & Inteligência Artificial-20260529T103415Z-3-020.zip,15D5F8sOTrqHeCKJOYuSaNid06VQUFgjK,application/zip,4096,2026-07-06T06:39:44.818Z
CURSOS/ASIMOV/Formações em Python & Inteligência Artificial/._Formações em Python & Inteligência Artificial-20260529T103415Z-3-021.zip,._Formações em Python & Inteligência Artificial-20260529T103415Z-3-021.zip,1P4ehM18HGFTY76RrgnecMVHHkMeMCdwG,application/zip,4096,2026-07-06T06:39:44.890Z
CURSOS/ASIMOV/Formações em Python & Inteligência Artificial/._Formações em Python & Inteligência Artificial-20260529T103415Z-3-022.zip,._Formações em Python & Inteligência Artificial-20260529T103415Z-3-022.zip,1hYquDLrBR9dOemBgxQOfxLZNoNPr2bHo,application/zip,4096,2026-07-06T06:39:44.897Z
CURSOS/ASIMOV/Formações em Python & Inteligência Artificial/._Formações em Python & Inteligência Artificial-20260529T103415Z-3-023.zip,._Formações em Python & Inteligência Artificial-20260529T103415Z-3-023.zip,1PfrTo0BvGVAzQm4WddltSN0Vx4HmZAsY,application/zip,4096,2026-07-06T06:39:44.759Z
CURSOS/ASIMOV/Formações em Python & Inteligência Artificial/._Formações em Python & Inteligência Artificial-20260529T103415Z-3-024.zip,._Formações em Python & Inteligência Artificial-20260529T103415Z-3-024.zip,1kK1i9PzGmgCFbOR44Kstd7-KbS1rXsVl,application/zip,4096,2026-07-06T06:39:44.656Z
CURSOS/ASIMOV/Formações em Python & Inteligência Artificial/Formações em Python & Inteligência Artificial-20260529T103415Z-3-001.zip,Formações em Python & Inteligência Artificial-20260529T103415Z-3-001.zip,1SBlvIp40XXHIppFxABkwDmWxPffZYD0r,application/zip,2147145199,2026-05-29T11:01:51.000Z
CURSOS/ASIMOV/Formações em Python & Inteligência Artificial/Formações em Python & Inteligência Artificial-20260529T103415Z-3-002.zip,Formações em Python & Inteligência Artificial-20260529T103415Z-3-002.zip,1eeXZ6H_vmfB9C8hdomVtDJFRNa9c3W-j,application/zip,2142152645,2026-05-29T11:01:51.000Z
CURSOS/ASIMOV/Formações em Python & Inteligência Artificial/Formações em Python & Inteligência Artificial-20260529T103415Z-3-003.zip,Formações em Python & Inteligência Artificial-20260529T103415Z-3-003.zip,1iZxKNoJpY9RxPA6rtPXXjVDmkjofqM8v,application/zip,2140452406,2026-05-29T11:01:51.000Z
CURSOS/ASIMOV/Formações em Python & Inteligência Artificial/Formações em Python & Inteligência Artificial-20260529T103415Z-3-004.zip,Formações em Python & Inteligência Artificial-20260529T103415Z-3-004.zip,1RMUaBN3gWhwigCLmmnH9yOSEeBrP0Tz1,application/zip,2133117977,2026-05-29T11:01:48.000Z
CURSOS/ASIMOV/Formações em Python & Inteligência Artificial/Formações em Python & Inteligência Artificial-20260529T103415Z-3-005.zip,Formações em Python & Inteligência Artificial-20260529T103415Z-3-005.zip,1Kq9ek9jy2Lm3eGRjb7YN7StRWlbLhFDD,application/zip,2140332555,2026-05-29T11:01:50.000Z
CURSOS/ASIMOV/Formações em Python & Inteligência Artificial/Formações em Python & Inteligência Artificial-20260529T103415Z-3-006.zip,Formações em Python & Inteligência Artificial-20260529T103415Z-3-006.zip,1bVBjs3YF9vtSQXDaIWYwOvqmExTRMjm4,application/zip,2146353170,2026-05-29T11:01:51.000Z
CURSOS/ASIMOV/Formações em Python & Inteligência Artificial/Formações em Python & Inteligência Artificial-20260529T103415Z-3-007.zip,Formações em Python & Inteligência Artificial-20260529T103415Z-3-007.zip,1WqHKU-PY0xycwWG48eZFMervaawpUmdl,application/zip,2129827652,2026-05-29T11:01:47.000Z
CURSOS/ASIMOV/Formações em Python & Inteligência Artificial/Formações em Python & Inteligência Artificial-20260529T103415Z-3-008.zip,Formações em Python & Inteligência Artificial-20260529T103415Z-3-008.zip,1ewsBxCQOcOHRQFQkBTkTjPAwz37RMeR1,application/zip,2129648286,2026-05-29T11:01:48.000Z
CURSOS/ASIMOV/Formações em Python & Inteligência Artificial/Formações em Python & Inteligência Artificial-20260529T103415Z-3-009.zip,Formações em Python & Inteligência Artificial-20260529T103415Z-3-009.zip,14f227t52ab8dzOj_H03KpTvnwwkwR_iw,application/zip,2126168459,2026-05-29T11:01:48.000Z
CURSOS/ASIMOV/Formações em Python & Inteligência Artificial/Formações em Python & Inteligência Artificial-20260529T103415Z-3-010.zip,Formações em Python & Inteligência Artificial-20260529T103415Z-3-010.zip,1fYV6zDcvKzFoF9eESWHl6CS1UuLY6Hr7,application/zip,2128334606,2026-05-29T11:01:48.000Z
CURSOS/ASIMOV/Formações em Python & Inteligência Artificial/Formações em Python & Inteligência Artificial-20260529T103415Z-3-011.zip,Formações em Python & Inteligência Artificial-20260529T103415Z-3-011.zip,1GJBNkfSqLKJmXc5em6LPcTfC4TP27fR5,application/zip,2122659993,2026-05-29T11:01:44.000Z
CURSOS/ASIMOV/Formações em Python & Inteligência Artificial/Formações em Python & Inteligência Artificial-20260529T103415Z-3-012.zip,Formações em Python & Inteligência Artificial-20260529T103415Z-3-012.zip,1XQg9NbgRuLYesWH0t5_FN-LwqapEYlAj,application/zip,2140163836,2026-05-29T11:01:51.000Z
CURSOS/ASIMOV/Formações em Python & Inteligência Artificial/Formações em Python & Inteligência Artificial-20260529T103415Z-3-013.zip,Formações em Python & Inteligência Artificial-20260529T103415Z-3-013.zip,1LzEGzgzCkMq9MHKzejkiJK5gnTS8uxJl,application/zip,2137410831,2026-05-29T11:01:50.000Z
CURSOS/ASIMOV/Formações em Python & Inteligência Artificial/Formações em Python & Inteligência Artificial-20260529T103415Z-3-014.zip,Formações em Python & Inteligência Artificial-20260529T103415Z-3-014.zip,173gIKyH2PC8jNrXGnVNfeCi4-nXyd558,application/zip,2132468772,2026-05-29T11:01:48.000Z
CURSOS/ASIMOV/Formações em Python & Inteligência Artificial/Formações em Python & Inteligência Artificial-20260529T103415Z-3-015.zip,Formações em Python & Inteligência Artificial-20260529T103415Z-3-015.zip,1ZxUM0421EpecaZu1FCpUfCQhd4Liy9dj,application/zip,2125857876,2026-05-29T11:01:48.000Z
CURSOS/ASIMOV/Formações em Python & Inteligência Artificial/Formações em Python & Inteligência Artificial-20260529T103415Z-3-016.zip,Formações em Python & Inteligência Artificial-20260529T103415Z-3-016.zip,1Cd5F06wU6Rx5hsGEhXTZkQztbYz1aTjA,application/zip,2123818815,2026-05-29T11:01:47.000Z
CURSOS/ASIMOV/Formações em Python & Inteligência Artificial/Formações em Python & Inteligência Artificial-20260529T103415Z-3-017.zip,Formações em Python & Inteligência Artificial-20260529T103415Z-3-017.zip,15kUIq4FvwcC-uH8FXSvGZh5B3a1OkCzg,application/zip,2126914406,2026-05-29T11:01:48.000Z
CURSOS/ASIMOV/Formações em Python & Inteligência Artificial/Formações em Python & Inteligência Artificial-20260529T103415Z-3-018.zip,Formações em Python & Inteligência Artificial-20260529T103415Z-3-018.zip,1KtoeC0rgTpv1-EZML2dQMZXBeiAkMPlR,application/zip,2129039874,2026-05-29T11:01:48.000Z
CURSOS/ASIMOV/Formações em Python & Inteligência Artificial/Formações em Python & Inteligência Artificial-20260529T103415Z-3-019.zip,Formações em Python & Inteligência Artificial-20260529T103415Z-3-019.zip,1tvESTt9F8tU4DgBpp8O1tOb9kA7Ct-7B,application/zip,2109842688,2026-05-29T11:01:33.000Z
CURSOS/ASIMOV/Formações em Python & Inteligência Artificial/Formações em Python & Inteligência Artificial-20260529T103415Z-3-020.zip,Formações em Python & Inteligência Artificial-20260529T103415Z-3-020.zip,1tawinrR4Bb2Gf77vJJrGgznvu8uuLCLl,application/zip,2102354050,2026-05-29T11:01:29.000Z
CURSOS/ASIMOV/Formações em Python & Inteligência Artificial/Formações em Python & Inteligência Artificial-20260529T103415Z-3-021.zip,Formações em Python & Inteligência Artificial-20260529T103415Z-3-021.zip,1vFwexeaLVVDs3ZJQ6IfUSLldiXBtUvVh,application/zip,2079053087,2026-05-29T11:01:18.000Z
CURSOS/ASIMOV/Formações em Python & Inteligência Artificial/Formações em Python & Inteligência Artificial-20260529T103415Z-3-022.zip,Formações em Python & Inteligência Artificial-20260529T103415Z-3-022.zip,1tIXbk3tF76T83oW27__3EgwlxMn0-_Ne,application/zip,2126497017,2026-05-29T11:01:48.000Z
CURSOS/ASIMOV/Formações em Python & Inteligência Artificial/Formações em Python & Inteligência Artificial-20260529T103415Z-3-023.zip,Formações em Python & Inteligência Artificial-20260529T103415Z-3-023.zip,12LVNVm0pLUnSxKhlveN9Tr8DrDDrEK2r,application/zip,2108734292,2026-05-29T11:01:38.000Z
CURSOS/ASIMOV/Formações em Python & Inteligência Artificial/Formações em Python & Inteligência Artificial-20260529T103415Z-3-024.zip,Formações em Python & Inteligência Artificial-20260529T103415Z-3-024.zip,1B3HDTJ_jIZCYKWWqVR2KaOkzxVH4HI2f,application/zip,2140447963,2026-05-29T11:01:51.000Z
CURSOS/ASIMOV/TRILHAS RETIRADAS DA PLATAFORMA,TRILHAS RETIRADAS DA PLATAFORMA,1iLcGwMkKKaQ6CX0n9wGGC721pyEIqMF0,application/vnd.google-apps.folder,,2026-07-06T06:39:35.361Z
CURSOS/ASIMOV/TRILHAS RETIRADAS DA PLATAFORMA-20260528T150600Z-3-001 (2).zip,TRILHAS RETIRADAS DA PLATAFORMA-20260528T150600Z-3-001 (2).zip,17SGVHIH7L7p_scjIKpU3ZODMEBlLIhMk,application/zip,2147429188,2026-05-28T16:30:21.000Z
CURSOS/ASIMOV/TRILHAS RETIRADAS DA PLATAFORMA-20260528T150600Z-3-001.zip,TRILHAS RETIRADAS DA PLATAFORMA-20260528T150600Z-3-001.zip,18JVzKIAYEH_Yw8W2tpKfSDDE9OIcb6Sk,application/zip,2147429188,2026-05-28T16:20:31.000Z
CURSOS/ASIMOV/TRILHAS RETIRADAS DA PLATAFORMA-20260528T150600Z-3-005.zip,TRILHAS RETIRADAS DA PLATAFORMA-20260528T150600Z-3-005.zip,1dZcCMYXr3AGzm7bMnxt-YryT13jw-gdT,application/zip,2144908535,2026-05-28T16:34:15.000Z
CURSOS/ASIMOV/TRILHAS RETIRADAS DA PLATAFORMA-20260528T150600Z-3-006.zip,TRILHAS RETIRADAS DA PLATAFORMA-20260528T150600Z-3-006.zip,1b9FzMUDqmaAX_iQvSnD6C_upPYspuhaB,application/zip,2146057306,2026-05-28T16:51:21.000Z
CURSOS/ASIMOV/TRILHAS RETIRADAS DA PLATAFORMA-20260528T150600Z-3-008.zip,TRILHAS RETIRADAS DA PLATAFORMA-20260528T150600Z-3-008.zip,1d1iHOwLPhRE_I6AFmxda_EslahwCCpmZ,application/zip,2145914106,2026-05-28T16:58:04.000Z
CURSOS/ASIMOV/TRILHAS RETIRADAS DA PLATAFORMA-20260528T150600Z-3-009.zip,TRILHAS RETIRADAS DA PLATAFORMA-20260528T150600Z-3-009.zip,1W-7hKjdG-xTG0u4us0YsYZyebok6y5Gk,application/zip,2147164401,2026-05-28T16:32:33.000Z
CURSOS/ASIMOV/TRILHAS RETIRADAS DA PLATAFORMA-20260528T150600Z-3-014.zip,TRILHAS RETIRADAS DA PLATAFORMA-20260528T150600Z-3-014.zip,1AXwO3ehChNoFwiWBUZv47K4-5z9BA6Fd,application/zip,2141460048,2026-05-28T17:53:40.000Z
CURSOS/ASIMOV/TRILHAS RETIRADAS DA PLATAFORMA-20260528T150600Z-3-015.zip,TRILHAS RETIRADAS DA PLATAFORMA-20260528T150600Z-3-015.zip,1y_WZvSOGACrTv_oMlgyUlqB1qvEHguQq,application/zip,2080608997,2026-05-28T16:37:31.000Z
CURSOS/ASIMOV/TRILHAS RETIRADAS DA PLATAFORMA-20260528T150600Z-3-016.zip,TRILHAS RETIRADAS DA PLATAFORMA-20260528T150600Z-3-016.zip,1gee5DboL_sUyRTPW3fiTQh5LGbRdi88Q,application/zip,2147391507,2026-05-28T17:05:02.000Z
CURSOS/ASIMOV/TRILHAS RETIRADAS DA PLATAFORMA-20260528T150600Z-3-017.zip,TRILHAS RETIRADAS DA PLATAFORMA-20260528T150600Z-3-017.zip,1AzI0vYns1BSz0nnsATut4df7SEbsfdA7,application/zip,2145625447,2026-05-28T16:47:21.000Z
CURSOS/ASIMOV/TRILHAS RETIRADAS DA PLATAFORMA-20260528T150600Z-3-018.zip,TRILHAS RETIRADAS DA PLATAFORMA-20260528T150600Z-3-018.zip,1p0SqjdpXO9zIzvqc8Fq09t1yrnqEc_9W,application/zip,2121888058,2026-05-28T17:19:25.000Z
CURSOS/ASIMOV/TRILHAS RETIRADAS DA PLATAFORMA-20260528T150600Z-3-019.zip,TRILHAS RETIRADAS DA PLATAFORMA-20260528T150600Z-3-019.zip,1zlqAeDBIhs2y8fIVF2CF3TdA8IdN-jlZ,application/zip,2139652464,2026-05-28T17:05:38.000Z
CURSOS/ASIMOV/TRILHAS RETIRADAS DA PLATAFORMA-20260528T150600Z-3-020.zip,TRILHAS RETIRADAS DA PLATAFORMA-20260528T150600Z-3-020.zip,1L0KlPhMeADcnBSJ9QcW0hYZ9ABmhlpAi,application/zip,2078344935,2026-05-28T17:52:49.000Z
CURSOS/ASIMOV/TRILHAS RETIRADAS DA PLATAFORMA-20260528T150600Z-3-022.zip,TRILHAS RETIRADAS DA PLATAFORMA-20260528T150600Z-3-022.zip,1xpPkv2gOPaaoca1Tcgp-2Sii8JH73oHi,application/zip,2134024220,2026-05-28T16:55:18.000Z
CURSOS/ASIMOV/TRILHAS RETIRADAS DA PLATAFORMA-20260528T150600Z-3-023.zip,TRILHAS RETIRADAS DA PLATAFORMA-20260528T150600Z-3-023.zip,1OmF1PxNZ6dOmK5Lw-yHUJ3D0ShxTnSd3,application/zip,2127071886,2026-05-28T18:05:45.000Z
CURSOS/ASIMOV/TRILHAS RETIRADAS DA PLATAFORMA-20260528T150600Z-3-026.zip,TRILHAS RETIRADAS DA PLATAFORMA-20260528T150600Z-3-026.zip,1LMsuBUCJlwfe2xbGujQWZRkKxHjHscy7,application/zip,2089050293,2026-05-28T18:23:43.000Z
CURSOS/ASIMOV/TRILHAS RETIRADAS DA PLATAFORMA-20260529T041136Z-3-001.zip,TRILHAS RETIRADAS DA PLATAFORMA-20260529T041136Z-3-001.zip,1gLG9CVC4lsvQaRj4iCdrMAHWKFKpO9OG,application/zip,2147327512,2026-05-29T05:09:01.000Z
CURSOS/ASIMOV/TRILHAS RETIRADAS DA PLATAFORMA-20260529T041136Z-3-002.zip,TRILHAS RETIRADAS DA PLATAFORMA-20260529T041136Z-3-002.zip,1ROf8gIJLJfpxMMj6O-MM9idYeOZbG3mi,application/zip,2147003886,2026-05-29T05:09:02.000Z
CURSOS/ASIMOV/TRILHAS RETIRADAS DA PLATAFORMA-20260529T041136Z-3-003.zip,TRILHAS RETIRADAS DA PLATAFORMA-20260529T041136Z-3-003.zip,1pBEfWFy9BmEXnRyfG-ppSMRZxtSjJUJu,application/zip,2145543674,2026-05-29T05:09:01.000Z
CURSOS/ASIMOV/TRILHAS RETIRADAS DA PLATAFORMA-20260529T041136Z-3-004.zip,TRILHAS RETIRADAS DA PLATAFORMA-20260529T041136Z-3-004.zip,1dwjWQKFJUvGZ1QxThTosP1LLD1hjQcd2,application/zip,2147341509,2026-05-29T05:09:02.000Z
CURSOS/ASIMOV/TRILHAS RETIRADAS DA PLATAFORMA-20260529T041136Z-3-005.zip,TRILHAS RETIRADAS DA PLATAFORMA-20260529T041136Z-3-005.zip,1Ta1odSpTqgRMWJT-s3o7ORnSimG3QR7p,application/zip,2129985594,2026-05-29T05:09:00.000Z
CURSOS/ASIMOV/TRILHAS RETIRADAS DA PLATAFORMA-20260529T041136Z-3-006.zip,TRILHAS RETIRADAS DA PLATAFORMA-20260529T041136Z-3-006.zip,1-vv6CjIR9IdH9wDjiEdqqxo99HmqLT9x,application/zip,2144477713,2026-05-29T05:09:01.000Z
CURSOS/ASIMOV/TRILHAS RETIRADAS DA PLATAFORMA-20260529T041136Z-3-007.zip,TRILHAS RETIRADAS DA PLATAFORMA-20260529T041136Z-3-007.zip,1uOu45n5NYyjD2JwPzkYAuLV6sEezCsMt,application/zip,2133836070,2026-05-29T05:08:59.000Z
CURSOS/ASIMOV/TRILHAS RETIRADAS DA PLATAFORMA-20260529T041136Z-3-008.zip,TRILHAS RETIRADAS DA PLATAFORMA-20260529T041136Z-3-008.zip,1S9IXlCAz3hALgno45jbsQU1ci4yJVItc,application/zip,2125768495,2026-05-29T05:08:54.000Z
CURSOS/ASIMOV/TRILHAS RETIRADAS DA PLATAFORMA-20260529T041136Z-3-009.zip,TRILHAS RETIRADAS DA PLATAFORMA-20260529T041136Z-3-009.zip,1S_ajp1PKsoy0LEtZf-wXM92_eQvlGJ3i,application/zip,2132372564,2026-05-29T05:08:58.000Z
CURSOS/ASIMOV/TRILHAS RETIRADAS DA PLATAFORMA-20260529T041136Z-3-010.zip,TRILHAS RETIRADAS DA PLATAFORMA-20260529T041136Z-3-010.zip,1PRPKqQvwuwCRtnH4n_defTNbA0-4U3sH,application/zip,2129530571,2026-05-29T05:08:57.000Z
CURSOS/ASIMOV/TRILHAS RETIRADAS DA PLATAFORMA-20260529T041136Z-3-011.zip,TRILHAS RETIRADAS DA PLATAFORMA-20260529T041136Z-3-011.zip,1JjPntq7OfTlW1RnSaP-Zizjy3cAnKeGF,application/zip,2135761864,2026-05-29T05:09:00.000Z
CURSOS/ASIMOV/TRILHAS RETIRADAS DA PLATAFORMA-20260529T041136Z-3-012.zip,TRILHAS RETIRADAS DA PLATAFORMA-20260529T041136Z-3-012.zip,1l1o4V_Ivz8O-HuYK2uqc1J08z4tGR1ax,application/zip,2131903666,2026-05-29T05:08:57.000Z
CURSOS/ASIMOV/TRILHAS RETIRADAS DA PLATAFORMA-20260529T041136Z-3-013.zip,TRILHAS RETIRADAS DA PLATAFORMA-20260529T041136Z-3-013.zip,11crpNhSoyNrUNYeYrSWdl8pCb8cb1bP8,application/zip,2132841523,2026-05-29T05:08:59.000Z
CURSOS/ASIMOV/TRILHAS RETIRADAS DA PLATAFORMA-20260529T041136Z-3-014.zip,TRILHAS RETIRADAS DA PLATAFORMA-20260529T041136Z-3-014.zip,1Q5-bOx1wPcT0Vy7tP5v23S3qz98vnWWr,application/zip,2146359623,2026-05-29T05:09:01.000Z
CURSOS/ASIMOV/TRILHAS RETIRADAS DA PLATAFORMA-20260529T041136Z-3-015.zip,TRILHAS RETIRADAS DA PLATAFORMA-20260529T041136Z-3-015.zip,1bsRX-zfcOLygdBnWOaRboAgk9GYr81w2,application/zip,2128087517,2026-05-29T05:08:58.000Z
CURSOS/ASIMOV/TRILHAS RETIRADAS DA PLATAFORMA-20260529T041136Z-3-016.zip,TRILHAS RETIRADAS DA PLATAFORMA-20260529T041136Z-3-016.zip,1s9IdtCmVrAJgaUPnfEnMeE6n3XKjY2Wd,application/zip,2131668859,2026-05-29T05:08:58.000Z
CURSOS/ASIMOV/TRILHAS RETIRADAS DA PLATAFORMA-20260529T041136Z-3-017.zip,TRILHAS RETIRADAS DA PLATAFORMA-20260529T041136Z-3-017.zip,1VWiki-2YBuQJVQ8vEWtTzN-HElVYWfXl,application/zip,2131777817,2026-05-29T05:08:58.000Z
CURSOS/ASIMOV/TRILHAS RETIRADAS DA PLATAFORMA-20260529T041136Z-3-018.zip,TRILHAS RETIRADAS DA PLATAFORMA-20260529T041136Z-3-018.zip,1zamj-yMVhdt6hdXLj8bFJO4VWIckXHl3,application/zip,2128442561,2026-05-29T05:08:58.000Z
CURSOS/ASIMOV/TRILHAS RETIRADAS DA PLATAFORMA-20260529T041136Z-3-019.zip,TRILHAS RETIRADAS DA PLATAFORMA-20260529T041136Z-3-019.zip,1OgaMRcOFfDl3Dc_Eb2CvzgBmZsyGSsJk,application/zip,2135047773,2026-05-29T05:09:01.000Z
CURSOS/ASIMOV/TRILHAS RETIRADAS DA PLATAFORMA-20260529T041136Z-3-020.zip,TRILHAS RETIRADAS DA PLATAFORMA-20260529T041136Z-3-020.zip,1OK0oD-e2TbGtJV7LgsGWXeAvbbq4Cjzk,application/zip,2055373197,2026-05-29T05:07:58.000Z
CURSOS/ASIMOV/TRILHAS RETIRADAS DA PLATAFORMA-20260529T041136Z-3-021.zip,TRILHAS RETIRADAS DA PLATAFORMA-20260529T041136Z-3-021.zip,1ERBBookUaD6bxfPhpfbDDoFDHRVtzC8M,application/zip,2065572269,2026-05-29T05:08:11.000Z
CURSOS/ASIMOV/TRILHAS RETIRADAS DA PLATAFORMA-20260529T041136Z-3-022.zip,TRILHAS RETIRADAS DA PLATAFORMA-20260529T041136Z-3-022.zip,1OxyGEKAxLfz96lEkA5h5L3CXHeiE8OBe,application/zip,2130264860,2026-05-29T05:09:00.000Z
CURSOS/ASIMOV/TRILHAS RETIRADAS DA PLATAFORMA-20260529T041136Z-3-023.zip,TRILHAS RETIRADAS DA PLATAFORMA-20260529T041136Z-3-023.zip,1bKsN3UN4N9rJ6SB4syDdkl-gWC-fYFuj,application/zip,2118758023,2026-05-29T05:08:52.000Z
CURSOS/ASIMOV/TRILHAS RETIRADAS DA PLATAFORMA-20260529T041136Z-3-024.zip,TRILHAS RETIRADAS DA PLATAFORMA-20260529T041136Z-3-024.zip,1UTfAunUPC-SYf50uyHX3dePHZ5AVWHwh,application/zip,2125937151,2026-05-29T05:08:54.000Z
CURSOS/ASIMOV/TRILHAS RETIRADAS DA PLATAFORMA-20260529T041136Z-3-025.zip,TRILHAS RETIRADAS DA PLATAFORMA-20260529T041136Z-3-025.zip,1EYjOw_xkSHbdEJM1UzIEa221J7xVKQTn,application/zip,2127076154,2026-05-29T05:08:51.000Z
CURSOS/ASIMOV/TRILHAS RETIRADAS DA PLATAFORMA-20260529T041136Z-3-026.zip,TRILHAS RETIRADAS DA PLATAFORMA-20260529T041136Z-3-026.zip,1kRv0Rwl-L_y-OmFLN9bQArpaaREXrgvd,application/zip,2113412372,2026-05-29T05:08:51.000Z
CURSOS/ASIMOV/TRILHAS RETIRADAS DA PLATAFORMA-20260529T041136Z-3-027.zip,TRILHAS RETIRADAS DA PLATAFORMA-20260529T041136Z-3-027.zip,1bNTWtBXa0_4RezHBFk6UQZfH_IkLTkZs,application/zip,2005395379,2026-05-29T05:06:53.000Z
CURSOS/ASIMOV/TRILHAS RETIRADAS DA PLATAFORMA-20260529T041136Z-3-028.zip,TRILHAS RETIRADAS DA PLATAFORMA-20260529T041136Z-3-028.zip,1NpDwrQxyoe1eOV7p6cpmAe7kfYkLgGUW,application/zip,1689872281,2026-05-29T04:57:24.000Z
CURSOS/ASIMOV/TRILHAS RETIRADAS DA PLATAFORMA/._TRILHAS RETIRADAS DA PLATAFORMA,._TRILHAS RETIRADAS DA PLATAFORMA,1MwtpZtKj7RJjWJqZYL3BaglYQSdvXjIc,application/octet-stream,4096,2026-07-06T06:39:57.523Z
CURSOS/ASIMOV/TRILHAS RETIRADAS DA PLATAFORMA/._TRILHAS RETIRADAS DA PLATAFORMA-20260528T150600Z-3-001 (2).zip,._TRILHAS RETIRADAS DA PLATAFORMA-20260528T150600Z-3-001 (2).zip,17s8K2e1imUcMdvSWUORr0AaBByDALfgn,application/zip,4096,2026-07-06T06:39:42.876Z
CURSOS/ASIMOV/TRILHAS RETIRADAS DA PLATAFORMA/._TRILHAS RETIRADAS DA PLATAFORMA-20260528T150600Z-3-001.zip,._TRILHAS RETIRADAS DA PLATAFORMA-20260528T150600Z-3-001.zip,1gZ5n4YyNmh-w9xI7iEMwGmiSQ78Tx9Ar,application/zip,4096,2026-07-06T06:39:42.910Z
CURSOS/ASIMOV/TRILHAS RETIRADAS DA PLATAFORMA/._TRILHAS RETIRADAS DA PLATAFORMA-20260528T150600Z-3-005.zip,._TRILHAS RETIRADAS DA PLATAFORMA-20260528T150600Z-3-005.zip,14D4lF9AynXusepWEBKx-Ynp4PPyGkkk2,application/zip,4096,2026-07-06T06:39:42.864Z
CURSOS/ASIMOV/TRILHAS RETIRADAS DA PLATAFORMA/._TRILHAS RETIRADAS DA PLATAFORMA-20260528T150600Z-3-006.zip,._TRILHAS RETIRADAS DA PLATAFORMA-20260528T150600Z-3-006.zip,1jbGmEr82TWlkR94PUMmoSCDjW2Vm0cGZ,application/zip,4096,2026-07-06T06:39:42.755Z
CURSOS/ASIMOV/TRILHAS RETIRADAS DA PLATAFORMA/._TRILHAS RETIRADAS DA PLATAFORMA-20260528T150600Z-3-008.zip,._TRILHAS RETIRADAS DA PLATAFORMA-20260528T150600Z-3-008.zip,1t8-F3zZ95ic5Ch6Ao7PfdY_l6hk2CFdI,application/zip,4096,2026-07-06T06:39:42.873Z
CURSOS/ASIMOV/TRILHAS RETIRADAS DA PLATAFORMA/._TRILHAS RETIRADAS DA PLATAFORMA-20260528T150600Z-3-009.zip,._TRILHAS RETIRADAS DA PLATAFORMA-20260528T150600Z-3-009.zip,1r4Hf8PL9JpYgiF_hu5qG665wh4_NR538,application/zip,4096,2026-07-06T06:39:42.938Z
CURSOS/ASIMOV/TRILHAS RETIRADAS DA PLATAFORMA/._TRILHAS RETIRADAS DA PLATAFORMA-20260528T150600Z-3-014.zip,._TRILHAS RETIRADAS DA PLATAFORMA-20260528T150600Z-3-014.zip,1E6HpeaLMAi64AIkbqdTBrZLaoaV5rlOp,application/zip,4096,2026-07-06T06:39:43.000Z
CURSOS/ASIMOV/TRILHAS RETIRADAS DA PLATAFORMA/._TRILHAS RETIRADAS DA PLATAFORMA-20260528T150600Z-3-015.zip,._TRILHAS RETIRADAS DA PLATAFORMA-20260528T150600Z-3-015.zip,1fDiAKfbG1NbA8OoC1Gk8X1bJqAT9yrlt,application/zip,4096,2026-07-06T06:39:42.797Z
CURSOS/ASIMOV/TRILHAS RETIRADAS DA PLATAFORMA/._TRILHAS RETIRADAS DA PLATAFORMA-20260528T150600Z-3-016.zip,._TRILHAS RETIRADAS DA PLATAFORMA-20260528T150600Z-3-016.zip,1t7nyyLZcg2qEZTB3hLEiXVgVGYgTBrfp,application/zip,4096,2026-07-06T06:39:43.199Z
CURSOS/ASIMOV/TRILHAS RETIRADAS DA PLATAFORMA/._TRILHAS RETIRADAS DA PLATAFORMA-20260528T150600Z-3-017.zip,._TRILHAS RETIRADAS DA PLATAFORMA-20260528T150600Z-3-017.zip,1-uwXaJ5d1OyVkrnpPaQ6_kdeRlNpZqtx,application/zip,4096,2026-07-06T06:39:43.964Z
CURSOS/ASIMOV/TRILHAS RETIRADAS DA PLATAFORMA/._TRILHAS RETIRADAS DA PLATAFORMA-20260528T150600Z-3-018.zip,._TRILHAS RETIRADAS DA PLATAFORMA-20260528T150600Z-3-018.zip,1eD_qwDiCLCnXD-p99FyUQyl7-om4gbQf,application/zip,4096,2026-07-06T06:39:44.400Z
CURSOS/ASIMOV/TRILHAS RETIRADAS DA PLATAFORMA/._TRILHAS RETIRADAS DA PLATAFORMA-20260528T150600Z-3-019.zip,._TRILHAS RETIRADAS DA PLATAFORMA-20260528T150600Z-3-019.zip,1osfLNpb_bz3bFxiaEHMN4g2IXOJiSOKz,application/zip,4096,2026-07-06T06:39:44.064Z
CURSOS/ASIMOV/TRILHAS RETIRADAS DA PLATAFORMA/._TRILHAS RETIRADAS DA PLATAFORMA-20260528T150600Z-3-020.zip,._TRILHAS RETIRADAS DA PLATAFORMA-20260528T150600Z-3-020.zip,1nbUuzDX1UmBX_ddRMh4rAMT8EnS6_TVG,application/zip,4096,2026-07-06T06:39:44.329Z
CURSOS/ASIMOV/TRILHAS RETIRADAS DA PLATAFORMA/._TRILHAS RETIRADAS DA PLATAFORMA-20260528T150600Z-3-022.zip,._TRILHAS RETIRADAS DA PLATAFORMA-20260528T150600Z-3-022.zip,1F9gbvG8pm97jq4mAq6NBrHks4gK_ylKh,application/zip,4096,2026-07-06T06:39:44.162Z
CURSOS/ASIMOV/TRILHAS RETIRADAS DA PLATAFORMA/._TRILHAS RETIRADAS DA PLATAFORMA-20260528T150600Z-3-023.zip,._TRILHAS RETIRADAS DA PLATAFORMA-20260528T150600Z-3-023.zip,1Vj1WRWhQIeUFHRKRWePAI9_2A7UWFYt2,application/zip,4096,2026-07-06T06:39:44.449Z
CURSOS/ASIMOV/TRILHAS RETIRADAS DA PLATAFORMA/._TRILHAS RETIRADAS DA PLATAFORMA-20260528T150600Z-3-026.zip,._TRILHAS RETIRADAS DA PLATAFORMA-20260528T150600Z-3-026.zip,1laCbFYojkDmkRr5GXE-u9sThzPnSYQnq,application/zip,4096,2026-07-06T06:39:44.352Z
CURSOS/ASIMOV/TRILHAS RETIRADAS DA PLATAFORMA/._TRILHAS RETIRADAS DA PLATAFORMA-20260529T041136Z-3-001.zip,._TRILHAS RETIRADAS DA PLATAFORMA-20260529T041136Z-3-001.zip,1q1imvtS4-Ih7ynheUhb2ai0CB4-d66ZF,application/zip,4096,2026-07-06T06:39:44.562Z
CURSOS/ASIMOV/TRILHAS RETIRADAS DA PLATAFORMA/._TRILHAS RETIRADAS DA PLATAFORMA-20260529T041136Z-3-002.zip,._TRILHAS RETIRADAS DA PLATAFORMA-20260529T041136Z-3-002.zip,11bEBkA0A0VRMYegu2CQj7o4Hu2oVvnOt,application/zip,4096,2026-07-06T06:39:44.390Z
CURSOS/ASIMOV/TRILHAS RETIRADAS DA PLATAFORMA/._TRILHAS RETIRADAS DA PLATAFORMA-20260529T041136Z-3-003.zip,._TRILHAS RETIRADAS DA PLATAFORMA-20260529T041136Z-3-003.zip,1DdM-jrnesVB-Yyvi4d54u4CR6pBqJx3u,application/zip,4096,2026-07-06T06:39:44.438Z
CURSOS/ASIMOV/TRILHAS RETIRADAS DA PLATAFORMA/._TRILHAS RETIRADAS DA PLATAFORMA-20260529T041136Z-3-004.zip,._TRILHAS RETIRADAS DA PLATAFORMA-20260529T041136Z-3-004.zip,17DXUIf6Dy-4MAb2S6bCGqHNbksYyo7ax,application/zip,4096,2026-07-06T06:39:44.556Z
CURSOS/ASIMOV/TRILHAS RETIRADAS DA PLATAFORMA/._TRILHAS RETIRADAS DA PLATAFORMA-20260529T041136Z-3-005.zip,._TRILHAS RETIRADAS DA PLATAFORMA-20260529T041136Z-3-005.zip,10Xu2ibD-ww5FePhFOYp_zLyVVLuUIVxu,application/zip,4096,2026-07-06T06:39:47.473Z
CURSOS/ASIMOV/TRILHAS RETIRADAS DA PLATAFORMA/._TRILHAS RETIRADAS DA PLATAFORMA-20260529T041136Z-3-006.zip,._TRILHAS RETIRADAS DA PLATAFORMA-20260529T041136Z-3-006.zip,1yf1Vi-7lhzhz21vT-uVu6sOnWnfGecrs,application/zip,4096,2026-07-06T06:39:47.606Z
CURSOS/ASIMOV/TRILHAS RETIRADAS DA PLATAFORMA/._TRILHAS RETIRADAS DA PLATAFORMA-20260529T041136Z-3-007.zip,._TRILHAS RETIRADAS DA PLATAFORMA-20260529T041136Z-3-007.zip,14Xp8_UP1tzj4VItJx-ty2BeIS9J5SYdk,application/zip,4096,2026-07-06T06:39:48.126Z
CURSOS/ASIMOV/TRILHAS RETIRADAS DA PLATAFORMA/._TRILHAS RETIRADAS DA PLATAFORMA-20260529T041136Z-3-008.zip,._TRILHAS RETIRADAS DA PLATAFORMA-20260529T041136Z-3-008.zip,15aAkIBvMGDCmaofU4hci6rpz2aG78Zts,application/zip,4096,2026-07-06T06:39:47.781Z
CURSOS/ASIMOV/TRILHAS RETIRADAS DA PLATAFORMA/._TRILHAS RETIRADAS DA PLATAFORMA-20260529T041136Z-3-009.zip,._TRILHAS RETIRADAS DA PLATAFORMA-20260529T041136Z-3-009.zip,1kMi86omEtt__CUB-_GoXYXGkJwwE_2mP,application/zip,4096,2026-07-06T06:39:48.140Z
CURSOS/ASIMOV/TRILHAS RETIRADAS DA PLATAFORMA/._TRILHAS RETIRADAS DA PLATAFORMA-20260529T041136Z-3-010.zip,._TRILHAS RETIRADAS DA PLATAFORMA-20260529T041136Z-3-010.zip,1WpFy6OKLyqJ1MvMhJvqYE4NS6GzMrqTO,application/zip,4096,2026-07-06T06:39:49.526Z
CURSOS/ASIMOV/TRILHAS RETIRADAS DA PLATAFORMA/._TRILHAS RETIRADAS DA PLATAFORMA-20260529T041136Z-3-011.zip,._TRILHAS RETIRADAS DA PLATAFORMA-20260529T041136Z-3-011.zip,1-wrYi43e8crawhNpRS39Fwo-F1FxDS88,application/zip,4096,2026-07-06T06:39:49.653Z
CURSOS/ASIMOV/TRILHAS RETIRADAS DA PLATAFORMA/._TRILHAS RETIRADAS DA PLATAFORMA-20260529T041136Z-3-012.zip,._TRILHAS RETIRADAS DA PLATAFORMA-20260529T041136Z-3-012.zip,1n86mnBRaUNVcy0y--Yfo1UJWIJ-ABC9z,application/zip,4096,2026-07-06T06:39:49.915Z
CURSOS/ASIMOV/TRILHAS RETIRADAS DA PLATAFORMA/._TRILHAS RETIRADAS DA PLATAFORMA-20260529T041136Z-3-013.zip,._TRILHAS RETIRADAS DA PLATAFORMA-20260529T041136Z-3-013.zip,1U3lzrsiyn7kDjb3QecaDOQYrYWQf0vPh,application/zip,4096,2026-07-06T06:39:50.596Z
CURSOS/ASIMOV/TRILHAS RETIRADAS DA PLATAFORMA/._TRILHAS RETIRADAS DA PLATAFORMA-20260529T041136Z-3-014.zip,._TRILHAS RETIRADAS DA PLATAFORMA-20260529T041136Z-3-014.zip,1m8Bpyr5l-glJJ2vVZKgCsIVioSKhXNJ9,application/zip,4096,2026-07-06T06:39:49.731Z
CURSOS/ASIMOV/TRILHAS RETIRADAS DA PLATAFORMA/._TRILHAS RETIRADAS DA PLATAFORMA-20260529T041136Z-3-015.zip,._TRILHAS RETIRADAS DA PLATAFORMA-20260529T041136Z-3-015.zip,1G8fiIZdaH3WgzxU-jkqFfansbhggv-Bq,application/zip,4096,2026-07-06T06:39:51.036Z
CURSOS/ASIMOV/TRILHAS RETIRADAS DA PLATAFORMA/._TRILHAS RETIRADAS DA PLATAFORMA-20260529T041136Z-3-016.zip,._TRILHAS RETIRADAS DA PLATAFORMA-20260529T041136Z-3-016.zip,1CU1DY2Qrzw-0xw3E4EPeE6MJoY1BorCi,application/zip,4096,2026-07-06T06:39:51.663Z
CURSOS/ASIMOV/TRILHAS RETIRADAS DA PLATAFORMA/._TRILHAS RETIRADAS DA PLATAFORMA-20260529T041136Z-3-017.zip,._TRILHAS RETIRADAS DA PLATAFORMA-20260529T041136Z-3-017.zip,1TlrqNMguR8KnhUS2jJHJxmO-EP1TYuFo,application/zip,4096,2026-07-06T06:39:51.086Z
CURSOS/ASIMOV/TRILHAS RETIRADAS DA PLATAFORMA/._TRILHAS RETIRADAS DA PLATAFORMA-20260529T041136Z-3-018.zip,._TRILHAS RETIRADAS DA PLATAFORMA-20260529T041136Z-3-018.zip,16-JXSe5-iwFHkijnRzOH3mA7RSzw5O-I,application/zip,4096,2026-07-06T06:39:50.795Z
CURSOS/ASIMOV/TRILHAS RETIRADAS DA PLATAFORMA/._TRILHAS RETIRADAS DA PLATAFORMA-20260529T041136Z-3-019.zip,._TRILHAS RETIRADAS DA PLATAFORMA-20260529T041136Z-3-019.zip,1ahgvJ9HS3vK98b2hmhS06gOYGHl7X2Ia,application/zip,4096,2026-07-06T06:39:51.244Z
CURSOS/ASIMOV/TRILHAS RETIRADAS DA PLATAFORMA/._TRILHAS RETIRADAS DA PLATAFORMA-20260529T041136Z-3-020.zip,._TRILHAS RETIRADAS DA PLATAFORMA-20260529T041136Z-3-020.zip,1F4iOhXYqO30oDb0woi1gIdCa0uOSZwrT,application/zip,4096,2026-07-06T06:39:51.938Z
CURSOS/ASIMOV/TRILHAS RETIRADAS DA PLATAFORMA/._TRILHAS RETIRADAS DA PLATAFORMA-20260529T041136Z-3-021.zip,._TRILHAS RETIRADAS DA PLATAFORMA-20260529T041136Z-3-021.zip,1OCWjXUfqScJgZ0PUWX0YCP3-HUI-UGPy,application/zip,4096,2026-07-06T06:39:52.597Z
CURSOS/ASIMOV/TRILHAS RETIRADAS DA PLATAFORMA/._TRILHAS RETIRADAS DA PLATAFORMA-20260529T041136Z-3-022.zip,._TRILHAS RETIRADAS DA PLATAFORMA-20260529T041136Z-3-022.zip,1C2saCc1Qrpv5pOBpFjb1mG2fdP4FX2JE,application/zip,4096,2026-07-06T06:39:52.425Z
CURSOS/ASIMOV/TRILHAS RETIRADAS DA PLATAFORMA/._TRILHAS RETIRADAS DA PLATAFORMA-20260529T041136Z-3-023.zip,._TRILHAS RETIRADAS DA PLATAFORMA-20260529T041136Z-3-023.zip,1e4oT2h9pwlco1qIHQ5MBU1vF9oR6LdnC,application/zip,4096,2026-07-06T06:39:52.748Z
CURSOS/ASIMOV/TRILHAS RETIRADAS DA PLATAFORMA/._TRILHAS RETIRADAS DA PLATAFORMA-20260529T041136Z-3-024.zip,._TRILHAS RETIRADAS DA PLATAFORMA-20260529T041136Z-3-024.zip,1b9TUiGS7yPyxVRaEJhAqfb0GogPfQBV4,application/zip,4096,2026-07-06T06:39:52.894Z
CURSOS/ASIMOV/TRILHAS RETIRADAS DA PLATAFORMA/._TRILHAS RETIRADAS DA PLATAFORMA-20260529T041136Z-3-025.zip,._TRILHAS RETIRADAS DA PLATAFORMA-20260529T041136Z-3-025.zip,1IXtPZK3dOJA7q-R4slFP4oRYHeToO5H0,application/zip,4096,2026-07-06T06:39:53.308Z
CURSOS/ASIMOV/TRILHAS RETIRADAS DA PLATAFORMA/._TRILHAS RETIRADAS DA PLATAFORMA-20260529T041136Z-3-026.zip,._TRILHAS RETIRADAS DA PLATAFORMA-20260529T041136Z-3-026.zip,1rwlilRz5KQWPhmB4IDj372GVhhfUsJZm,application/zip,4096,2026-07-06T06:39:56.848Z
CURSOS/ASIMOV/TRILHAS RETIRADAS DA PLATAFORMA/._TRILHAS RETIRADAS DA PLATAFORMA-20260529T041136Z-3-027.zip,._TRILHAS RETIRADAS DA PLATAFORMA-20260529T041136Z-3-027.zip,1Ps2yqBnca_eGuWOYcBjFS_5nFBzgO_xw,application/zip,4096,2026-07-06T06:39:56.718Z
CURSOS/ASIMOV/TRILHAS RETIRADAS DA PLATAFORMA/._TRILHAS RETIRADAS DA PLATAFORMA-20260529T041136Z-3-028.zip,._TRILHAS RETIRADAS DA PLATAFORMA-20260529T041136Z-3-028.zip,1ls-HfQntnT2CIXzkoCFjCsGwojy1dixF,application/zip,4096,2026-07-06T06:39:57.153Z
CURSOS/ASIMOV/TRILHAS RETIRADAS DA PLATAFORMA/TRILHAS RETIRADAS DA PLATAFORMA,TRILHAS RETIRADAS DA PLATAFORMA,1OkdBkJhTK4-4VRKVXCIfXb_FtLymWrCE,application/vnd.google-apps.folder,,2026-07-06T06:39:36.698Z
CURSOS/ASIMOV/TRILHAS RETIRADAS DA PLATAFORMA/TRILHAS RETIRADAS DA PLATAFORMA-20260528T150600Z-3-001 (2).zip,TRILHAS RETIRADAS DA PLATAFORMA-20260528T150600Z-3-001 (2).zip,1I0j3yx4E5SA4gaJtCTVEP0SQ3CcKbbYN,application/zip,2147429188,2026-05-28T16:30:21.000Z
CURSOS/ASIMOV/TRILHAS RETIRADAS DA PLATAFORMA/TRILHAS RETIRADAS DA PLATAFORMA-20260528T150600Z-3-001 (2).zip,TRILHAS RETIRADAS DA PLATAFORMA-20260528T150600Z-3-001 (2).zip,1j1A8VPhs2wB9mUTZEQ3tF591pG04PQVa,application/zip,2147429188,2026-05-28T16:30:21.000Z
CURSOS/ASIMOV/TRILHAS RETIRADAS DA PLATAFORMA/TRILHAS RETIRADAS DA PLATAFORMA-20260528T150600Z-3-001.zip,TRILHAS RETIRADAS DA PLATAFORMA-20260528T150600Z-3-001.zip,1hmdHLO9xMqlKfOGw2290xV3IbjjtXu6A,application/zip,2147429188,2026-05-28T16:20:31.000Z
CURSOS/ASIMOV/TRILHAS RETIRADAS DA PLATAFORMA/TRILHAS RETIRADAS DA PLATAFORMA-20260528T150600Z-3-001.zip,TRILHAS RETIRADAS DA PLATAFORMA-20260528T150600Z-3-001.zip,1HYreRy_0qWGERbr9y_gEuparsPlp2o8n,application/zip,2147429188,2026-05-28T16:20:31.000Z
CURSOS/ASIMOV/TRILHAS RETIRADAS DA PLATAFORMA/TRILHAS RETIRADAS DA PLATAFORMA-20260528T150600Z-3-005.zip,TRILHAS RETIRADAS DA PLATAFORMA-20260528T150600Z-3-005.zip,1tcS6Z6zZ1ONLeFI3AAhVVald5OSYKoBi,application/zip,2144908535,2026-05-28T16:34:15.000Z
CURSOS/ASIMOV/TRILHAS RETIRADAS DA PLATAFORMA/TRILHAS RETIRADAS DA PLATAFORMA-20260528T150600Z-3-005.zip,TRILHAS RETIRADAS DA PLATAFORMA-20260528T150600Z-3-005.zip,1wJc9CIWx0ENoibUrPThAvTc65XhRDxXu,application/zip,2144908535,2026-05-28T16:34:15.000Z
CURSOS/ASIMOV/TRILHAS RETIRADAS DA PLATAFORMA/TRILHAS RETIRADAS DA PLATAFORMA-20260528T150600Z-3-006.zip,TRILHAS RETIRADAS DA PLATAFORMA-20260528T150600Z-3-006.zip,1iMDjSrYb1ww83LE5ukA-QIn8n1LikDfS,application/zip,2146057306,2026-05-28T16:51:21.000Z
CURSOS/ASIMOV/TRILHAS RETIRADAS DA PLATAFORMA/TRILHAS RETIRADAS DA PLATAFORMA-20260528T150600Z-3-006.zip,TRILHAS RETIRADAS DA PLATAFORMA-20260528T150600Z-3-006.zip,1eXWdACxD-0aGhofi5orouM3hw1e-x_WK,application/zip,2146057306,2026-05-28T16:51:21.000Z
CURSOS/ASIMOV/TRILHAS RETIRADAS DA PLATAFORMA/TRILHAS RETIRADAS DA PLATAFORMA-20260528T150600Z-3-008.zip,TRILHAS RETIRADAS DA PLATAFORMA-20260528T150600Z-3-008.zip,1BX_O9UTilQ2olGcUzVL5ttRV4j3Zmyjc,application/zip,2145914106,2026-05-28T16:58:04.000Z
CURSOS/ASIMOV/TRILHAS RETIRADAS DA PLATAFORMA/TRILHAS RETIRADAS DA PLATAFORMA-20260528T150600Z-3-008.zip,TRILHAS RETIRADAS DA PLATAFORMA-20260528T150600Z-3-008.zip,1U9wsL5D_a4ym2RsQ2hayJeIgIhbOX585,application/zip,2145914106,2026-05-28T16:58:04.000Z
CURSOS/ASIMOV/TRILHAS RETIRADAS DA PLATAFORMA/TRILHAS RETIRADAS DA PLATAFORMA-20260528T150600Z-3-009.zip,TRILHAS RETIRADAS DA PLATAFORMA-20260528T150600Z-3-009.zip,14QEjGJRPas4XAX_TwrNzEWuhBDqF7beM,application/zip,2147164401,2026-05-28T16:32:33.000Z
CURSOS/ASIMOV/TRILHAS RETIRADAS DA PLATAFORMA/TRILHAS RETIRADAS DA PLATAFORMA-20260528T150600Z-3-009.zip,TRILHAS RETIRADAS DA PLATAFORMA-20260528T150600Z-3-009.zip,1lvb9nGWrTFleKAtEB93PDKbuJjd0cZfW,application/zip,2147164401,2026-05-28T16:32:33.000Z
CURSOS/ASIMOV/TRILHAS RETIRADAS DA PLATAFORMA/TRILHAS RETIRADAS DA PLATAFORMA-20260528T150600Z-3-014.zip,TRILHAS RETIRADAS DA PLATAFORMA-20260528T150600Z-3-014.zip,1vy4VDvFrdToRYlHdZrcPZ1ZUkN8ZKRRw,application/zip,2141460048,2026-05-28T17:53:40.000Z
CURSOS/ASIMOV/TRILHAS RETIRADAS DA PLATAFORMA/TRILHAS RETIRADAS DA PLATAFORMA-20260528T150600Z-3-014.zip,TRILHAS RETIRADAS DA PLATAFORMA-20260528T150600Z-3-014.zip,1DC0_lbNynU8F_AVXG6L5IC7aVAKBwZgv,application/zip,2141460048,2026-05-28T17:53:40.000Z
CURSOS/ASIMOV/TRILHAS RETIRADAS DA PLATAFORMA/TRILHAS RETIRADAS DA PLATAFORMA-20260528T150600Z-3-015.zip,TRILHAS RETIRADAS DA PLATAFORMA-20260528T150600Z-3-015.zip,1tbBoYlA_4Y_B7eq9fU2DZd-AZgVvWlQk,application/zip,2080608997,2026-05-28T16:37:31.000Z
CURSOS/ASIMOV/TRILHAS RETIRADAS DA PLATAFORMA/TRILHAS RETIRADAS DA PLATAFORMA-20260528T150600Z-3-015.zip,TRILHAS RETIRADAS DA PLATAFORMA-20260528T150600Z-3-015.zip,1deTdOHy1fgZeK9mB3jzslcPGV5WQAjrZ,application/zip,2080608997,2026-05-28T16:37:31.000Z
CURSOS/ASIMOV/TRILHAS RETIRADAS DA PLATAFORMA/TRILHAS RETIRADAS DA PLATAFORMA-20260528T150600Z-3-016.zip,TRILHAS RETIRADAS DA PLATAFORMA-20260528T150600Z-3-016.zip,100pOUqgCvz13reYNWZBVQRSNcPNG5MmU,application/zip,2147391507,2026-05-28T17:05:02.000Z
CURSOS/ASIMOV/TRILHAS RETIRADAS DA PLATAFORMA/TRILHAS RETIRADAS DA PLATAFORMA-20260528T150600Z-3-016.zip,TRILHAS RETIRADAS DA PLATAFORMA-20260528T150600Z-3-016.zip,1CLe1HTq6vamK699YPKuFZQbFRAag6PRg,application/zip,2147391507,2026-05-28T17:05:02.000Z
CURSOS/ASIMOV/TRILHAS RETIRADAS DA PLATAFORMA/TRILHAS RETIRADAS DA PLATAFORMA-20260528T150600Z-3-017.zip,TRILHAS RETIRADAS DA PLATAFORMA-20260528T150600Z-3-017.zip,12RoZb6dwCL8ltaIXJMsw7gFZEwoM1dT8,application/zip,2145625447,2026-05-28T16:47:21.000Z
CURSOS/ASIMOV/TRILHAS RETIRADAS DA PLATAFORMA/TRILHAS RETIRADAS DA PLATAFORMA-20260528T150600Z-3-017.zip,TRILHAS RETIRADAS DA PLATAFORMA-20260528T150600Z-3-017.zip,1TtQF-IJOwDDS9TYvoUVyl_JsIjcD-glf,application/zip,2145625447,2026-05-28T16:47:21.000Z
CURSOS/ASIMOV/TRILHAS RETIRADAS DA PLATAFORMA/TRILHAS RETIRADAS DA PLATAFORMA-20260528T150600Z-3-018.zip,TRILHAS RETIRADAS DA PLATAFORMA-20260528T150600Z-3-018.zip,1ARCmdqhZjLw5rerNd4WMr2qQAdmUygb8,application/zip,2121888058,2026-05-28T17:19:25.000Z
CURSOS/ASIMOV/TRILHAS RETIRADAS DA PLATAFORMA/TRILHAS RETIRADAS DA PLATAFORMA-20260528T150600Z-3-018.zip,TRILHAS RETIRADAS DA PLATAFORMA-20260528T150600Z-3-018.zip,1bHWTAOf97v4A3vFN4W0vFbpZB_waP2iV,application/zip,2121888058,2026-05-28T17:19:25.000Z
CURSOS/ASIMOV/TRILHAS RETIRADAS DA PLATAFORMA/TRILHAS RETIRADAS DA PLATAFORMA-20260528T150600Z-3-019.zip,TRILHAS RETIRADAS DA PLATAFORMA-20260528T150600Z-3-019.zip,16XHaqStZD8OkZaKSkEBgjVLcY9-aFQvr,application/zip,2139652464,2026-05-28T17:05:38.000Z
CURSOS/ASIMOV/TRILHAS RETIRADAS DA PLATAFORMA/TRILHAS RETIRADAS DA PLATAFORMA-20260528T150600Z-3-019.zip,TRILHAS RETIRADAS DA PLATAFORMA-20260528T150600Z-3-019.zip,1_Mq8ur--L4OzlmJAnPw1XdC8UZac86xH,application/zip,2139652464,2026-05-28T17:05:38.000Z
CURSOS/ASIMOV/TRILHAS RETIRADAS DA PLATAFORMA/TRILHAS RETIRADAS DA PLATAFORMA-20260528T150600Z-3-020.zip,TRILHAS RETIRADAS DA PLATAFORMA-20260528T150600Z-3-020.zip,1vRy1ZDIZfQpMN6XKC6C9CLwPGcxemdtp,application/zip,2078344935,2026-05-28T17:52:49.000Z
CURSOS/ASIMOV/TRILHAS RETIRADAS DA PLATAFORMA/TRILHAS RETIRADAS DA PLATAFORMA-20260528T150600Z-3-020.zip,TRILHAS RETIRADAS DA PLATAFORMA-20260528T150600Z-3-020.zip,1iw7S-5SbmG3VAlJh2KhROTI9vnY4TURY,application/zip,2078344935,2026-05-28T17:52:49.000Z
CURSOS/ASIMOV/TRILHAS RETIRADAS DA PLATAFORMA/TRILHAS RETIRADAS DA PLATAFORMA-20260528T150600Z-3-022.zip,TRILHAS RETIRADAS DA PLATAFORMA-20260528T150600Z-3-022.zip,1_ZSUOqYOK5lfF_sSKvnEfvffAj4__zuc,application/zip,2134024220,2026-05-28T16:55:18.000Z
CURSOS/ASIMOV/TRILHAS RETIRADAS DA PLATAFORMA/TRILHAS RETIRADAS DA PLATAFORMA-20260528T150600Z-3-022.zip,TRILHAS RETIRADAS DA PLATAFORMA-20260528T150600Z-3-022.zip,1y9POv259QBmLowM7u2elRK0nGKhJJs6H,application/zip,2134024220,2026-05-28T16:55:18.000Z
CURSOS/ASIMOV/TRILHAS RETIRADAS DA PLATAFORMA/TRILHAS RETIRADAS DA PLATAFORMA-20260528T150600Z-3-023.zip,TRILHAS RETIRADAS DA PLATAFORMA-20260528T150600Z-3-023.zip,1uYWhh9zxE9t-gSqn7McEq41ofX7tl51O,application/zip,2127071886,2026-05-28T18:05:45.000Z
CURSOS/ASIMOV/TRILHAS RETIRADAS DA PLATAFORMA/TRILHAS RETIRADAS DA PLATAFORMA-20260528T150600Z-3-023.zip,TRILHAS RETIRADAS DA PLATAFORMA-20260528T150600Z-3-023.zip,1N9R-XVbk5nreGK_2vJ7-PTXMxTHkqGG_,application/zip,2127071886,2026-05-28T18:05:45.000Z
CURSOS/ASIMOV/TRILHAS RETIRADAS DA PLATAFORMA/TRILHAS RETIRADAS DA PLATAFORMA-20260528T150600Z-3-026.zip,TRILHAS RETIRADAS DA PLATAFORMA-20260528T150600Z-3-026.zip,10VXU5sEfBGO0lbhvhiGg3HNRc32MRHLV,application/zip,2089050293,2026-05-28T18:23:43.000Z
CURSOS/ASIMOV/TRILHAS RETIRADAS DA PLATAFORMA/TRILHAS RETIRADAS DA PLATAFORMA-20260528T150600Z-3-026.zip,TRILHAS RETIRADAS DA PLATAFORMA-20260528T150600Z-3-026.zip,1Os1yq9WckTV0V97uyhIfKDj1FE2ftHrd,application/zip,2089050293,2026-05-28T18:23:43.000Z
CURSOS/ASIMOV/TRILHAS RETIRADAS DA PLATAFORMA/TRILHAS RETIRADAS DA PLATAFORMA-20260529T041136Z-3-001.zip,TRILHAS RETIRADAS DA PLATAFORMA-20260529T041136Z-3-001.zip,1n0xt4gZWptr92XKmU-it_oQ50q3wcW_-,application/zip,2147327512,2026-05-29T05:09:01.000Z
CURSOS/ASIMOV/TRILHAS RETIRADAS DA PLATAFORMA/TRILHAS RETIRADAS DA PLATAFORMA-20260529T041136Z-3-001.zip,TRILHAS RETIRADAS DA PLATAFORMA-20260529T041136Z-3-001.zip,1iynwFf3nYu9u1onUusWHZ5FdEtn8kg2X,application/zip,2147327512,2026-05-29T05:09:01.000Z
CURSOS/ASIMOV/TRILHAS RETIRADAS DA PLATAFORMA/TRILHAS RETIRADAS DA PLATAFORMA-20260529T041136Z-3-002.zip,TRILHAS RETIRADAS DA PLATAFORMA-20260529T041136Z-3-002.zip,1GpSKbmuSyUxPr3intlN-NEuKykVedZOc,application/zip,2147003886,2026-05-29T05:09:02.000Z
CURSOS/ASIMOV/TRILHAS RETIRADAS DA PLATAFORMA/TRILHAS RETIRADAS DA PLATAFORMA-20260529T041136Z-3-002.zip,TRILHAS RETIRADAS DA PLATAFORMA-20260529T041136Z-3-002.zip,1wMp3MjB5kYFUu_1gaF2k2zkxyLrTiFcp,application/zip,2147003886,2026-05-29T05:09:02.000Z
CURSOS/ASIMOV/TRILHAS RETIRADAS DA PLATAFORMA/TRILHAS RETIRADAS DA PLATAFORMA-20260529T041136Z-3-003.zip,TRILHAS RETIRADAS DA PLATAFORMA-20260529T041136Z-3-003.zip,1hnf-9PVKXUDb1X_xHop8HZw4gt1AyZaP,application/zip,2145543674,2026-05-29T05:09:01.000Z
CURSOS/ASIMOV/TRILHAS RETIRADAS DA PLATAFORMA/TRILHAS RETIRADAS DA PLATAFORMA-20260529T041136Z-3-003.zip,TRILHAS RETIRADAS DA PLATAFORMA-20260529T041136Z-3-003.zip,1aRvGbaUifaBIkuMHL-xwwWPyCsjTinbA,application/zip,2145543674,2026-05-29T05:09:01.000Z
CURSOS/ASIMOV/TRILHAS RETIRADAS DA PLATAFORMA/TRILHAS RETIRADAS DA PLATAFORMA-20260529T041136Z-3-004.zip,TRILHAS RETIRADAS DA PLATAFORMA-20260529T041136Z-3-004.zip,1oK69ozLtItgmI6NLnNYbjUsTKbAahJEt,application/zip,2147341509,2026-05-29T05:09:02.000Z
CURSOS/ASIMOV/TRILHAS RETIRADAS DA PLATAFORMA/TRILHAS RETIRADAS DA PLATAFORMA-20260529T041136Z-3-004.zip,TRILHAS RETIRADAS DA PLATAFORMA-20260529T041136Z-3-004.zip,1YPA2H6MlsgRAyCyT5EkbxLQJ1-t24FKT,application/zip,2147341509,2026-05-29T05:09:02.000Z
CURSOS/ASIMOV/TRILHAS RETIRADAS DA PLATAFORMA/TRILHAS RETIRADAS DA PLATAFORMA-20260529T041136Z-3-005.zip,TRILHAS RETIRADAS DA PLATAFORMA-20260529T041136Z-3-005.zip,17H_l47wtcWXrCzXxvN7pNA_L5As9XOXi,application/zip,2129985594,2026-05-29T05:09:00.000Z
CURSOS/ASIMOV/TRILHAS RETIRADAS DA PLATAFORMA/TRILHAS RETIRADAS DA PLATAFORMA-20260529T041136Z-3-005.zip,TRILHAS RETIRADAS DA PLATAFORMA-20260529T041136Z-3-005.zip,1WbgnPIy3pEHg0sggAgXw_HkiEznNhHlh,application/zip,2129985594,2026-05-29T05:09:00.000Z
CURSOS/ASIMOV/TRILHAS RETIRADAS DA PLATAFORMA/TRILHAS RETIRADAS DA PLATAFORMA-20260529T041136Z-3-006.zip,TRILHAS RETIRADAS DA PLATAFORMA-20260529T041136Z-3-006.zip,1rbEIkj7wlkPI4zP0H_zkUMi1dIuEGuas,application/zip,2144477713,2026-05-29T05:09:01.000Z
CURSOS/ASIMOV/TRILHAS RETIRADAS DA PLATAFORMA/TRILHAS RETIRADAS DA PLATAFORMA-20260529T041136Z-3-006.zip,TRILHAS RETIRADAS DA PLATAFORMA-20260529T041136Z-3-006.zip,1F4Bif0PRw_-HypiB7Z7A5UNKb5sDpzyh,application/zip,2144477713,2026-05-29T05:09:01.000Z
CURSOS/ASIMOV/TRILHAS RETIRADAS DA PLATAFORMA/TRILHAS RETIRADAS DA PLATAFORMA-20260529T041136Z-3-007.zip,TRILHAS RETIRADAS DA PLATAFORMA-20260529T041136Z-3-007.zip,1kPC16S-9_WlegLhJnboPC3S17UOXEwcm,application/zip,2133836070,2026-05-29T05:08:59.000Z
CURSOS/ASIMOV/TRILHAS RETIRADAS DA PLATAFORMA/TRILHAS RETIRADAS DA PLATAFORMA-20260529T041136Z-3-007.zip,TRILHAS RETIRADAS DA PLATAFORMA-20260529T041136Z-3-007.zip,1p00EQYrfaQ_2R_oYionqMks5fD9foLYT,application/zip,2133836070,2026-05-29T05:08:59.000Z
CURSOS/ASIMOV/TRILHAS RETIRADAS DA PLATAFORMA/TRILHAS RETIRADAS DA PLATAFORMA-20260529T041136Z-3-008.zip,TRILHAS RETIRADAS DA PLATAFORMA-20260529T041136Z-3-008.zip,18n-KCELi8QX7CLcRiNgZYxQfQyaghkDD,application/zip,2125768495,2026-05-29T05:08:54.000Z
CURSOS/ASIMOV/TRILHAS RETIRADAS DA PLATAFORMA/TRILHAS RETIRADAS DA PLATAFORMA-20260529T041136Z-3-008.zip,TRILHAS RETIRADAS DA PLATAFORMA-20260529T041136Z-3-008.zip,1OuBr9RGjoqN9n_nidChEOk8L3OBCK_Rs,application/zip,2125768495,2026-05-29T05:08:54.000Z
CURSOS/ASIMOV/TRILHAS RETIRADAS DA PLATAFORMA/TRILHAS RETIRADAS DA PLATAFORMA-20260529T041136Z-3-009.zip,TRILHAS RETIRADAS DA PLATAFORMA-20260529T041136Z-3-009.zip,1kO9J7fq6SKLvd-e3PAwFVuhMfRPYPEVt,application/zip,2132372564,2026-05-29T05:08:58.000Z
CURSOS/ASIMOV/TRILHAS RETIRADAS DA PLATAFORMA/TRILHAS RETIRADAS DA PLATAFORMA-20260529T041136Z-3-009.zip,TRILHAS RETIRADAS DA PLATAFORMA-20260529T041136Z-3-009.zip,1N_utMofhlYLiYNjqlzP39H5oQPsm_RZU,application/zip,2132372564,2026-05-29T05:08:58.000Z
CURSOS/ASIMOV/TRILHAS RETIRADAS DA PLATAFORMA/TRILHAS RETIRADAS DA PLATAFORMA-20260529T041136Z-3-010.zip,TRILHAS RETIRADAS DA PLATAFORMA-20260529T041136Z-3-010.zip,12FMvRVYyaeztf-dsDlSPkMYdV0sdC_FW,application/zip,2129530571,2026-05-29T05:08:57.000Z
CURSOS/ASIMOV/TRILHAS RETIRADAS DA PLATAFORMA/TRILHAS RETIRADAS DA PLATAFORMA-20260529T041136Z-3-010.zip,TRILHAS RETIRADAS DA PLATAFORMA-20260529T041136Z-3-010.zip,1ij7P_sxTI-I2bR-vANl9-TBXjLTDr-8k,application/zip,2129530571,2026-05-29T05:08:57.000Z
CURSOS/ASIMOV/TRILHAS RETIRADAS DA PLATAFORMA/TRILHAS RETIRADAS DA PLATAFORMA-20260529T041136Z-3-011.zip,TRILHAS RETIRADAS DA PLATAFORMA-20260529T041136Z-3-011.zip,1Dmr66z1KFNyKO0ca4osmkT6IeENhNuoV,application/zip,2135761864,2026-05-29T05:09:00.000Z
CURSOS/ASIMOV/TRILHAS RETIRADAS DA PLATAFORMA/TRILHAS RETIRADAS DA PLATAFORMA-20260529T041136Z-3-011.zip,TRILHAS RETIRADAS DA PLATAFORMA-20260529T041136Z-3-011.zip,1OLd19daJCwgdZynngqvQ37uIBreM8FU-,application/zip,2135761864,2026-05-29T05:09:00.000Z
CURSOS/ASIMOV/TRILHAS RETIRADAS DA PLATAFORMA/TRILHAS RETIRADAS DA PLATAFORMA-20260529T041136Z-3-012.zip,TRILHAS RETIRADAS DA PLATAFORMA-20260529T041136Z-3-012.zip,1BGDzGXhETH-Txj2GWC38hyrXeGOPBnJK,application/zip,2131903666,2026-05-29T05:08:57.000Z
CURSOS/ASIMOV/TRILHAS RETIRADAS DA PLATAFORMA/TRILHAS RETIRADAS DA PLATAFORMA-20260529T041136Z-3-012.zip,TRILHAS RETIRADAS DA PLATAFORMA-20260529T041136Z-3-012.zip,1rjReFjv_cKToL5_WOOj28i5Drrah2lA3,application/zip,2131903666,2026-05-29T05:08:57.000Z
CURSOS/ASIMOV/TRILHAS RETIRADAS DA PLATAFORMA/TRILHAS RETIRADAS DA PLATAFORMA-20260529T041136Z-3-013.zip,TRILHAS RETIRADAS DA PLATAFORMA-20260529T041136Z-3-013.zip,1-W5XG1xZ2lkBGyCKtVynoccJRbrVShUm,application/zip,2132841523,2026-05-29T05:08:59.000Z
CURSOS/ASIMOV/TRILHAS RETIRADAS DA PLATAFORMA/TRILHAS RETIRADAS DA PLATAFORMA-20260529T041136Z-3-013.zip,TRILHAS RETIRADAS DA PLATAFORMA-20260529T041136Z-3-013.zip,1eUV5zW38CAvYbqJxFC1qJsmoRjYMKD2u,application/zip,2132841523,2026-05-29T05:08:59.000Z
CURSOS/ASIMOV/TRILHAS RETIRADAS DA PLATAFORMA/TRILHAS RETIRADAS DA PLATAFORMA-20260529T041136Z-3-014.zip,TRILHAS RETIRADAS DA PLATAFORMA-20260529T041136Z-3-014.zip,1uScNLGknZaAoSaw1dMkxsbLldI_SsZ4k,application/zip,2146359623,2026-05-29T05:09:01.000Z
CURSOS/ASIMOV/TRILHAS RETIRADAS DA PLATAFORMA/TRILHAS RETIRADAS DA PLATAFORMA-20260529T041136Z-3-014.zip,TRILHAS RETIRADAS DA PLATAFORMA-20260529T041136Z-3-014.zip,1-Y4ax00ZSzqAVGKh4J72jYs3LBwVlUNn,application/zip,2146359623,2026-05-29T05:09:01.000Z
CURSOS/ASIMOV/TRILHAS RETIRADAS DA PLATAFORMA/TRILHAS RETIRADAS DA PLATAFORMA-20260529T041136Z-3-015.zip,TRILHAS RETIRADAS DA PLATAFORMA-20260529T041136Z-3-015.zip,1PRtjZfLTUwVfnPPPdnh86PLAQf9Izy0N,application/zip,2128087517,2026-05-29T05:08:58.000Z
CURSOS/ASIMOV/TRILHAS RETIRADAS DA PLATAFORMA/TRILHAS RETIRADAS DA PLATAFORMA-20260529T041136Z-3-015.zip,TRILHAS RETIRADAS DA PLATAFORMA-20260529T041136Z-3-015.zip,1h14s5WHU9UfE1iwfHwbJ1xBgIi8Zq972,application/zip,2128087517,2026-05-29T05:08:58.000Z
CURSOS/ASIMOV/TRILHAS RETIRADAS DA PLATAFORMA/TRILHAS RETIRADAS DA PLATAFORMA-20260529T041136Z-3-016.zip,TRILHAS RETIRADAS DA PLATAFORMA-20260529T041136Z-3-016.zip,1uI0uCCOGygAV9SCfgzyhWZIVP-JxmSt0,application/zip,2131668859,2026-05-29T05:08:58.000Z
CURSOS/ASIMOV/TRILHAS RETIRADAS DA PLATAFORMA/TRILHAS RETIRADAS DA PLATAFORMA-20260529T041136Z-3-016.zip,TRILHAS RETIRADAS DA PLATAFORMA-20260529T041136Z-3-016.zip,1f2BbpcY-9eonphgDbt-ZaDthz6mjnaYG,application/zip,2131668859,2026-05-29T05:08:58.000Z
CURSOS/ASIMOV/TRILHAS RETIRADAS DA PLATAFORMA/TRILHAS RETIRADAS DA PLATAFORMA-20260529T041136Z-3-017.zip,TRILHAS RETIRADAS DA PLATAFORMA-20260529T041136Z-3-017.zip,18FSR9ifsbRdLNu1XVacmYt6G4Ywcw5JP,application/zip,2131777817,2026-05-29T05:08:58.000Z
CURSOS/ASIMOV/TRILHAS RETIRADAS DA PLATAFORMA/TRILHAS RETIRADAS DA PLATAFORMA-20260529T041136Z-3-017.zip,TRILHAS RETIRADAS DA PLATAFORMA-20260529T041136Z-3-017.zip,1Rymfe3VGDRxxjUvZUctY2L82vKMftvCv,application/zip,2131777817,2026-05-29T05:08:58.000Z
CURSOS/ASIMOV/TRILHAS RETIRADAS DA PLATAFORMA/TRILHAS RETIRADAS DA PLATAFORMA-20260529T041136Z-3-018.zip,TRILHAS RETIRADAS DA PLATAFORMA-20260529T041136Z-3-018.zip,1IrOzYBpVT6pLCxy9O31H8DaKyOmk8S07,application/zip,2128442561,2026-05-29T05:08:58.000Z
CURSOS/ASIMOV/TRILHAS RETIRADAS DA PLATAFORMA/TRILHAS RETIRADAS DA PLATAFORMA-20260529T041136Z-3-018.zip,TRILHAS RETIRADAS DA PLATAFORMA-20260529T041136Z-3-018.zip,1P-cnRxBEj6lo24QLBqenOsDOYLbaHMdt,application/zip,2128442561,2026-05-29T05:08:58.000Z
CURSOS/ASIMOV/TRILHAS RETIRADAS DA PLATAFORMA/TRILHAS RETIRADAS DA PLATAFORMA-20260529T041136Z-3-020.zip,TRILHAS RETIRADAS DA PLATAFORMA-20260529T041136Z-3-020.zip,1qih8V83utZsVLA5rp-t5kv4miVvFQDBg,application/zip,2055373197,2026-05-29T05:07:58.000Z
CURSOS/ASIMOV/TRILHAS RETIRADAS DA PLATAFORMA/TRILHAS RETIRADAS DA PLATAFORMA-20260529T041136Z-3-021.zip,TRILHAS RETIRADAS DA PLATAFORMA-20260529T041136Z-3-021.zip,1v7xPVNHdx5e2ysRKpeexVOCk9oeGDnFe,application/zip,2065572269,2026-05-29T05:08:11.000Z
CURSOS/ASIMOV/TRILHAS RETIRADAS DA PLATAFORMA/TRILHAS RETIRADAS DA PLATAFORMA-20260529T041136Z-3-021.zip,TRILHAS RETIRADAS DA PLATAFORMA-20260529T041136Z-3-021.zip,1yKAJF84qtiijB16HMKCNJPPL-SieEfIH,application/zip,2065572269,2026-05-29T05:08:11.000Z
CURSOS/ASIMOV/TRILHAS RETIRADAS DA PLATAFORMA/TRILHAS RETIRADAS DA PLATAFORMA-20260529T041136Z-3-022.zip,TRILHAS RETIRADAS DA PLATAFORMA-20260529T041136Z-3-022.zip,1d81O9sVFWpw2tonsP1ogDLG1vaqG9Mmk,application/zip,2130264860,2026-05-29T05:09:00.000Z
CURSOS/ASIMOV/TRILHAS RETIRADAS DA PLATAFORMA/TRILHAS RETIRADAS DA PLATAFORMA-20260529T041136Z-3-026.zip,TRILHAS RETIRADAS DA PLATAFORMA-20260529T041136Z-3-026.zip,1WowHIGjEWCKEIq9LyN4YUedllLKFSeU5,application/zip,2113412372,2026-05-29T05:08:51.000Z
CURSOS/ASIMOV/TRILHAS RETIRADAS DA PLATAFORMA/TRILHAS RETIRADAS DA PLATAFORMA/._04 - [TRILHA] Aplicações IA - Multi-agent Systems com CrewAI,._04 - [TRILHA] Aplicações IA - Multi-agent Systems com CrewAI,1jnQ8Xu2xE4X_yDA4wVEKlyZ_fKUUJPXR,application/octet-stream,4096,2026-07-06T06:39:49.295Z
CURSOS/ASIMOV/TRILHAS RETIRADAS DA PLATAFORMA/TRILHAS RETIRADAS DA PLATAFORMA/._05 - [TRILHA] Modelos Alternativos com Hugging Face,._05 - [TRILHA] Modelos Alternativos com Hugging Face ,1mWt2ZG7h_PZJviQc7f8_q8YLEporxPj4,application/octet-stream,4096,2026-07-06T06:39:49.062Z
CURSOS/ASIMOV/TRILHAS RETIRADAS DA PLATAFORMA/TRILHAS RETIRADAS DA PLATAFORMA/._06 - [TRILHA] Aplicações IA - Criação de Agents com LangChain,._06 - [TRILHA] Aplicações IA - Criação de Agents com LangChain,1W2ND1MfhjlPVJwrwwwj2uOmTQyuqjLUM,application/octet-stream,4096,2026-07-06T06:39:49.214Z
CURSOS/ASIMOV/TRILHAS RETIRADAS DA PLATAFORMA/TRILHAS RETIRADAS DA PLATAFORMA/04 - [TRILHA] Aplicações IA - Multi-agent Systems com CrewAI,04 - [TRILHA] Aplicações IA - Multi-agent Systems com CrewAI,1UhhxmbgNg_589vmzaStOjn9sXKwtMsmO,application/vnd.google-apps.folder,,2026-07-06T06:39:38.384Z
CURSOS/ASIMOV/TRILHAS RETIRADAS DA PLATAFORMA/TRILHAS RETIRADAS DA PLATAFORMA/04 - [TRILHA] Aplicações IA - Multi-agent Systems com CrewAI/._00 - Ordem Cursos e Projetos,._00 - Ordem Cursos e Projetos,12NTqwqO7vC4g5ndP0AABLo_17YDWUwdw,application/octet-stream,4096,2026-07-06T06:39:55.891Z
CURSOS/ASIMOV/TRILHAS RETIRADAS DA PLATAFORMA/TRILHAS RETIRADAS DA PLATAFORMA/04 - [TRILHA] Aplicações IA - Multi-agent Systems com CrewAI/._05 - Aprendendo Python_ Conceitos Básicos,._05 - Aprendendo Python_ Conceitos Básicos,1aePuD0-YL1f-_BYzoxUkfpCwrIhfGIxi,application/octet-stream,4096,2026-07-06T06:39:56.004Z
CURSOS/ASIMOV/TRILHAS RETIRADAS DA PLATAFORMA/TRILHAS RETIRADAS DA PLATAFORMA/04 - [TRILHA] Aplicações IA - Multi-agent Systems com CrewAI/._07 - Engenharia de Prompts,._07 - Engenharia de Prompts,1krIQ2pWj_92WPGJDZi0IcjqYBdB6fUHi,application/octet-stream,4096,2026-07-06T06:39:55.828Z
CURSOS/ASIMOV/TRILHAS RETIRADAS DA PLATAFORMA/TRILHAS RETIRADAS DA PLATAFORMA/04 - [TRILHA] Aplicações IA - Multi-agent Systems com CrewAI/._08 - Criando Multi Agent Systems com CrewAI,._08 - Criando Multi Agent Systems com CrewAI,18uchZnWrwFo5Y73T9SdkfYTUGextUkcW,application/octet-stream,4096,2026-07-06T06:39:55.820Z
CURSOS/ASIMOV/TRILHAS RETIRADAS DA PLATAFORMA/TRILHAS RETIRADAS DA PLATAFORMA/04 - [TRILHA] Aplicações IA - Multi-agent Systems com CrewAI/00 - Ordem Cursos e Projetos,00 - Ordem Cursos e Projetos,1x568SgyzH6HfLFgZpddk1SJUyUZM6puN,application/vnd.google-apps.folder,,2026-07-06T06:39:43.592Z
CURSOS/ASIMOV/TRILHAS RETIRADAS DA PLATAFORMA/TRILHAS RETIRADAS DA PLATAFORMA/04 - [TRILHA] Aplicações IA - Multi-agent Systems com CrewAI/00 - Ordem Cursos e Projetos/._Part1.png,._Part1.png,1jvexMGITLNL4I0o1o5_Z9vEWUanRUY2y,image/png,4096,2026-07-06T06:40:05.180Z
CURSOS/ASIMOV/TRILHAS RETIRADAS DA PLATAFORMA/TRILHAS RETIRADAS DA PLATAFORMA/04 - [TRILHA] Aplicações IA - Multi-agent Systems com CrewAI/00 - Ordem Cursos e Projetos/._Part2.png,._Part2.png,1SKg-v3ztYDsFIx127AUeBf3GeVL_r687,image/png,4096,2026-07-06T06:40:05.289Z
CURSOS/ASIMOV/TRILHAS RETIRADAS DA PLATAFORMA/TRILHAS RETIRADAS DA PLATAFORMA/04 - [TRILHA] Aplicações IA - Multi-agent Systems com CrewAI/00 - Ordem Cursos e Projetos/Part1.png,Part1.png,1tPEmujVnf2C8jhOX4o8ewA5o-8TJNuhB,image/png,345987,2026-07-06T06:40:05.446Z
CURSOS/ASIMOV/TRILHAS RETIRADAS DA PLATAFORMA/TRILHAS RETIRADAS DA PLATAFORMA/04 - [TRILHA] Aplicações IA - Multi-agent Systems com CrewAI/00 - Ordem Cursos e Projetos/Part2.png,Part2.png,1J1gRBtLM9dySVdKE_Yk72zCHDukE7NhF,image/png,318675,2026-07-06T06:40:05.163Z
CURSOS/ASIMOV/TRILHAS RETIRADAS DA PLATAFORMA/TRILHAS RETIRADAS DA PLATAFORMA/04 - [TRILHA] Aplicações IA - Multi-agent Systems com CrewAI/05 - Aprendendo Python_ Conceitos Básicos,05 - Aprendendo Python_ Conceitos Básicos,1Td_9iYM97PUxxBguGH1KA0HZu4q2RNnB,application/vnd.google-apps.folder,,2026-07-06T06:39:43.592Z
CURSOS/ASIMOV/TRILHAS RETIRADAS DA PLATAFORMA/TRILHAS RETIRADAS DA PLATAFORMA/04 - [TRILHA] Aplicações IA - Multi-agent Systems com CrewAI/05 - Aprendendo Python_ Conceitos Básicos/._Aprendendo Python - Conceitos Básicos,._Aprendendo Python - Conceitos Básicos,1EDzkuVY-7CUN9ZDdAjL8hsi8elHVRxZ_,application/octet-stream,4096,2026-07-06T06:40:05.630Z
CURSOS/ASIMOV/TRILHAS RETIRADAS DA PLATAFORMA/TRILHAS RETIRADAS DA PLATAFORMA/04 - [TRILHA] Aplicações IA - Multi-agent Systems com CrewAI/05 - Aprendendo Python_ Conceitos Básicos/Aprendendo Python - Conceitos Básicos,Aprendendo Python - Conceitos Básicos,1NOaHuFFvrYfhfZ1TRUg9SvKu8nq7lTkc,application/vnd.google-apps.folder,,2026-07-06T06:39:51.600Z
CURSOS/ASIMOV/TRILHAS RETIRADAS DA PLATAFORMA/TRILHAS RETIRADAS DA PLATAFORMA/04 - [TRILHA] Aplicações IA - Multi-agent Systems com CrewAI/05 - Aprendendo Python_ Conceitos Básicos/Aprendendo Python - Conceitos Básicos/._readme.txt,._readme.txt,1hGH39dm317Q7gx_Ov0rdjcsum7OS7oiW,text/plain,4096,2026-07-06T06:40:27.233Z
CURSOS/ASIMOV/TRILHAS RETIRADAS DA PLATAFORMA/TRILHAS RETIRADAS DA PLATAFORMA/04 - [TRILHA] Aplicações IA - Multi-agent Systems com CrewAI/05 - Aprendendo Python_ Conceitos Básicos/Aprendendo Python - Conceitos Básicos/readme.txt,readme.txt,10XPpRsbXkPpkHMFlVtl2mvSk5x8Fpz0E,text/plain,477,2026-07-06T06:40:27.349Z
CURSOS/ASIMOV/TRILHAS RETIRADAS DA PLATAFORMA/TRILHAS RETIRADAS DA PLATAFORMA/04 - [TRILHA] Aplicações IA - Multi-agent Systems com CrewAI/07 - Engenharia de Prompts,07 - Engenharia de Prompts,1XhOBX9B2VPsPKKhKveJgYNqPhmHuJA3A,application/vnd.google-apps.folder,,2026-07-06T06:39:43.592Z
CURSOS/ASIMOV/TRILHAS RETIRADAS DA PLATAFORMA/TRILHAS RETIRADAS DA PLATAFORMA/04 - [TRILHA] Aplicações IA - Multi-agent Systems com CrewAI/07 - Engenharia de Prompts/._ApostilaEngenhariaPrompts.pdf,._ApostilaEngenhariaPrompts.pdf,1pf5RrHgn-NHKqzKe9vHbCYVSbAc1Reqn,application/pdf,4096,2026-07-06T06:40:05.169Z
CURSOS/ASIMOV/TRILHAS RETIRADAS DA PLATAFORMA/TRILHAS RETIRADAS DA PLATAFORMA/04 - [TRILHA] Aplicações IA - Multi-agent Systems com CrewAI/07 - Engenharia de Prompts/._SlidesEngenhariaPrompts.pdf,._SlidesEngenhariaPrompts.pdf,1UUYvJUs8qB4kC0LL5_S95Pr1LGnoMf4o,application/pdf,4096,2026-07-06T06:40:05.031Z
CURSOS/ASIMOV/TRILHAS RETIRADAS DA PLATAFORMA/TRILHAS RETIRADAS DA PLATAFORMA/04 - [TRILHA] Aplicações IA - Multi-agent Systems com CrewAI/07 - Engenharia de Prompts/._apostilas_em_markdown,._apostilas_em_markdown,1vt7PIwOnZMkzinCYT2Q1apiHsCAEA5Ww,application/octet-stream,4096,2026-07-06T06:40:04.819Z
CURSOS/ASIMOV/TRILHAS RETIRADAS DA PLATAFORMA/TRILHAS RETIRADAS DA PLATAFORMA/04 - [TRILHA] Aplicações IA - Multi-agent Systems com CrewAI/07 - Engenharia de Prompts/ApostilaEngenhariaPrompts.pdf,ApostilaEngenhariaPrompts.pdf,1NGzcYyGJmpSPKMegOKWTZ3hsfn3KPaDY,application/pdf,596647,2026-07-06T06:40:04.843Z
CURSOS/ASIMOV/TRILHAS RETIRADAS DA PLATAFORMA/TRILHAS RETIRADAS DA PLATAFORMA/04 - [TRILHA] Aplicações IA - Multi-agent Systems com CrewAI/07 - Engenharia de Prompts/apostilas_em_markdown,apostilas_em_markdown,1n8SQ6Eb4dsiT_0OIamdDT-n6ieUya5hH,application/vnd.google-apps.folder,,2026-07-06T06:39:51.600Z
CURSOS/ASIMOV/TRILHAS RETIRADAS DA PLATAFORMA/TRILHAS RETIRADAS DA PLATAFORMA/04 - [TRILHA] Aplicações IA - Multi-agent Systems com CrewAI/07 - Engenharia de Prompts/apostilas_em_markdown/._01. Introdução ao Curso.md,._01. Introdução ao Curso.md,1RFS7Eegqvj0BN1Xq8SdW4t8yRhctj1sx,text/markdown,4096,2026-07-06T06:40:26.888Z
CURSOS/ASIMOV/TRILHAS RETIRADAS DA PLATAFORMA/TRILHAS RETIRADAS DA PLATAFORMA/04 - [TRILHA] Aplicações IA - Multi-agent Systems com CrewAI/07 - Engenharia de Prompts/apostilas_em_markdown/._02. Conceitos Gerais de LLMs.md,._02. Conceitos Gerais de LLMs.md,1poFh1vBmtf5LThP3T8mmk08N9FOPn1jn,text/markdown,4096,2026-07-06T06:40:26.055Z
CURSOS/ASIMOV/TRILHAS RETIRADAS DA PLATAFORMA/TRILHAS RETIRADAS DA PLATAFORMA/04 - [TRILHA] Aplicações IA - Multi-agent Systems com CrewAI/07 - Engenharia de Prompts/apostilas_em_markdown/._03. Os princípios de um bom prompt.md,._03. Os princípios de um bom prompt.md,1xCevlnVjrwYPF_h1LBPHXkEBwG1bdFEL,text/markdown,4096,2026-07-06T06:40:25.162Z
CURSOS/ASIMOV/TRILHAS RETIRADAS DA PLATAFORMA/TRILHAS RETIRADAS DA PLATAFORMA/04 - [TRILHA] Aplicações IA - Multi-agent Systems com CrewAI/07 - Engenharia de Prompts/apostilas_em_markdown/._04. Criando prompts claros e específicos.md,._04. Criando prompts claros e específicos.md,1lWQK3E-pBIa4aSda1MWhldBRNhWu_Frz,text/markdown,4096,2026-07-06T06:40:26.304Z
CURSOS/ASIMOV/TRILHAS RETIRADAS DA PLATAFORMA/TRILHAS RETIRADAS DA PLATAFORMA/04 - [TRILHA] Aplicações IA - Multi-agent Systems com CrewAI/07 - Engenharia de Prompts/apostilas_em_markdown/._05. Elementos de um Prompt.md,._05. Elementos de um Prompt.md,1PQ-8HldJrDy3ycBgxl4vbNaBBYaD3HDe,text/markdown,4096,2026-07-06T06:40:25.956Z
"CURSOS/ASIMOV/TRILHAS RETIRADAS DA PLATAFORMA/TRILHAS RETIRADAS DA PLATAFORMA/04 - [TRILHA] Aplicações IA - Multi-agent Systems com CrewAI/07 - Engenharia de Prompts/apostilas_em_markdown/._06. Público, persona e exemplo.md","._06. Público, persona e exemplo.md",1Q-CUpD0t9ZkcwEDDDluUKnBjp6SW6IxX,text/markdown,4096,2026-07-06T06:40:24.084Z
CURSOS/ASIMOV/TRILHAS RETIRADAS DA PLATAFORMA/TRILHAS RETIRADAS DA PLATAFORMA/04 - [TRILHA] Aplicações IA - Multi-agent Systems com CrewAI/07 - Engenharia de Prompts/apostilas_em_markdown/._07. Delimitadores e Saídas Estruturadas.md,._07. Delimitadores e Saídas Estruturadas.md,10TN9-AjVhVu5onBFW1-I8yxvNka7qIxZ,text/markdown,4096,2026-07-06T06:40:25.851Z
"CURSOS/ASIMOV/TRILHAS RETIRADAS DA PLATAFORMA/TRILHAS RETIRADAS DA PLATAFORMA/04 - [TRILHA] Aplicações IA - Multi-agent Systems com CrewAI/07 - Engenharia de Prompts/apostilas_em_markdown/._08. Zero, One e Few-Shot.md","._08. Zero, One e Few-Shot.md",1TutnxtuJW47wzVKbw4FlHbTPHZ_lin2e,text/markdown,4096,2026-07-06T06:40:24.614Z
CURSOS/ASIMOV/TRILHAS RETIRADAS DA PLATAFORMA/TRILHAS RETIRADAS DA PLATAFORMA/04 - [TRILHA] Aplicações IA - Multi-agent Systems com CrewAI/07 - Engenharia de Prompts/apostilas_em_markdown/._09. Dando tempo para o modelo pensar (COT).md,._09. Dando tempo para o modelo pensar (COT).md,1e1zIdE1sYJz4Wqx3mbWI58pLwi4igRhq,text/markdown,4096,2026-07-06T06:40:25.354Z
CURSOS/ASIMOV/TRILHAS RETIRADAS DA PLATAFORMA/TRILHAS RETIRADAS DA PLATAFORMA/04 - [TRILHA] Aplicações IA - Multi-agent Systems com CrewAI/07 - Engenharia de Prompts/apostilas_em_markdown/._10. Encadeamento (Chaining).md,._10. Encadeamento (Chaining).md,184ggq8YPo-0F_UTAXQdmHsSqW4C8qI_K,text/markdown,4096,2026-07-06T06:40:25.230Z
"CURSOS/ASIMOV/TRILHAS RETIRADAS DA PLATAFORMA/TRILHAS RETIRADAS DA PLATAFORMA/04 - [TRILHA] Aplicações IA - Multi-agent Systems com CrewAI/07 - Engenharia de Prompts/apostilas_em_markdown/._11. Resumo e Extração,.md","._11. Resumo e Extração,.md",14jtJRX4jBAmzFCjkBKiG719ItInR9ox1,text/markdown,4096,2026-07-06T06:40:23.762Z
CURSOS/ASIMOV/TRILHAS RETIRADAS DA PLATAFORMA/TRILHAS RETIRADAS DA PLATAFORMA/04 - [TRILHA] Aplicações IA - Multi-agent Systems com CrewAI/07 - Engenharia de Prompts/apostilas_em_markdown/._12. Inferência e Análise de Sentimento.md,._12. Inferência e Análise de Sentimento.md,1713VUMgM3WMBJQJzYQYztdycFRQ2L5Jc,text/markdown,4096,2026-07-06T06:40:24.547Z
"CURSOS/ASIMOV/TRILHAS RETIRADAS DA PLATAFORMA/TRILHAS RETIRADAS DA PLATAFORMA/04 - [TRILHA] Aplicações IA - Multi-agent Systems com CrewAI/07 - Engenharia de Prompts/apostilas_em_markdown/._13. Transformando, traduzindo e modificando.md","._13. Transformando, traduzindo e modificando.md",1TDrVXv_8DvQ6Q-KibDEc3YqqlyxsN_pN,text/markdown,4096,2026-07-06T06:40:26.946Z
CURSOS/ASIMOV/TRILHAS RETIRADAS DA PLATAFORMA/TRILHAS RETIRADAS DA PLATAFORMA/04 - [TRILHA] Aplicações IA - Multi-agent Systems com CrewAI/07 - Engenharia de Prompts/apostilas_em_markdown/._14. Criação de Chatbots Personalizados.md,._14. Criação de Chatbots Personalizados.md,1-PcMVAGCD6V63G8YV7_NnP5orSk0JOv4,text/markdown,4096,2026-07-06T06:40:26.567Z
CURSOS/ASIMOV/TRILHAS RETIRADAS DA PLATAFORMA/TRILHAS RETIRADAS DA PLATAFORMA/04 - [TRILHA] Aplicações IA - Multi-agent Systems com CrewAI/07 - Engenharia de Prompts/apostilas_em_markdown/._15. Recursos adicionais.md,._15. Recursos adicionais.md,1swTPSmk4bq-n5F4d8w1B939iyVcwWqjj,text/markdown,4096,2026-07-06T06:40:25.430Z
CURSOS/ASIMOV/TRILHAS RETIRADAS DA PLATAFORMA/TRILHAS RETIRADAS DA PLATAFORMA/04 - [TRILHA] Aplicações IA - Multi-agent Systems com CrewAI/07 - Engenharia de Prompts/apostilas_em_markdown/01. Introdução ao Curso.md,01. Introdução ao Curso.md,1LH1T2soH8h89NTyfsKxJ41HuZSwdfA3L,text/markdown,1534,2026-07-06T06:40:27.115Z
CURSOS/ASIMOV/TRILHAS RETIRADAS DA PLATAFORMA/TRILHAS RETIRADAS DA PLATAFORMA/04 - [TRILHA] Aplicações IA - Multi-agent Systems com CrewAI/07 - Engenharia de Prompts/apostilas_em_markdown/02. Conceitos Gerais de LLMs.md,02. Conceitos Gerais de LLMs.md,17M9hTNKdx5Q_j5n5ZaJV3hCyANN4vlII,text/markdown,7318,2026-07-06T06:40:25.314Z
CURSOS/ASIMOV/TRILHAS RETIRADAS DA PLATAFORMA/TRILHAS RETIRADAS DA PLATAFORMA/04 - [TRILHA] Aplicações IA - Multi-agent Systems com CrewAI/07 - Engenharia de Prompts/apostilas_em_markdown/03. Os princípios de um bom prompt.md,03. Os princípios de um bom prompt.md,1c_PDciX5Mv4nt1E4vT2gAys2I2HP-szn,text/markdown,6643,2026-07-06T06:40:25.410Z
CURSOS/ASIMOV/TRILHAS RETIRADAS DA PLATAFORMA/TRILHAS RETIRADAS DA PLATAFORMA/04 - [TRILHA] Aplicações IA - Multi-agent Systems com CrewAI/07 - Engenharia de Prompts/apostilas_em_markdown/04. Criando prompts claros e específicos.md,04. Criando prompts claros e específicos.md,1gyS200a3P-dx4WB72lcGAMHpxc-TkF9d,text/markdown,9863,2026-07-06T06:40:26.167Z
CURSOS/ASIMOV/TRILHAS RETIRADAS DA PLATAFORMA/TRILHAS RETIRADAS DA PLATAFORMA/04 - [TRILHA] Aplicações IA - Multi-agent Systems com CrewAI/07 - Engenharia de Prompts/apostilas_em_markdown/05. Elementos de um Prompt.md,05. Elementos de um Prompt.md,1uGhEA28uj6vKsmlvwrLp1l2OB97TsEa2,text/markdown,5039,2026-07-06T06:40:26.319Z
"CURSOS/ASIMOV/TRILHAS RETIRADAS DA PLATAFORMA/TRILHAS RETIRADAS DA PLATAFORMA/04 - [TRILHA] Aplicações IA - Multi-agent Systems com CrewAI/07 - Engenharia de Prompts/apostilas_em_markdown/06. Público, persona e exemplo.md","06. Público, persona e exemplo.md",1yKdj3NR1CHHMycnGu0W_HkEoGlnMH4iA,text/markdown,4225,2026-07-06T06:40:24.891Z
CURSOS/ASIMOV/TRILHAS RETIRADAS DA PLATAFORMA/TRILHAS RETIRADAS DA PLATAFORMA/04 - [TRILHA] Aplicações IA - Multi-agent Systems com CrewAI/07 - Engenharia de Prompts/apostilas_em_markdown/07. Delimitadores e Saídas Estruturadas.md,07. Delimitadores e Saídas Estruturadas.md,1u4nuCFT9AFTSq_yW9PeHLaFMgasuZAYU,text/markdown,5382,2026-07-06T06:40:25.949Z
"CURSOS/ASIMOV/TRILHAS RETIRADAS DA PLATAFORMA/TRILHAS RETIRADAS DA PLATAFORMA/04 - [TRILHA] Aplicações IA - Multi-agent Systems com CrewAI/07 - Engenharia de Prompts/apostilas_em_markdown/08. Zero, One e Few-Shot.md","08. Zero, One e Few-Shot.md",16G5nLZrADV39YRkZvN4sm4luDUlbESiU,text/markdown,4278,2026-07-06T06:40:24.335Z
CURSOS/ASIMOV/TRILHAS RETIRADAS DA PLATAFORMA/TRILHAS RETIRADAS DA PLATAFORMA/04 - [TRILHA] Aplicações IA - Multi-agent Systems com CrewAI/07 - Engenharia de Prompts/apostilas_em_markdown/09. Dando tempo para o modelo pensar (COT).md,09. Dando tempo para o modelo pensar (COT).md,1ICfVCEnwTkosPGzEJLEqJPgw65KX0yCN,text/markdown,5540,2026-07-06T06:40:25.282Z
CURSOS/ASIMOV/TRILHAS RETIRADAS DA PLATAFORMA/TRILHAS RETIRADAS DA PLATAFORMA/04 - [TRILHA] Aplicações IA - Multi-agent Systems com CrewAI/07 - Engenharia de Prompts/apostilas_em_markdown/10. Encadeamento (Chaining).md,10. Encadeamento (Chaining).md,10cXnewFiBuBlf_wfkRD1Mjff8IqYexUO,text/markdown,7171,2026-07-06T06:40:24.326Z
"CURSOS/ASIMOV/TRILHAS RETIRADAS DA PLATAFORMA/TRILHAS RETIRADAS DA PLATAFORMA/04 - [TRILHA] Aplicações IA - Multi-agent Systems com CrewAI/07 - Engenharia de Prompts/apostilas_em_markdown/11. Resumo e Extração,.md","11. Resumo e Extração,.md",1218-g2SzEfcQwLnZlCaciB35lOJkc3Ek,text/markdown,3416,2026-07-06T06:40:24.371Z
CURSOS/ASIMOV/TRILHAS RETIRADAS DA PLATAFORMA/TRILHAS RETIRADAS DA PLATAFORMA/04 - [TRILHA] Aplicações IA - Multi-agent Systems com CrewAI/07 - Engenharia de Prompts/apostilas_em_markdown/12. Inferência e Análise de Sentimento.md,12. Inferência e Análise de Sentimento.md,1W2HyZxjR_LVXuef-kyosG9E12qBn4a6r,text/markdown,6191,2026-07-06T06:40:24.491Z
"CURSOS/ASIMOV/TRILHAS RETIRADAS DA PLATAFORMA/TRILHAS RETIRADAS DA PLATAFORMA/04 - [TRILHA] Aplicações IA - Multi-agent Systems com CrewAI/07 - Engenharia de Prompts/apostilas_em_markdown/13. Transformando, traduzindo e modificando.md","13. Transformando, traduzindo e modificando.md",1w8nW8skyZoNKlK-cPmvsW_TvwP5EVjF4,text/markdown,3979,2026-07-06T06:40:26.848Z
CURSOS/ASIMOV/TRILHAS RETIRADAS DA PLATAFORMA/TRILHAS RETIRADAS DA PLATAFORMA/04 - [TRILHA] Aplicações IA - Multi-agent Systems com CrewAI/07 - Engenharia de Prompts/apostilas_em_markdown/14. Criação de Chatbots Personalizados.md,14. Criação de Chatbots Personalizados.md,16jIKLTjjvzkIMK_0ObTEMmDaTL-97t3I,text/markdown,2979,2026-07-06T06:40:26.832Z
CURSOS/ASIMOV/TRILHAS RETIRADAS DA PLATAFORMA/TRILHAS RETIRADAS DA PLATAFORMA/04 - [TRILHA] Aplicações IA - Multi-agent Systems com CrewAI/07 - Engenharia de Prompts/apostilas_em_markdown/15. Recursos adicionais.md,15. Recursos adicionais.md,1Jhdcbcik1ATqc8rrzUQvbbruoKaYbfXm,text/markdown,276,2026-07-06T06:40:25.476Z
CURSOS/ASIMOV/TRILHAS RETIRADAS DA PLATAFORMA/TRILHAS RETIRADAS DA PLATAFORMA/04 - [TRILHA] Aplicações IA - Multi-agent Systems com CrewAI/08 - Criando Multi Agent Systems com CrewAI,08 - Criando Multi Agent Systems com CrewAI,19nEtfOzWR-szYuxb7iGVUe9_r8E-ecfl,application/vnd.google-apps.folder,,2026-07-06T06:39:43.592Z
CURSOS/ASIMOV/TRILHAS RETIRADAS DA PLATAFORMA/TRILHAS RETIRADAS DA PLATAFORMA/04 - [TRILHA] Aplicações IA - Multi-agent Systems com CrewAI/08 - Criando Multi Agent Systems com CrewAI/._Criando Multi Agent Systems com CrewAI,._Criando Multi Agent Systems com CrewAI,1BXxh8XzC234gn4hmdBrcdWf-24gesDX3,application/octet-stream,4096,2026-07-06T06:40:05.082Z
CURSOS/ASIMOV/TRILHAS RETIRADAS DA PLATAFORMA/TRILHAS RETIRADAS DA PLATAFORMA/04 - [TRILHA] Aplicações IA - Multi-agent Systems com CrewAI/08 - Criando Multi Agent Systems com CrewAI/Criando Multi Agent Systems com CrewAI,Criando Multi Agent Systems com CrewAI,1W6uvVSMy_tVraIpazSsJXZgQJCqyHjxT,application/vnd.google-apps.folder,,2026-07-06T06:39:51.600Z
CURSOS/ASIMOV/TRILHAS RETIRADAS DA PLATAFORMA/TRILHAS RETIRADAS DA PLATAFORMA/04 - [TRILHA] Aplicações IA - Multi-agent Systems com CrewAI/08 - Criando Multi Agent Systems com CrewAI/Criando Multi Agent Systems com CrewAI/._scripts,._scripts,1MI7W5E9Cptf3Oi7epDiQvKc5WlWXpIpF,application/octet-stream,4096,2026-07-06T06:40:27.161Z
CURSOS/ASIMOV/TRILHAS RETIRADAS DA PLATAFORMA/TRILHAS RETIRADAS DA PLATAFORMA/04 - [TRILHA] Aplicações IA - Multi-agent Systems com CrewAI/08 - Criando Multi Agent Systems com CrewAI/Criando Multi Agent Systems com CrewAI/scripts,scripts,1c5jeYyNW9UPeT0Pl9j8Kq_1YS9HCiCm5,application/vnd.google-apps.folder,,2026-07-06T06:39:53.063Z
CURSOS/ASIMOV/TRILHAS RETIRADAS DA PLATAFORMA/TRILHAS RETIRADAS DA PLATAFORMA/04 - [TRILHA] Aplicações IA - Multi-agent Systems com CrewAI/08 - Criando Multi Agent Systems com CrewAI/Criando Multi Agent Systems com CrewAI/scripts/._04_create_blogpost_w_tools,._04_create_blogpost_w_tools,15EdaHkBbO4O5KTuKFmR4p2NQC_gEEQXT,application/octet-stream,4096,2026-07-06T06:40:29.025Z
CURSOS/ASIMOV/TRILHAS RETIRADAS DA PLATAFORMA/TRILHAS RETIRADAS DA PLATAFORMA/04 - [TRILHA] Aplicações IA - Multi-agent Systems com CrewAI/08 - Criando Multi Agent Systems com CrewAI/Criando Multi Agent Systems com CrewAI/scripts/._05_tools_personalizadas,._05_tools_personalizadas,160xTE-jN7D7_Tp_f19bh-bFwjtTu2TJ_,application/octet-stream,4096,2026-07-06T06:40:28.931Z
CURSOS/ASIMOV/TRILHAS RETIRADAS DA PLATAFORMA/TRILHAS RETIRADAS DA PLATAFORMA/04 - [TRILHA] Aplicações IA - Multi-agent Systems com CrewAI/08 - Criando Multi Agent Systems com CrewAI/Criando Multi Agent Systems com CrewAI/scripts/04_create_blogpost_w_tools,04_create_blogpost_w_tools,1eBOILDvIoMBT_C0Pj_uS7cScVPx_C5X0,application/vnd.google-apps.folder,,2026-07-06T06:39:54.293Z
CURSOS/ASIMOV/TRILHAS RETIRADAS DA PLATAFORMA/TRILHAS RETIRADAS DA PLATAFORMA/04 - [TRILHA] Aplicações IA - Multi-agent Systems com CrewAI/08 - Criando Multi Agent Systems com CrewAI/Criando Multi Agent Systems com CrewAI/scripts/04_create_blogpost_w_tools/._tests,._tests,1VEEnq_9CSvkxi9vO7_6R_4EoIhB9HZiN,application/octet-stream,4096,2026-07-06T06:40:29.579Z
CURSOS/ASIMOV/TRILHAS RETIRADAS DA PLATAFORMA/TRILHAS RETIRADAS DA PLATAFORMA/04 - [TRILHA] Aplicações IA - Multi-agent Systems com CrewAI/08 - Criando Multi Agent Systems com CrewAI/Criando Multi Agent Systems com CrewAI/scripts/04_create_blogpost_w_tools/tests,tests,1KQqrtfzGIQaokT1_I-3zgN8sjOJQCE3F,application/vnd.google-apps.folder,,2026-07-06T06:39:55.517Z
CURSOS/ASIMOV/TRILHAS RETIRADAS DA PLATAFORMA/TRILHAS RETIRADAS DA PLATAFORMA/04 - [TRILHA] Aplicações IA - Multi-agent Systems com CrewAI/08 - Criando Multi Agent Systems com CrewAI/Criando Multi Agent Systems com CrewAI/scripts/05_tools_personalizadas,05_tools_personalizadas,1IGZ0rWgledJCJuTmt9oWl0WDkWldx3Xl,application/vnd.google-apps.folder,,2026-07-06T06:39:54.293Z
CURSOS/ASIMOV/TRILHAS RETIRADAS DA PLATAFORMA/TRILHAS RETIRADAS DA PLATAFORMA/04 - [TRILHA] Aplicações IA - Multi-agent Systems com CrewAI/08 - Criando Multi Agent Systems com CrewAI/Criando Multi Agent Systems com CrewAI/scripts/05_tools_personalizadas/._tests,._tests,15-9z9ubnf_FhshX3XT3eepcWvyR_5AoB,application/octet-stream,4096,2026-07-06T06:40:29.214Z
CURSOS/ASIMOV/TRILHAS RETIRADAS DA PLATAFORMA/TRILHAS RETIRADAS DA PLATAFORMA/04 - [TRILHA] Aplicações IA - Multi-agent Systems com CrewAI/08 - Criando Multi Agent Systems com CrewAI/Criando Multi Agent Systems com CrewAI/scripts/05_tools_personalizadas/tests,tests,1Wa-A6zJKHgaxSjNDmm3kIWRbEqJpMp5P,application/vnd.google-apps.folder,,2026-07-06T06:39:55.517Z
CURSOS/ASIMOV/TRILHAS RETIRADAS DA PLATAFORMA/TRILHAS RETIRADAS DA PLATAFORMA/05 - [TRILHA] Modelos Alternativos com Hugging Face,05 - [TRILHA] Modelos Alternativos com Hugging Face ,1ZhoIpB5rCYgRBl0PDpnYzAXTSVN36V3s,application/vnd.google-apps.folder,,2026-07-06T06:39:38.384Z
CURSOS/ASIMOV/TRILHAS RETIRADAS DA PLATAFORMA/TRILHAS RETIRADAS DA PLATAFORMA/05 - [TRILHA] Modelos Alternativos com Hugging Face/._01 - Trilha Aplicações IA - Comece por aqui,._01 - Trilha Aplicações IA - Comece por aqui,14nN1dX0dim1_xX9X_3mc7HqrCXLvCBhK,application/octet-stream,4096,2026-07-06T06:39:55.124Z
CURSOS/ASIMOV/TRILHAS RETIRADAS DA PLATAFORMA/TRILHAS RETIRADAS DA PLATAFORMA/05 - [TRILHA] Modelos Alternativos com Hugging Face/._04 - Aprendendo Python_ Conceitos Básicos,._04 - Aprendendo Python_ Conceitos Básicos,1BayENImY_5_pflid7FLjhY90c0Yf7u-M,application/octet-stream,4096,2026-07-06T06:39:55.065Z
CURSOS/ASIMOV/TRILHAS RETIRADAS DA PLATAFORMA/TRILHAS RETIRADAS DA PLATAFORMA/05 - [TRILHA] Modelos Alternativos com Hugging Face/._06 - Engenharia de Prompts,._06 - Engenharia de Prompts,1V5k4cbWW1pB9Apkc57QZtPLZ_fF0Y_DW,application/octet-stream,4096,2026-07-06T06:39:55.005Z
CURSOS/ASIMOV/TRILHAS RETIRADAS DA PLATAFORMA/TRILHAS RETIRADAS DA PLATAFORMA/05 - [TRILHA] Modelos Alternativos com Hugging Face/._08 - Explorando a API da OpenAI,._08 - Explorando a API da OpenAI,1gyzcht96u5qhl5IA_0BSzuwHeQE7w7jF,application/octet-stream,4096,2026-07-06T06:39:55.452Z
CURSOS/ASIMOV/TRILHAS RETIRADAS DA PLATAFORMA/TRILHAS RETIRADAS DA PLATAFORMA/05 - [TRILHA] Modelos Alternativos com Hugging Face/._09 - Explorando o Universo das IAs com Hugging Face,._09 - Explorando o Universo das IAs com Hugging Face,1FCdhU01Xehqbb6Pb3uz0MeML4vJIzlWA,application/octet-stream,4096,2026-07-06T06:39:55.586Z
CURSOS/ASIMOV/TRILHAS RETIRADAS DA PLATAFORMA/TRILHAS RETIRADAS DA PLATAFORMA/05 - [TRILHA] Modelos Alternativos com Hugging Face/._10 - IAs para Imagens e Áudio com Hugging Face,._10 - IAs para Imagens e Áudio com Hugging Face,1sJOOmYaDHW0deksqXegTehERoTaW5rQi,application/octet-stream,4096,2026-07-06T06:39:55.709Z
CURSOS/ASIMOV/TRILHAS RETIRADAS DA PLATAFORMA/TRILHAS RETIRADAS DA PLATAFORMA/05 - [TRILHA] Modelos Alternativos com Hugging Face/01 - Trilha Aplicações IA - Comece por aqui,01 - Trilha Aplicações IA - Comece por aqui,1K-6mCPH6Qjx93MmGpPplUSWSt1Dev3uG,application/vnd.google-apps.folder,,2026-07-06T06:39:41.893Z
CURSOS/ASIMOV/TRILHAS RETIRADAS DA PLATAFORMA/TRILHAS RETIRADAS DA PLATAFORMA/05 - [TRILHA] Modelos Alternativos com Hugging Face/04 - Aprendendo Python_ Conceitos Básicos,04 - Aprendendo Python_ Conceitos Básicos,1kQ-yJ9luER_Ii8weBe_YBmMd-YvRocD0,application/vnd.google-apps.folder,,2026-07-06T06:39:41.893Z
CURSOS/ASIMOV/TRILHAS RETIRADAS DA PLATAFORMA/TRILHAS RETIRADAS DA PLATAFORMA/05 - [TRILHA] Modelos Alternativos com Hugging Face/04 - Aprendendo Python_ Conceitos Básicos/._Material Aprendendo Python - Conceitos Básicos,._Material Aprendendo Python - Conceitos Básicos,167CUdd911LptYDWeeQqUdEf-2mfA0iou,application/octet-stream,4096,2026-07-06T06:40:04.732Z
CURSOS/ASIMOV/TRILHAS RETIRADAS DA PLATAFORMA/TRILHAS RETIRADAS DA PLATAFORMA/05 - [TRILHA] Modelos Alternativos com Hugging Face/04 - Aprendendo Python_ Conceitos Básicos/Material Aprendendo Python - Conceitos Básicos,Material Aprendendo Python - Conceitos Básicos,1qd8Z_9QmpaQPhsV4GvKzLa8BjVRiAEEI,application/vnd.google-apps.folder,,2026-07-06T06:39:49.739Z
CURSOS/ASIMOV/TRILHAS RETIRADAS DA PLATAFORMA/TRILHAS RETIRADAS DA PLATAFORMA/05 - [TRILHA] Modelos Alternativos com Hugging Face/04 - Aprendendo Python_ Conceitos Básicos/Material Aprendendo Python - Conceitos Básicos/._Aprendendo Python - Conceitos Básicos - Apostila Asimov Academy.pdf,._Aprendendo Python - Conceitos Básicos - Apostila Asimov Academy.pdf,1PyKwwtSsCzGOpna5gdqDqHU9b4Gvu3Q-,application/pdf,4096,2026-07-06T06:40:23.635Z
CURSOS/ASIMOV/TRILHAS RETIRADAS DA PLATAFORMA/TRILHAS RETIRADAS DA PLATAFORMA/05 - [TRILHA] Modelos Alternativos com Hugging Face/04 - Aprendendo Python_ Conceitos Básicos/Material Aprendendo Python - Conceitos Básicos/._readme.txt,._readme.txt,1hyQ2K8CoLGBELrPkFFVdNhzv3qccTnfM,text/plain,4096,2026-07-06T06:40:23.651Z
CURSOS/ASIMOV/TRILHAS RETIRADAS DA PLATAFORMA/TRILHAS RETIRADAS DA PLATAFORMA/05 - [TRILHA] Modelos Alternativos com Hugging Face/04 - Aprendendo Python_ Conceitos Básicos/Material Aprendendo Python - Conceitos Básicos/readme.txt,readme.txt,1Pp5S9TRgg6YhoyW5nKbNfDQeeMpMzDva,text/plain,477,2026-07-06T06:40:23.209Z
CURSOS/ASIMOV/TRILHAS RETIRADAS DA PLATAFORMA/TRILHAS RETIRADAS DA PLATAFORMA/05 - [TRILHA] Modelos Alternativos com Hugging Face/06 - Engenharia de Prompts,06 - Engenharia de Prompts,1hhUwFZzAtcgzzs5-ewgSxN_EGlbnnGor,application/vnd.google-apps.folder,,2026-07-06T06:39:41.893Z
CURSOS/ASIMOV/TRILHAS RETIRADAS DA PLATAFORMA/TRILHAS RETIRADAS DA PLATAFORMA/05 - [TRILHA] Modelos Alternativos com Hugging Face/06 - Engenharia de Prompts/._01 Introdução,._01 Introdução,1vFOCrfI7GeznukijmP5J_69MfPVUhzQS,application/octet-stream,4096,2026-07-06T06:40:02.982Z
CURSOS/ASIMOV/TRILHAS RETIRADAS DA PLATAFORMA/TRILHAS RETIRADAS DA PLATAFORMA/05 - [TRILHA] Modelos Alternativos com Hugging Face/06 - Engenharia de Prompts/._04 Aplicações comuns de prompts,._04 Aplicações comuns de prompts,1j2Qh5QDJn6APsZQIMZAwrLdshNOB9iez,application/octet-stream,4096,2026-07-06T06:40:02.883Z
CURSOS/ASIMOV/TRILHAS RETIRADAS DA PLATAFORMA/TRILHAS RETIRADAS DA PLATAFORMA/05 - [TRILHA] Modelos Alternativos com Hugging Face/06 - Engenharia de Prompts/._ApostilaEngenhariaPrompts.pdf,._ApostilaEngenhariaPrompts.pdf,17JPd345sNAEOjJ_RIn55tBOWBLzL2r5r,application/pdf,4096,2026-07-06T06:40:03.257Z
CURSOS/ASIMOV/TRILHAS RETIRADAS DA PLATAFORMA/TRILHAS RETIRADAS DA PLATAFORMA/05 - [TRILHA] Modelos Alternativos com Hugging Face/06 - Engenharia de Prompts/._SlidesEngenhariaPrompts.pdf,._SlidesEngenhariaPrompts.pdf,1SkvhqQyXhWHAJ9RGLnA3N3noKpeGbIq8,application/pdf,4096,2026-07-06T06:40:02.857Z
CURSOS/ASIMOV/TRILHAS RETIRADAS DA PLATAFORMA/TRILHAS RETIRADAS DA PLATAFORMA/05 - [TRILHA] Modelos Alternativos com Hugging Face/06 - Engenharia de Prompts/._apostilas_em_markdown,._apostilas_em_markdown,1VGLf_xFW-7xDXpT4IQbxrVdWBwbyk1Kd,application/octet-stream,4096,2026-07-06T06:40:03.399Z
CURSOS/ASIMOV/TRILHAS RETIRADAS DA PLATAFORMA/TRILHAS RETIRADAS DA PLATAFORMA/05 - [TRILHA] Modelos Alternativos com Hugging Face/06 - Engenharia de Prompts/01 Introdução,01 Introdução,1CMSgnDUYKJva4qVm7QOIm5bj1kWF6gJF,application/vnd.google-apps.folder,,2026-07-06T06:39:49.739Z
CURSOS/ASIMOV/TRILHAS RETIRADAS DA PLATAFORMA/TRILHAS RETIRADAS DA PLATAFORMA/05 - [TRILHA] Modelos Alternativos com Hugging Face/06 - Engenharia de Prompts/01 Introdução/._02 Conceitos Gerais de LLMs.mp4,._02 Conceitos Gerais de LLMs.mp4,1F3-jsXPlTVq_W8AYKoL92gWyCD4FELav,video/mp4,4096,2026-07-06T06:40:21.052Z
CURSOS/ASIMOV/TRILHAS RETIRADAS DA PLATAFORMA/TRILHAS RETIRADAS DA PLATAFORMA/05 - [TRILHA] Modelos Alternativos com Hugging Face/06 - Engenharia de Prompts/01 Introdução/02 Conceitos Gerais de LLMs.mp4,02 Conceitos Gerais de LLMs.mp4,16IhHLc5b5-9Y7K3oCbG2YQUxHi0IUyEf,video/mp4,250237879,2026-01-09T16:33:56.000Z
CURSOS/ASIMOV/TRILHAS RETIRADAS DA PLATAFORMA/TRILHAS RETIRADAS DA PLATAFORMA/05 - [TRILHA] Modelos Alternativos com Hugging Face/06 - Engenharia de Prompts/04 Aplicações comuns de prompts,04 Aplicações comuns de prompts,1bsy7srdo0iJveueSfOUb_2IxiAqDMVmI,application/vnd.google-apps.folder,,2026-07-06T06:39:49.739Z
CURSOS/ASIMOV/TRILHAS RETIRADAS DA PLATAFORMA/TRILHAS RETIRADAS DA PLATAFORMA/05 - [TRILHA] Modelos Alternativos com Hugging Face/06 - Engenharia de Prompts/04 Aplicações comuns de prompts/._01 Resumo e Extração.mp4,._01 Resumo e Extração.mp4,11jkmRwxGmkxK6y22j-izMsLDX83TkmZd,video/mp4,4096,2026-07-06T06:40:21.221Z
CURSOS/ASIMOV/TRILHAS RETIRADAS DA PLATAFORMA/TRILHAS RETIRADAS DA PLATAFORMA/05 - [TRILHA] Modelos Alternativos com Hugging Face/06 - Engenharia de Prompts/04 Aplicações comuns de prompts/._02 Inferência e Análise de Sentimento.mp4,._02 Inferência e Análise de Sentimento.mp4,1XCwkiQ057v4qVnfbIfEWgK_CQSF6H9QZ,video/mp4,4096,2026-07-06T06:40:21.121Z
"CURSOS/ASIMOV/TRILHAS RETIRADAS DA PLATAFORMA/TRILHAS RETIRADAS DA PLATAFORMA/05 - [TRILHA] Modelos Alternativos com Hugging Face/06 - Engenharia de Prompts/04 Aplicações comuns de prompts/._03 Transformando, traduzindo e modificando.mp4","._03 Transformando, traduzindo e modificando.mp4",1AnXDiOFCRq4Nl1EXcIOmU96I7yUg1ko6,video/mp4,4096,2026-07-06T06:40:21.031Z
CURSOS/ASIMOV/TRILHAS RETIRADAS DA PLATAFORMA/TRILHAS RETIRADAS DA PLATAFORMA/05 - [TRILHA] Modelos Alternativos com Hugging Face/06 - Engenharia de Prompts/04 Aplicações comuns de prompts/._05 Finalizando o curso de Engenharia de Prompt.mp4,._05 Finalizando o curso de Engenharia de Prompt.mp4,17pEt-McCNs8sGp9ITqfemXjE8OgZu-NL,video/mp4,4096,2026-07-06T06:40:21.082Z
CURSOS/ASIMOV/TRILHAS RETIRADAS DA PLATAFORMA/TRILHAS RETIRADAS DA PLATAFORMA/05 - [TRILHA] Modelos Alternativos com Hugging Face/06 - Engenharia de Prompts/04 Aplicações comuns de prompts/01 Resumo e Extração.mp4,01 Resumo e Extração.mp4,1VQw5poglRAfnC-WwOaBhufExVWswOw1E,video/mp4,88185377,2026-01-09T16:34:14.000Z
CURSOS/ASIMOV/TRILHAS RETIRADAS DA PLATAFORMA/TRILHAS RETIRADAS DA PLATAFORMA/05 - [TRILHA] Modelos Alternativos com Hugging Face/06 - Engenharia de Prompts/04 Aplicações comuns de prompts/02 Inferência e Análise de Sentimento.mp4,02 Inferência e Análise de Sentimento.mp4,1IJrvtZwlhPIXv9wAeGtm_GMvR4RVLFKq,video/mp4,84741060,2026-01-09T16:34:08.000Z
CURSOS/ASIMOV/TRILHAS RETIRADAS DA PLATAFORMA/TRILHAS RETIRADAS DA PLATAFORMA/05 - [TRILHA] Modelos Alternativos com Hugging Face/06 - Engenharia de Prompts/ApostilaEngenhariaPrompts.pdf,ApostilaEngenhariaPrompts.pdf,13Nn7SZn2kVxorqZU_f2h_jPGuPxEIARz,application/pdf,596647,2026-07-06T06:40:03.166Z
CURSOS/ASIMOV/TRILHAS RETIRADAS DA PLATAFORMA/TRILHAS RETIRADAS DA PLATAFORMA/05 - [TRILHA] Modelos Alternativos com Hugging Face/06 - Engenharia de Prompts/apostilas_em_markdown,apostilas_em_markdown,1aMKivQtt3K9UX0RMnGSpqsCcE7xjT6Xh,application/vnd.google-apps.folder,,2026-07-06T06:39:47.801Z
CURSOS/ASIMOV/TRILHAS RETIRADAS DA PLATAFORMA/TRILHAS RETIRADAS DA PLATAFORMA/05 - [TRILHA] Modelos Alternativos com Hugging Face/06 - Engenharia de Prompts/apostilas_em_markdown/._01. Introdução ao Curso.md,._01. Introdução ao Curso.md,1iRbpAsCSbioiDDl82lfT4di62OVzsaIX,text/markdown,4096,2026-07-06T06:40:18.993Z
CURSOS/ASIMOV/TRILHAS RETIRADAS DA PLATAFORMA/TRILHAS RETIRADAS DA PLATAFORMA/05 - [TRILHA] Modelos Alternativos com Hugging Face/06 - Engenharia de Prompts/apostilas_em_markdown/._02. Conceitos Gerais de LLMs.md,._02. Conceitos Gerais de LLMs.md,14k9UzIYLEanFpRNsPDxGqK4-JdUp2WaQ,text/markdown,4096,2026-07-06T06:40:19.954Z
CURSOS/ASIMOV/TRILHAS RETIRADAS DA PLATAFORMA/TRILHAS RETIRADAS DA PLATAFORMA/05 - [TRILHA] Modelos Alternativos com Hugging Face/06 - Engenharia de Prompts/apostilas_em_markdown/._03. Os princípios de um bom prompt.md,._03. Os princípios de um bom prompt.md,1zm6Jfr_ppwGAufuSwWWRY1ro_PqAA1oz,text/markdown,4096,2026-07-06T06:40:20.253Z
CURSOS/ASIMOV/TRILHAS RETIRADAS DA PLATAFORMA/TRILHAS RETIRADAS DA PLATAFORMA/05 - [TRILHA] Modelos Alternativos com Hugging Face/06 - Engenharia de Prompts/apostilas_em_markdown/._04. Criando prompts claros e específicos.md,._04. Criando prompts claros e específicos.md,1Vx5nS6r-4U294RZTrVshA3h6r7EfBQs9,text/markdown,4096,2026-07-06T06:40:20.685Z
CURSOS/ASIMOV/TRILHAS RETIRADAS DA PLATAFORMA/TRILHAS RETIRADAS DA PLATAFORMA/05 - [TRILHA] Modelos Alternativos com Hugging Face/06 - Engenharia de Prompts/apostilas_em_markdown/._05. Elementos de um Prompt.md,._05. Elementos de um Prompt.md,13w-zKkR3ywPfN97H4qiyxnoG-XiP2aPa,text/markdown,4096,2026-07-06T06:40:18.203Z
"CURSOS/ASIMOV/TRILHAS RETIRADAS DA PLATAFORMA/TRILHAS RETIRADAS DA PLATAFORMA/05 - [TRILHA] Modelos Alternativos com Hugging Face/06 - Engenharia de Prompts/apostilas_em_markdown/._06. Público, persona e exemplo.md","._06. Público, persona e exemplo.md",112fgTi5okb0g3_LD1tCl-w46pEf-7Qxm,text/markdown,4096,2026-07-06T06:40:18.400Z
CURSOS/ASIMOV/TRILHAS RETIRADAS DA PLATAFORMA/TRILHAS RETIRADAS DA PLATAFORMA/05 - [TRILHA] Modelos Alternativos com Hugging Face/06 - Engenharia de Prompts/apostilas_em_markdown/._07. Delimitadores e Saídas Estruturadas.md,._07. Delimitadores e Saídas Estruturadas.md,1bAUUVafTcGLJEaNUtHxUDYTipZqSPgCy,text/markdown,4096,2026-07-06T06:40:19.358Z
"CURSOS/ASIMOV/TRILHAS RETIRADAS DA PLATAFORMA/TRILHAS RETIRADAS DA PLATAFORMA/05 - [TRILHA] Modelos Alternativos com Hugging Face/06 - Engenharia de Prompts/apostilas_em_markdown/._08. Zero, One e Few-Shot.md","._08. Zero, One e Few-Shot.md",1FlIGkFe5qAaz9viBhhxPrJA-lWUXD5WI,text/markdown,4096,2026-07-06T06:40:19.016Z
CURSOS/ASIMOV/TRILHAS RETIRADAS DA PLATAFORMA/TRILHAS RETIRADAS DA PLATAFORMA/05 - [TRILHA] Modelos Alternativos com Hugging Face/06 - Engenharia de Prompts/apostilas_em_markdown/._09. Dando tempo para o modelo pensar (COT).md,._09. Dando tempo para o modelo pensar (COT).md,1j0vLN6-nR7HF4vukkt0nd2vJx46Y53kp,text/markdown,4096,2026-07-06T06:40:19.471Z
CURSOS/ASIMOV/TRILHAS RETIRADAS DA PLATAFORMA/TRILHAS RETIRADAS DA PLATAFORMA/05 - [TRILHA] Modelos Alternativos com Hugging Face/06 - Engenharia de Prompts/apostilas_em_markdown/._10. Encadeamento (Chaining).md,._10. Encadeamento (Chaining).md,1mHSo-NJP8woApvmVE1GGvL2jSjwHdI7x,text/markdown,4096,2026-07-06T06:40:18.413Z
"CURSOS/ASIMOV/TRILHAS RETIRADAS DA PLATAFORMA/TRILHAS RETIRADAS DA PLATAFORMA/05 - [TRILHA] Modelos Alternativos com Hugging Face/06 - Engenharia de Prompts/apostilas_em_markdown/._11. Resumo e Extração,.md","._11. Resumo e Extração,.md",1HAeetN8Doyzvnq92U95OunGjdp1uooyD,text/markdown,4096,2026-07-06T06:40:17.797Z
CURSOS/ASIMOV/TRILHAS RETIRADAS DA PLATAFORMA/TRILHAS RETIRADAS DA PLATAFORMA/05 - [TRILHA] Modelos Alternativos com Hugging Face/06 - Engenharia de Prompts/apostilas_em_markdown/._12. Inferência e Análise de Sentimento.md,._12. Inferência e Análise de Sentimento.md,1sgK4UupuD9lfozXrCapyCah_byWy8Q1r,text/markdown,4096,2026-07-06T06:40:19.825Z
"CURSOS/ASIMOV/TRILHAS RETIRADAS DA PLATAFORMA/TRILHAS RETIRADAS DA PLATAFORMA/05 - [TRILHA] Modelos Alternativos com Hugging Face/06 - Engenharia de Prompts/apostilas_em_markdown/._13. Transformando, traduzindo e modificando.md","._13. Transformando, traduzindo e modificando.md",156HvOHBvzeO4Rop7f8GYUyOCgT6mb31b,text/markdown,4096,2026-07-06T06:40:20.509Z
CURSOS/ASIMOV/TRILHAS RETIRADAS DA PLATAFORMA/TRILHAS RETIRADAS DA PLATAFORMA/05 - [TRILHA] Modelos Alternativos com Hugging Face/06 - Engenharia de Prompts/apostilas_em_markdown/._14. Criação de Chatbots Personalizados.md,._14. Criação de Chatbots Personalizados.md,1t60hfAGtzi15Qve4-fC8TDVQ862lt1OC,text/markdown,4096,2026-07-06T06:40:19.201Z
CURSOS/ASIMOV/TRILHAS RETIRADAS DA PLATAFORMA/TRILHAS RETIRADAS DA PLATAFORMA/05 - [TRILHA] Modelos Alternativos com Hugging Face/06 - Engenharia de Prompts/apostilas_em_markdown/._15. Recursos adicionais.md,._15. Recursos adicionais.md,16C1hOAlJ0vbYLFQYrcWLSfaSufk1bfmQ,text/markdown,4096,2026-07-06T06:40:17.821Z
CURSOS/ASIMOV/TRILHAS RETIRADAS DA PLATAFORMA/TRILHAS RETIRADAS DA PLATAFORMA/05 - [TRILHA] Modelos Alternativos com Hugging Face/06 - Engenharia de Prompts/apostilas_em_markdown/01. Introdução ao Curso.md,01. Introdução ao Curso.md,1j7eecAnQW-VdY3CrW-eCQ3TSNzMRgSd9,text/markdown,1534,2026-07-06T06:40:19.368Z
CURSOS/ASIMOV/TRILHAS RETIRADAS DA PLATAFORMA/TRILHAS RETIRADAS DA PLATAFORMA/05 - [TRILHA] Modelos Alternativos com Hugging Face/06 - Engenharia de Prompts/apostilas_em_markdown/02. Conceitos Gerais de LLMs.md,02. Conceitos Gerais de LLMs.md,1Z17aP9pgKFmnx-Bn-8USqWr6lBAuPk-l,text/markdown,7318,2026-07-06T06:40:20.047Z
CURSOS/ASIMOV/TRILHAS RETIRADAS DA PLATAFORMA/TRILHAS RETIRADAS DA PLATAFORMA/05 - [TRILHA] Modelos Alternativos com Hugging Face/06 - Engenharia de Prompts/apostilas_em_markdown/03. Os princípios de um bom prompt.md,03. Os princípios de um bom prompt.md,1Y85RXAd3T1XrFmQqWqenTGY1Qx4wi6W5,text/markdown,6643,2026-07-06T06:40:20.360Z
CURSOS/ASIMOV/TRILHAS RETIRADAS DA PLATAFORMA/TRILHAS RETIRADAS DA PLATAFORMA/05 - [TRILHA] Modelos Alternativos com Hugging Face/06 - Engenharia de Prompts/apostilas_em_markdown/04. Criando prompts claros e específicos.md,04. Criando prompts claros e específicos.md,1r_GEE6SY7wsv260HG9L3y1k5kNqoncIT,text/markdown,9863,2026-07-06T06:40:20.598Z
CURSOS/ASIMOV/TRILHAS RETIRADAS DA PLATAFORMA/TRILHAS RETIRADAS DA PLATAFORMA/05 - [TRILHA] Modelos Alternativos com Hugging Face/06 - Engenharia de Prompts/apostilas_em_markdown/05. Elementos de um Prompt.md,05. Elementos de um Prompt.md,1ceGg-u7a9_LY5EbWRPuj_GIXhoRETGDR,text/markdown,5039,2026-07-06T06:40:18.320Z
"CURSOS/ASIMOV/TRILHAS RETIRADAS DA PLATAFORMA/TRILHAS RETIRADAS DA PLATAFORMA/05 - [TRILHA] Modelos Alternativos com Hugging Face/06 - Engenharia de Prompts/apostilas_em_markdown/06. Público, persona e exemplo.md","06. Público, persona e exemplo.md",1dKmxdGhaQ18RA3U-fJC97kYK9hFiSt4z,text/markdown,4225,2026-07-06T06:40:18.117Z
CURSOS/ASIMOV/TRILHAS RETIRADAS DA PLATAFORMA/TRILHAS RETIRADAS DA PLATAFORMA/05 - [TRILHA] Modelos Alternativos com Hugging Face/06 - Engenharia de Prompts/apostilas_em_markdown/07. Delimitadores e Saídas Estruturadas.md,07. Delimitadores e Saídas Estruturadas.md,1lMCHx1Sij4Or9hK7P2fZfk3VUjjZLoZP,text/markdown,5382,2026-07-06T06:40:18.974Z
"CURSOS/ASIMOV/TRILHAS RETIRADAS DA PLATAFORMA/TRILHAS RETIRADAS DA PLATAFORMA/05 - [TRILHA] Modelos Alternativos com Hugging Face/06 - Engenharia de Prompts/apostilas_em_markdown/08. Zero, One e Few-Shot.md","08. Zero, One e Few-Shot.md",1Ur2UF2f6scLKEf0A_-xsR3FImOc0Ss9E,text/markdown,4278,2026-07-06T06:40:18.759Z
CURSOS/ASIMOV/TRILHAS RETIRADAS DA PLATAFORMA/TRILHAS RETIRADAS DA PLATAFORMA/05 - [TRILHA] Modelos Alternativos com Hugging Face/06 - Engenharia de Prompts/apostilas_em_markdown/09. Dando tempo para o modelo pensar (COT).md,09. Dando tempo para o modelo pensar (COT).md,1oqr75nV2nvU8acvWY9cKVEUNACuL9zB6,text/markdown,5540,2026-07-06T06:40:19.612Z
CURSOS/ASIMOV/TRILHAS RETIRADAS DA PLATAFORMA/TRILHAS RETIRADAS DA PLATAFORMA/05 - [TRILHA] Modelos Alternativos com Hugging Face/06 - Engenharia de Prompts/apostilas_em_markdown/10. Encadeamento (Chaining).md,10. Encadeamento (Chaining).md,1hcA_1f0n7xaQ5GapmWFJJV4m44Efkqzd,text/markdown,7171,2026-07-06T06:40:18.541Z
"CURSOS/ASIMOV/TRILHAS RETIRADAS DA PLATAFORMA/TRILHAS RETIRADAS DA PLATAFORMA/05 - [TRILHA] Modelos Alternativos com Hugging Face/06 - Engenharia de Prompts/apostilas_em_markdown/11. Resumo e Extração,.md","11. Resumo e Extração,.md",1fYIwQ7zA2toXHr88WfKZu6zZ_g421Sfq,text/markdown,3416,2026-07-06T06:40:17.785Z
CURSOS/ASIMOV/TRILHAS RETIRADAS DA PLATAFORMA/TRILHAS RETIRADAS DA PLATAFORMA/05 - [TRILHA] Modelos Alternativos com Hugging Face/06 - Engenharia de Prompts/apostilas_em_markdown/12. Inferência e Análise de Sentimento.md,12. Inferência e Análise de Sentimento.md,1AEDYAm0R6AxbjlSlszNmyBCmp1o9bPG6,text/markdown,6191,2026-07-06T06:40:20.006Z
"CURSOS/ASIMOV/TRILHAS RETIRADAS DA PLATAFORMA/TRILHAS RETIRADAS DA PLATAFORMA/05 - [TRILHA] Modelos Alternativos com Hugging Face/06 - Engenharia de Prompts/apostilas_em_markdown/13. Transformando, traduzindo e modificando.md","13. Transformando, traduzindo e modificando.md",15lLUUtLecB6U9CRq9l5O1L0rbVwyQ403,text/markdown,3979,2026-07-06T06:40:20.540Z
CURSOS/ASIMOV/TRILHAS RETIRADAS DA PLATAFORMA/TRILHAS RETIRADAS DA PLATAFORMA/05 - [TRILHA] Modelos Alternativos com Hugging Face/06 - Engenharia de Prompts/apostilas_em_markdown/14. Criação de Chatbots Personalizados.md,14. Criação de Chatbots Personalizados.md,1moURTfvZrHDk19WELaPxWD-Z4laPAaKK,text/markdown,2979,2026-07-06T06:40:19.046Z
CURSOS/ASIMOV/TRILHAS RETIRADAS DA PLATAFORMA/TRILHAS RETIRADAS DA PLATAFORMA/05 - [TRILHA] Modelos Alternativos com Hugging Face/06 - Engenharia de Prompts/apostilas_em_markdown/15. Recursos adicionais.md,15. Recursos adicionais.md,1aDbs2afEGNCOxBCRvJEG3-jxphz7I3Tj,text/markdown,276,2026-07-06T06:40:17.800Z
CURSOS/ASIMOV/TRILHAS RETIRADAS DA PLATAFORMA/TRILHAS RETIRADAS DA PLATAFORMA/05 - [TRILHA] Modelos Alternativos com Hugging Face/08 - Explorando a API da OpenAI,08 - Explorando a API da OpenAI,1s_DY0oAHQkkuNtA7NMoBQkfvYEa7wAgo,application/vnd.google-apps.folder,,2026-07-06T06:39:41.893Z
CURSOS/ASIMOV/TRILHAS RETIRADAS DA PLATAFORMA/TRILHAS RETIRADAS DA PLATAFORMA/05 - [TRILHA] Modelos Alternativos com Hugging Face/08 - Explorando a API da OpenAI/._1 Introdução à API da OpenAI,._1 Introdução à API da OpenAI,12YMmHyS1yYgtHDB6xPjgg9ReEIz2K6t0,application/octet-stream,4096,2026-07-06T06:40:04.871Z
CURSOS/ASIMOV/TRILHAS RETIRADAS DA PLATAFORMA/TRILHAS RETIRADAS DA PLATAFORMA/05 - [TRILHA] Modelos Alternativos com Hugging Face/08 - Explorando a API da OpenAI/._3 Assistants - Geração de Texto Avançada,._3 Assistants - Geração de Texto Avançada,1Ha-NzaRDShBwzxnStYY5tClFVLIiaJja,application/octet-stream,4096,2026-07-06T06:40:04.777Z
CURSOS/ASIMOV/TRILHAS RETIRADAS DA PLATAFORMA/TRILHAS RETIRADAS DA PLATAFORMA/05 - [TRILHA] Modelos Alternativos com Hugging Face/08 - Explorando a API da OpenAI/._5 Whisper e TTS - Geração e Transcrição de áudio,._5 Whisper e TTS - Geração e Transcrição de áudio,1PAxSuL932mRfGd5r7406xInYoYhy823K,application/octet-stream,4096,2026-07-06T06:40:04.516Z
CURSOS/ASIMOV/TRILHAS RETIRADAS DA PLATAFORMA/TRILHAS RETIRADAS DA PLATAFORMA/05 - [TRILHA] Modelos Alternativos com Hugging Face/08 - Explorando a API da OpenAI/1 Introdução à API da OpenAI,1 Introdução à API da OpenAI,1yzNt7f4AKQE-EbLyTnT4hySuqTaRcrP9,application/vnd.google-apps.folder,,2026-07-06T06:39:51.600Z
CURSOS/ASIMOV/TRILHAS RETIRADAS DA PLATAFORMA/TRILHAS RETIRADAS DA PLATAFORMA/05 - [TRILHA] Modelos Alternativos com Hugging Face/08 - Explorando a API da OpenAI/1 Introdução à API da OpenAI/._5 Erros comuns ao usar a API da OpenAI1 - Catálogo no Telegram ListagemCursos.pdf,._5 Erros comuns ao usar a API da OpenAI1 - Catálogo no Telegram ListagemCursos.pdf,1aFxlkNnPrhbbdcdb-d00XLt_9FxPdUeS,application/pdf,4096,2026-07-06T06:40:23.685Z
CURSOS/ASIMOV/TRILHAS RETIRADAS DA PLATAFORMA/TRILHAS RETIRADAS DA PLATAFORMA/05 - [TRILHA] Modelos Alternativos com Hugging Face/08 - Explorando a API da OpenAI/1 Introdução à API da OpenAI/5 Erros comuns ao usar a API da OpenAI1 - Catálogo no Telegram ListagemCursos.pdf,5 Erros comuns ao usar a API da OpenAI1 - Catálogo no Telegram ListagemCursos.pdf,1qUCvB9JzdGk2XeKz2f6bnceElr8A1WyQ,application/pdf,31796,2026-07-06T06:40:23.703Z
CURSOS/ASIMOV/TRILHAS RETIRADAS DA PLATAFORMA/TRILHAS RETIRADAS DA PLATAFORMA/05 - [TRILHA] Modelos Alternativos com Hugging Face/08 - Explorando a API da OpenAI/3 Assistants - Geração de Texto Avançada,3 Assistants - Geração de Texto Avançada,1awb9Ak_EDRC2UftN3PvjSmdJz-EySJVa,application/vnd.google-apps.folder,,2026-07-06T06:39:51.600Z
CURSOS/ASIMOV/TRILHAS RETIRADAS DA PLATAFORMA/TRILHAS RETIRADAS DA PLATAFORMA/05 - [TRILHA] Modelos Alternativos com Hugging Face/08 - Explorando a API da OpenAI/3 Assistants - Geração de Texto Avançada/._4 Quiz – Assistants da OpenAI - Catálogo no Telegram ListagemCursos.mp4,._4 Quiz – Assistants da OpenAI - Catálogo no Telegram ListagemCursos.mp4,1YuALsJVblEkH0URpLuq2Ra_SHhsWDwZy,video/mp4,4096,2026-07-06T06:40:23.721Z
CURSOS/ASIMOV/TRILHAS RETIRADAS DA PLATAFORMA/TRILHAS RETIRADAS DA PLATAFORMA/05 - [TRILHA] Modelos Alternativos com Hugging Face/08 - Explorando a API da OpenAI/5 Whisper e TTS - Geração e Transcrição de áudio,5 Whisper e TTS - Geração e Transcrição de áudio,1Au8zRcf8A7W_JbaNeandh3ZTX5DAHiMu,application/vnd.google-apps.folder,,2026-07-06T06:39:51.600Z
CURSOS/ASIMOV/TRILHAS RETIRADAS DA PLATAFORMA/TRILHAS RETIRADAS DA PLATAFORMA/05 - [TRILHA] Modelos Alternativos com Hugging Face/08 - Explorando a API da OpenAI/5 Whisper e TTS - Geração e Transcrição de áudio/._4 Quiz – Modelos de imagens e áudio - Catálogo no Telegram ListagemCursos.mp4,._4 Quiz – Modelos de imagens e áudio - Catálogo no Telegram ListagemCursos.mp4,1X9yRqDCkU_uND1pLc2iBYDewlgQ6QflV,video/mp4,4096,2026-07-06T06:40:23.748Z
CURSOS/ASIMOV/TRILHAS RETIRADAS DA PLATAFORMA/TRILHAS RETIRADAS DA PLATAFORMA/05 - [TRILHA] Modelos Alternativos com Hugging Face/09 - Explorando o Universo das IAs com Hugging Face,09 - Explorando o Universo das IAs com Hugging Face,1tivA9-YwNF6sIOIWczUt3wCTBFwfuLq1,application/vnd.google-apps.folder,,2026-07-06T06:39:41.893Z
CURSOS/ASIMOV/TRILHAS RETIRADAS DA PLATAFORMA/TRILHAS RETIRADAS DA PLATAFORMA/05 - [TRILHA] Modelos Alternativos com Hugging Face/09 - Explorando o Universo das IAs com Hugging Face/._01 - Apresentação do Hugging Face,._01 - Apresentação do Hugging Face,1VKhg5S-FrezWzRTVOb4R9cynLnLVSiwW,application/octet-stream,4096,2026-07-06T06:40:03.967Z
CURSOS/ASIMOV/TRILHAS RETIRADAS DA PLATAFORMA/TRILHAS RETIRADAS DA PLATAFORMA/05 - [TRILHA] Modelos Alternativos com Hugging Face/09 - Explorando o Universo das IAs com Hugging Face/._02 - Biblioteca transformers e modelos de conversação,._02 - Biblioteca transformers e modelos de conversação,11t7fapuZGoZ-VqLHf6IleKovVpF7BlJz,application/octet-stream,4096,2026-07-06T06:40:04.387Z
CURSOS/ASIMOV/TRILHAS RETIRADAS DA PLATAFORMA/TRILHAS RETIRADAS DA PLATAFORMA/05 - [TRILHA] Modelos Alternativos com Hugging Face/09 - Explorando o Universo das IAs com Hugging Face/._03 - Inference API,._03 - Inference API,1v8tOBbk4KNUOVLDotgFM_yVnxVD_1oWF,application/octet-stream,4096,2026-07-06T06:40:03.420Z
CURSOS/ASIMOV/TRILHAS RETIRADAS DA PLATAFORMA/TRILHAS RETIRADAS DA PLATAFORMA/05 - [TRILHA] Modelos Alternativos com Hugging Face/09 - Explorando o Universo das IAs com Hugging Face/._04 - Explorando outros modelos do Hugging Face,._04 - Explorando outros modelos do Hugging Face,1iBHn0o4XPEjJa9lUP3AN1PvxbTP69963,application/octet-stream,4096,2026-07-06T06:40:03.342Z
CURSOS/ASIMOV/TRILHAS RETIRADAS DA PLATAFORMA/TRILHAS RETIRADAS DA PLATAFORMA/05 - [TRILHA] Modelos Alternativos com Hugging Face/09 - Explorando o Universo das IAs com Hugging Face/._05 - Datasets e Spaces,._05 - Datasets e Spaces,1rNFef23SCrZB-NK7s5tru6WDmJBUsnxl,application/octet-stream,4096,2026-07-06T06:40:03.580Z
CURSOS/ASIMOV/TRILHAS RETIRADAS DA PLATAFORMA/TRILHAS RETIRADAS DA PLATAFORMA/05 - [TRILHA] Modelos Alternativos com Hugging Face/09 - Explorando o Universo das IAs com Hugging Face/._Cursos Adicionais,._Cursos Adicionais,1YxusPn23M-Q0p5JFYlHIcevQQvkmylLp,application/octet-stream,4096,2026-07-06T06:40:03.493Z
CURSOS/ASIMOV/TRILHAS RETIRADAS DA PLATAFORMA/TRILHAS RETIRADAS DA PLATAFORMA/05 - [TRILHA] Modelos Alternativos com Hugging Face/09 - Explorando o Universo das IAs com Hugging Face/._Material Explorando o Universo das IAs com Hugging Face,._Material Explorando o Universo das IAs com Hugging Face,18IXAmucUhL8KBjEEywIFJsrcGWsQyb6G,application/octet-stream,4096,2026-07-06T06:40:03.934Z
CURSOS/ASIMOV/TRILHAS RETIRADAS DA PLATAFORMA/TRILHAS RETIRADAS DA PLATAFORMA/05 - [TRILHA] Modelos Alternativos com Hugging Face/09 - Explorando o Universo das IAs com Hugging Face/01 - Apresentação do Hugging Face,01 - Apresentação do Hugging Face,1tkeFsr6Egefe52tSD1IUktva1iGNgPrk,application/vnd.google-apps.folder,,2026-07-06T06:39:49.739Z
CURSOS/ASIMOV/TRILHAS RETIRADAS DA PLATAFORMA/TRILHAS RETIRADAS DA PLATAFORMA/05 - [TRILHA] Modelos Alternativos com Hugging Face/09 - Explorando o Universo das IAs com Hugging Face/01 - Apresentação do Hugging Face/._01 O que é Hugging Face - Catálogo no Telegram @ListagemCursos @mestredoscursoss.mp4,._01 O que é Hugging Face - Catálogo no Telegram @ListagemCursos @mestredoscursoss.mp4,1JRHTNMdkzjL_W1EP_eL79Dsu8FGutnrW,video/mp4,4096,2026-07-06T06:40:22.574Z
CURSOS/ASIMOV/TRILHAS RETIRADAS DA PLATAFORMA/TRILHAS RETIRADAS DA PLATAFORMA/05 - [TRILHA] Modelos Alternativos com Hugging Face/09 - Explorando o Universo das IAs com Hugging Face/01 - Apresentação do Hugging Face/._02 A plataforma Hugging Face - Catálogo no Telegram @ListagemCursos @mestredoscursoss.mp4,._02 A plataforma Hugging Face - Catálogo no Telegram @ListagemCursos @mestredoscursoss.mp4,1zMRpx3qwH0Fp_9ztqf7Aoy9XIWlg5XrA,video/mp4,4096,2026-07-06T06:40:22.677Z
CURSOS/ASIMOV/TRILHAS RETIRADAS DA PLATAFORMA/TRILHAS RETIRADAS DA PLATAFORMA/05 - [TRILHA] Modelos Alternativos com Hugging Face/09 - Explorando o Universo das IAs com Hugging Face/01 - Apresentação do Hugging Face/02 A plataforma Hugging Face - Catálogo no Telegram @ListagemCursos @mestredoscursoss.mp4,02 A plataforma Hugging Face - Catálogo no Telegram @ListagemCursos @mestredoscursoss.mp4,1Saa9vBKSvuXZhkokdVbQKdAediS4rTxu,video/mp4,112415881,2026-01-12T10:59:58.000Z
CURSOS/ASIMOV/TRILHAS RETIRADAS DA PLATAFORMA/TRILHAS RETIRADAS DA PLATAFORMA/05 - [TRILHA] Modelos Alternativos com Hugging Face/09 - Explorando o Universo das IAs com Hugging Face/02 - Biblioteca transformers e modelos de conversação,02 - Biblioteca transformers e modelos de conversação,1lJEOUQVY9VrJj6F3y5CXWX945WsXg20c,application/vnd.google-apps.folder,,2026-07-06T06:39:49.739Z
CURSOS/ASIMOV/TRILHAS RETIRADAS DA PLATAFORMA/TRILHAS RETIRADAS DA PLATAFORMA/05 - [TRILHA] Modelos Alternativos com Hugging Face/09 - Explorando o Universo das IAs com Hugging Face/02 - Biblioteca transformers e modelos de conversação/._02 Modelos de conversação e geração de texto chatbots - Catálogo no Telegram @ListagemCursos @mestredoscursoss.mp4,._02 Modelos de conversação e geração de texto chatbots - Catálogo no Telegram @ListagemCursos @mestredoscursoss.mp4,1RThg0rTUWV_f5IFlo3CPF8fZGSxuSeir,video/mp4,4096,2026-07-06T06:40:21.954Z
CURSOS/ASIMOV/TRILHAS RETIRADAS DA PLATAFORMA/TRILHAS RETIRADAS DA PLATAFORMA/05 - [TRILHA] Modelos Alternativos com Hugging Face/09 - Explorando o Universo das IAs com Hugging Face/03 - Inference API,03 - Inference API,11EYHcL9Ww4aEW6NCJJ2iet9rk0Evdna8,application/vnd.google-apps.folder,,2026-07-06T06:39:49.739Z
CURSOS/ASIMOV/TRILHAS RETIRADAS DA PLATAFORMA/TRILHAS RETIRADAS DA PLATAFORMA/05 - [TRILHA] Modelos Alternativos com Hugging Face/09 - Explorando o Universo das IAs com Hugging Face/03 - Inference API/._01 Acessando modelos de IA através da Inference API - Catálogo no Telegram @ListagemCursos @mestredoscursoss.mp4,._01 Acessando modelos de IA através da Inference API - Catálogo no Telegram @ListagemCursos @mestredoscursoss.mp4,1_ajVPAnSkM3eua15s3A79MJzo6S_naU-,video/mp4,4096,2026-07-06T06:40:21.664Z
CURSOS/ASIMOV/TRILHAS RETIRADAS DA PLATAFORMA/TRILHAS RETIRADAS DA PLATAFORMA/05 - [TRILHA] Modelos Alternativos com Hugging Face/09 - Explorando o Universo das IAs com Hugging Face/03 - Inference API/._03 Modelos restritos e outras considerações - Catálogo no Telegram @ListagemCursos @mestredoscursoss.mp4,._03 Modelos restritos e outras considerações - Catálogo no Telegram @ListagemCursos @mestredoscursoss.mp4,1LB2zJY_bwod3f-64XHDvNhX4aP8zhEfw,video/mp4,4096,2026-07-06T06:40:21.389Z
CURSOS/ASIMOV/TRILHAS RETIRADAS DA PLATAFORMA/TRILHAS RETIRADAS DA PLATAFORMA/05 - [TRILHA] Modelos Alternativos com Hugging Face/09 - Explorando o Universo das IAs com Hugging Face/03 - Inference API/._04 Miniprojeto – webapp com múltiplos chatbots - Catálogo no Telegram @ListagemCursos @mestredoscursoss.mp4,._04 Miniprojeto – webapp com múltiplos chatbots - Catálogo no Telegram @ListagemCursos @mestredoscursoss.mp4,10-x8ROgE8GqLa-eV1Lx_6m1rNMn1uz2i,video/mp4,4096,2026-07-06T06:40:21.642Z
CURSOS/ASIMOV/TRILHAS RETIRADAS DA PLATAFORMA/TRILHAS RETIRADAS DA PLATAFORMA/05 - [TRILHA] Modelos Alternativos com Hugging Face/09 - Explorando o Universo das IAs com Hugging Face/03 - Inference API/._Quiz – Transformers e Inference API - Catálogo no Telegram @ListagemCursos @mestredoscursoss.mp4,._Quiz – Transformers e Inference API - Catálogo no Telegram @ListagemCursos @mestredoscursoss.mp4,1SKoXoxe-RMB4kWFjFiHGeQR7kWlYmgpK,video/mp4,4096,2026-07-06T06:40:21.635Z
CURSOS/ASIMOV/TRILHAS RETIRADAS DA PLATAFORMA/TRILHAS RETIRADAS DA PLATAFORMA/05 - [TRILHA] Modelos Alternativos com Hugging Face/09 - Explorando o Universo das IAs com Hugging Face/03 - Inference API/01 Acessando modelos de IA através da Inference API - Catálogo no Telegram @ListagemCursos @mestredoscursoss.mp4,01 Acessando modelos de IA através da Inference API - Catálogo no Telegram @ListagemCursos @mestredoscursoss.mp4,1whnor7VD4E6JnA9xT-mvSf7WqpR2Bv4C,video/mp4,105544057,2026-01-12T11:08:42.000Z
CURSOS/ASIMOV/TRILHAS RETIRADAS DA PLATAFORMA/TRILHAS RETIRADAS DA PLATAFORMA/05 - [TRILHA] Modelos Alternativos com Hugging Face/09 - Explorando o Universo das IAs com Hugging Face/03 - Inference API/04 Miniprojeto – webapp com múltiplos chatbots - Catálogo no Telegram @ListagemCursos @mestredoscursoss.mp4,04 Miniprojeto – webapp com múltiplos chatbots - Catálogo no Telegram @ListagemCursos @mestredoscursoss.mp4,1VKMAk21_dnWo3SSmZo8gNw6s4mbRdpGe,video/mp4,225459732,2026-01-12T11:13:36.000Z
CURSOS/ASIMOV/TRILHAS RETIRADAS DA PLATAFORMA/TRILHAS RETIRADAS DA PLATAFORMA/05 - [TRILHA] Modelos Alternativos com Hugging Face/09 - Explorando o Universo das IAs com Hugging Face/04 - Explorando outros modelos do Hugging Face,04 - Explorando outros modelos do Hugging Face,1zK3miqKIyxUYv0uJTMSRPM7dpAMeqB5n,application/vnd.google-apps.folder,,2026-07-06T06:39:49.739Z
CURSOS/ASIMOV/TRILHAS RETIRADAS DA PLATAFORMA/TRILHAS RETIRADAS DA PLATAFORMA/05 - [TRILHA] Modelos Alternativos com Hugging Face/09 - Explorando o Universo das IAs com Hugging Face/04 - Explorando outros modelos do Hugging Face/._02 Utilizando IAs de resumo - Catálogo no Telegram @ListagemCursos @mestredoscursoss.mp4,._02 Utilizando IAs de resumo - Catálogo no Telegram @ListagemCursos @mestredoscursoss.mp4,1sTNrZp8MpTlHZ88CMFFxbdWkSqW4W4Su,video/mp4,4096,2026-07-06T06:40:22.788Z
CURSOS/ASIMOV/TRILHAS RETIRADAS DA PLATAFORMA/TRILHAS RETIRADAS DA PLATAFORMA/05 - [TRILHA] Modelos Alternativos com Hugging Face/09 - Explorando o Universo das IAs com Hugging Face/04 - Explorando outros modelos do Hugging Face/._Quiz – Outros modelos do Hugging Face - Catálogo no Telegram @ListagemCursos @mestredoscursoss.mp4,._Quiz – Outros modelos do Hugging Face - Catálogo no Telegram @ListagemCursos @mestredoscursoss.mp4,1oM2Zq_YkT7yroTfxfCqNiSycYwiBasil,video/mp4,4096,2026-07-06T06:40:22.875Z
CURSOS/ASIMOV/TRILHAS RETIRADAS DA PLATAFORMA/TRILHAS RETIRADAS DA PLATAFORMA/05 - [TRILHA] Modelos Alternativos com Hugging Face/09 - Explorando o Universo das IAs com Hugging Face/05 - Datasets e Spaces,05 - Datasets e Spaces,15UdNroBCrC6SWunDYGYTcA_cX1f-t2Ov,application/vnd.google-apps.folder,,2026-07-06T06:39:49.739Z
CURSOS/ASIMOV/TRILHAS RETIRADAS DA PLATAFORMA/TRILHAS RETIRADAS DA PLATAFORMA/05 - [TRILHA] Modelos Alternativos com Hugging Face/09 - Explorando o Universo das IAs com Hugging Face/05 - Datasets e Spaces/._02 Conhecendo a comunidade do Hugging Face - Catálogo no Telegram @ListagemCursos @mestredoscursoss.mp4,._02 Conhecendo a comunidade do Hugging Face - Catálogo no Telegram @ListagemCursos @mestredoscursoss.mp4,1m4KK48Q32-9MxyFoz6HeqjDvkNWM9SLM,video/mp4,4096,2026-07-06T06:40:22.637Z
CURSOS/ASIMOV/TRILHAS RETIRADAS DA PLATAFORMA/TRILHAS RETIRADAS DA PLATAFORMA/05 - [TRILHA] Modelos Alternativos com Hugging Face/09 - Explorando o Universo das IAs com Hugging Face/05 - Datasets e Spaces/._03 Criando um Space com nosso webapp - Catálogo no Telegram @ListagemCursos @mestredoscursoss.mp4,._03 Criando um Space com nosso webapp - Catálogo no Telegram @ListagemCursos @mestredoscursoss.mp4,1a89eJ6sHTrtLpknPAFj1y8XSZcziJVoK,video/mp4,4096,2026-07-06T06:40:22.066Z
CURSOS/ASIMOV/TRILHAS RETIRADAS DA PLATAFORMA/TRILHAS RETIRADAS DA PLATAFORMA/05 - [TRILHA] Modelos Alternativos com Hugging Face/09 - Explorando o Universo das IAs com Hugging Face/05 - Datasets e Spaces/._04 Considerações sobre o deploy e encerramento - Catálogo no Telegram @ListagemCursos @mestredoscursoss.mp4,._04 Considerações sobre o deploy e encerramento - Catálogo no Telegram @ListagemCursos @mestredoscursoss.mp4,1atlHYUziKtwV4D_HEa-YUoL-kDSwY4s0,video/mp4,4096,2026-07-06T06:40:22.049Z
CURSOS/ASIMOV/TRILHAS RETIRADAS DA PLATAFORMA/TRILHAS RETIRADAS DA PLATAFORMA/05 - [TRILHA] Modelos Alternativos com Hugging Face/09 - Explorando o Universo das IAs com Hugging Face/05 - Datasets e Spaces/._Quiz – Datasets e Spaces - Catálogo no Telegram @ListagemCursos @mestredoscursoss.mp4,._Quiz – Datasets e Spaces - Catálogo no Telegram @ListagemCursos @mestredoscursoss.mp4,1qwtyVkhMA0nLkHbFETN1t64HDpSciECN,video/mp4,4096,2026-07-06T06:40:22.120Z
CURSOS/ASIMOV/TRILHAS RETIRADAS DA PLATAFORMA/TRILHAS RETIRADAS DA PLATAFORMA/05 - [TRILHA] Modelos Alternativos com Hugging Face/09 - Explorando o Universo das IAs com Hugging Face/05 - Datasets e Spaces/02 Conhecendo a comunidade do Hugging Face - Catálogo no Telegram @ListagemCursos @mestredoscursoss.mp4,02 Conhecendo a comunidade do Hugging Face - Catálogo no Telegram @ListagemCursos @mestredoscursoss.mp4,10eMX3gHITI5Ef2iQD4Y1yQG9Q_slpa4T,video/mp4,51178370,2026-01-12T11:20:16.000Z
CURSOS/ASIMOV/TRILHAS RETIRADAS DA PLATAFORMA/TRILHAS RETIRADAS DA PLATAFORMA/05 - [TRILHA] Modelos Alternativos com Hugging Face/09 - Explorando o Universo das IAs com Hugging Face/Cursos Adicionais,Cursos Adicionais,1F42QzwAlqN2Kj-9eIunX9oH-pogcA6sY,application/vnd.google-apps.folder,,2026-07-06T06:39:49.739Z
CURSOS/ASIMOV/TRILHAS RETIRADAS DA PLATAFORMA/TRILHAS RETIRADAS DA PLATAFORMA/05 - [TRILHA] Modelos Alternativos com Hugging Face/09 - Explorando o Universo das IAs com Hugging Face/Cursos Adicionais/._Introdução à Inteligência Artificial.zip,._Introdução à Inteligência Artificial.zip,1UhbOw2BYnJDpUN_EiSn5dHsjcOoZtB21,application/zip,4096,2026-07-06T06:40:21.886Z
CURSOS/ASIMOV/TRILHAS RETIRADAS DA PLATAFORMA/TRILHAS RETIRADAS DA PLATAFORMA/05 - [TRILHA] Modelos Alternativos com Hugging Face/09 - Explorando o Universo das IAs com Hugging Face/Cursos Adicionais/Introdução à Inteligência Artificial.zip,Introdução à Inteligência Artificial.zip,1EI9MeX-rDnzE-VgNKF0fwDLDXSGnJd1H,application/zip,342176,2026-07-06T06:40:21.942Z
CURSOS/ASIMOV/TRILHAS RETIRADAS DA PLATAFORMA/TRILHAS RETIRADAS DA PLATAFORMA/05 - [TRILHA] Modelos Alternativos com Hugging Face/09 - Explorando o Universo das IAs com Hugging Face/Material Explorando o Universo das IAs com Hugging Face,Material Explorando o Universo das IAs com Hugging Face,1vMae-Pu1h6IxiWwrll0chk0UtA1Tfrre,application/vnd.google-apps.folder,,2026-07-06T06:39:49.739Z
CURSOS/ASIMOV/TRILHAS RETIRADAS DA PLATAFORMA/TRILHAS RETIRADAS DA PLATAFORMA/05 - [TRILHA] Modelos Alternativos com Hugging Face/09 - Explorando o Universo das IAs com Hugging Face/Material Explorando o Universo das IAs com Hugging Face/._material do curso,._material do curso,1DlY3IWntMTNtMOTDz-n_ywYipJg81h8j,application/octet-stream,4096,2026-07-06T06:40:22.943Z
CURSOS/ASIMOV/TRILHAS RETIRADAS DA PLATAFORMA/TRILHAS RETIRADAS DA PLATAFORMA/05 - [TRILHA] Modelos Alternativos com Hugging Face/09 - Explorando o Universo das IAs com Hugging Face/Material Explorando o Universo das IAs com Hugging Face/material do curso,material do curso,1pceElA0DVbdB7aDnnsltEYc5MuvB3ldc,application/vnd.google-apps.folder,,2026-07-06T06:39:51.600Z
CURSOS/ASIMOV/TRILHAS RETIRADAS DA PLATAFORMA/TRILHAS RETIRADAS DA PLATAFORMA/05 - [TRILHA] Modelos Alternativos com Hugging Face/09 - Explorando o Universo das IAs com Hugging Face/Material Explorando o Universo das IAs com Hugging Face/material do curso/._Hugging Face - Apostila Asimov Academy.pdf,._Hugging Face - Apostila Asimov Academy.pdf,1Xd6LWyjlIwbGXqVGGizvd4u7UoAZajeh,application/pdf,4096,2026-07-06T06:40:28.663Z
CURSOS/ASIMOV/TRILHAS RETIRADAS DA PLATAFORMA/TRILHAS RETIRADAS DA PLATAFORMA/05 - [TRILHA] Modelos Alternativos com Hugging Face/09 - Explorando o Universo das IAs com Hugging Face/Material Explorando o Universo das IAs com Hugging Face/material do curso/._brasil.txt,._brasil.txt,16BNahFD0s51-4xTsKGgFVd6_P5gGcsZz,text/plain,4096,2026-07-06T06:40:28.651Z
CURSOS/ASIMOV/TRILHAS RETIRADAS DA PLATAFORMA/TRILHAS RETIRADAS DA PLATAFORMA/05 - [TRILHA] Modelos Alternativos com Hugging Face/09 - Explorando o Universo das IAs com Hugging Face/Material Explorando o Universo das IAs com Hugging Face/material do curso/._noticia.txt,._noticia.txt,1frS86nVdXGTlPnvjplMLXWLarPzl5t4Q,text/plain,4096,2026-07-06T06:40:28.147Z
CURSOS/ASIMOV/TRILHAS RETIRADAS DA PLATAFORMA/TRILHAS RETIRADAS DA PLATAFORMA/05 - [TRILHA] Modelos Alternativos com Hugging Face/09 - Explorando o Universo das IAs com Hugging Face/Material Explorando o Universo das IAs com Hugging Face/material do curso/brasil.txt,brasil.txt,1bzSlAJt8r3GRs8Nzl7TSRK9vHhZzHc0F,text/plain,4252,2026-07-06T06:40:28.364Z
CURSOS/ASIMOV/TRILHAS RETIRADAS DA PLATAFORMA/TRILHAS RETIRADAS DA PLATAFORMA/05 - [TRILHA] Modelos Alternativos com Hugging Face/09 - Explorando o Universo das IAs com Hugging Face/Material Explorando o Universo das IAs com Hugging Face/material do curso/noticia.txt,noticia.txt,1pf3So5DLHWgGv3oq7XtlLPmwue101H8u,text/plain,1388,2026-07-06T06:40:28.475Z
CURSOS/ASIMOV/TRILHAS RETIRADAS DA PLATAFORMA/TRILHAS RETIRADAS DA PLATAFORMA/05 - [TRILHA] Modelos Alternativos com Hugging Face/10 - IAs para Imagens e Áudio com Hugging Face,10 - IAs para Imagens e Áudio com Hugging Face,1roQDVe8b8IL1ej3YzjXJ5smBlHSr978e,application/vnd.google-apps.folder,,2026-07-06T06:39:41.893Z
CURSOS/ASIMOV/TRILHAS RETIRADAS DA PLATAFORMA/TRILHAS RETIRADAS DA PLATAFORMA/05 - [TRILHA] Modelos Alternativos com Hugging Face/10 - IAs para Imagens e Áudio com Hugging Face/._02 - Utilizando IAs para áudio,._02 - Utilizando IAs para áudio,1r3JP6EoVg0GBz8HOsDrS5CNALwmUp44N,application/octet-stream,4096,2026-07-06T06:40:02.599Z
CURSOS/ASIMOV/TRILHAS RETIRADAS DA PLATAFORMA/TRILHAS RETIRADAS DA PLATAFORMA/05 - [TRILHA] Modelos Alternativos com Hugging Face/10 - IAs para Imagens e Áudio com Hugging Face/._04 - Utilizando IAs para vídeos,._04 - Utilizando IAs para vídeos,1QiX9CoOT7m_eexu3NW_9-AUfjTIKlSI0,application/octet-stream,4096,2026-07-06T06:40:02.932Z
CURSOS/ASIMOV/TRILHAS RETIRADAS DA PLATAFORMA/TRILHAS RETIRADAS DA PLATAFORMA/05 - [TRILHA] Modelos Alternativos com Hugging Face/10 - IAs para Imagens e Áudio com Hugging Face/02 - Utilizando IAs para áudio,02 - Utilizando IAs para áudio,1UTR8VLafSr9z0GGBGlib49QTrqKVbstD,application/vnd.google-apps.folder,,2026-07-06T06:39:47.801Z
CURSOS/ASIMOV/TRILHAS RETIRADAS DA PLATAFORMA/TRILHAS RETIRADAS DA PLATAFORMA/05 - [TRILHA] Modelos Alternativos com Hugging Face/10 - IAs para Imagens e Áudio com Hugging Face/02 - Utilizando IAs para áudio/._Quiz 1 - Catálogo no Telegram @ListagemCursos @mestredoscursoss.mp4,._Quiz 1 - Catálogo no Telegram @ListagemCursos @mestredoscursoss.mp4,12N-96jVBH-rK4MjZOT1hun_5d16MmOAD,video/mp4,4096,2026-07-06T06:40:17.553Z
CURSOS/ASIMOV/TRILHAS RETIRADAS DA PLATAFORMA/TRILHAS RETIRADAS DA PLATAFORMA/05 - [TRILHA] Modelos Alternativos com Hugging Face/10 - IAs para Imagens e Áudio com Hugging Face/02 - Utilizando IAs para áudio/Quiz 1 - Catálogo no Telegram @ListagemCursos @mestredoscursoss.mp4,Quiz 1 - Catálogo no Telegram @ListagemCursos @mestredoscursoss.mp4,1edN_s__BfvPzawHLagufY6HRey7wfWjm,video/mp4,13004004,2026-01-12T12:23:52.000Z
CURSOS/ASIMOV/TRILHAS RETIRADAS DA PLATAFORMA/TRILHAS RETIRADAS DA PLATAFORMA/05 - [TRILHA] Modelos Alternativos com Hugging Face/10 - IAs para Imagens e Áudio com Hugging Face/04 - Utilizando IAs para vídeos,04 - Utilizando IAs para vídeos,1XpRCZkmGATjCyA5nJUJ-NoKAAqRBUfxT,application/vnd.google-apps.folder,,2026-07-06T06:39:47.801Z
CURSOS/ASIMOV/TRILHAS RETIRADAS DA PLATAFORMA/TRILHAS RETIRADAS DA PLATAFORMA/05 - [TRILHA] Modelos Alternativos com Hugging Face/10 - IAs para Imagens e Áudio com Hugging Face/04 - Utilizando IAs para vídeos/._Quiz 3 - Catálogo no Telegram @ListagemCursos @mestredoscursoss.mp4,._Quiz 3 - Catálogo no Telegram @ListagemCursos @mestredoscursoss.mp4,1Ho5RWWxEWLfoPLElWztBdKLQQ2nC6jYB,video/mp4,4096,2026-07-06T06:40:17.426Z
CURSOS/ASIMOV/TRILHAS RETIRADAS DA PLATAFORMA/TRILHAS RETIRADAS DA PLATAFORMA/05 - [TRILHA] Modelos Alternativos com Hugging Face/10 - IAs para Imagens e Áudio com Hugging Face/04 - Utilizando IAs para vídeos/._Teste final - Catálogo no Telegram @ListagemCursos @mestredoscursoss.mp4,._Teste final - Catálogo no Telegram @ListagemCursos @mestredoscursoss.mp4,1bN23znwa-yrOoWPutf5jBp9aB1jeXlFF,video/mp4,4096,2026-07-06T06:40:17.545Z
CURSOS/ASIMOV/TRILHAS RETIRADAS DA PLATAFORMA/TRILHAS RETIRADAS DA PLATAFORMA/05 - [TRILHA] Modelos Alternativos com Hugging Face/10 - IAs para Imagens e Áudio com Hugging Face/04 - Utilizando IAs para vídeos/Quiz 3 - Catálogo no Telegram @ListagemCursos @mestredoscursoss.mp4,Quiz 3 - Catálogo no Telegram @ListagemCursos @mestredoscursoss.mp4,1BGpzVAd_yc_MwaWA_3qFJNNNrTW44lnM,video/mp4,7864903,2026-01-12T12:42:16.000Z
CURSOS/ASIMOV/TRILHAS RETIRADAS DA PLATAFORMA/TRILHAS RETIRADAS DA PLATAFORMA/05 - [TRILHA] Modelos Alternativos com Hugging Face/10 - IAs para Imagens e Áudio com Hugging Face/04 - Utilizando IAs para vídeos/Teste final - Catálogo no Telegram @ListagemCursos @mestredoscursoss.mp4,Teste final - Catálogo no Telegram @ListagemCursos @mestredoscursoss.mp4,1cndk1B3BB6d3L5z-9IszFCodx_Wx9O8l,video/mp4,9542763,2026-01-12T12:44:14.000Z
CURSOS/ASIMOV/TRILHAS RETIRADAS DA PLATAFORMA/TRILHAS RETIRADAS DA PLATAFORMA/06 - [TRILHA] Aplicações IA - Criação de Agents com LangChain,06 - [TRILHA] Aplicações IA - Criação de Agents com LangChain,1_BmS2jlq_XB9r6ihUYN3qHfALuLM3OB8,application/vnd.google-apps.folder,,2026-07-06T06:39:38.384Z
CURSOS/ASIMOV/TRILHAS RETIRADAS DA PLATAFORMA/TRILHAS RETIRADAS DA PLATAFORMA/06 - [TRILHA] Aplicações IA - Criação de Agents com LangChain/._00 - Ordem Cursos e Projetos,._00 - Ordem Cursos e Projetos,1vmMY65EOf3a1tEEwAzeLF-TM0DOjKV0p,application/octet-stream,4096,2026-07-06T06:39:56.193Z
CURSOS/ASIMOV/TRILHAS RETIRADAS DA PLATAFORMA/TRILHAS RETIRADAS DA PLATAFORMA/06 - [TRILHA] Aplicações IA - Criação de Agents com LangChain/._03 - Introdução à Lógica de Programação,._03 - Introdução à Lógica de Programação,1j-QXEsS1gTyl-u7BrpV7flyFLsNjRPMm,application/octet-stream,4096,2026-07-06T06:39:56.194Z
CURSOS/ASIMOV/TRILHAS RETIRADAS DA PLATAFORMA/TRILHAS RETIRADAS DA PLATAFORMA/06 - [TRILHA] Aplicações IA - Criação de Agents com LangChain/._06  - Engenharia de Prompts,._06  - Engenharia de Prompts,1hQNuvLRkA04SLKKobkL7drDVJDliuXsT,application/octet-stream,4096,2026-07-06T06:39:56.157Z
CURSOS/ASIMOV/TRILHAS RETIRADAS DA PLATAFORMA/TRILHAS RETIRADAS DA PLATAFORMA/06 - [TRILHA] Aplicações IA - Criação de Agents com LangChain/._11 - Projeto - Construindo um Agent para analisar dados com LangChain e OpenAI,._11 - Projeto - Construindo um Agent para analisar dados com LangChain e OpenAI,1izXAJ7pbnwp5F9Jik7AeJ4CXLiB1U01E,application/octet-stream,4096,2026-07-06T06:39:56.741Z
CURSOS/ASIMOV/TRILHAS RETIRADAS DA PLATAFORMA/TRILHAS RETIRADAS DA PLATAFORMA/06 - [TRILHA] Aplicações IA - Criação de Agents com LangChain/00 - Ordem Cursos e Projetos,00 - Ordem Cursos e Projetos,1Dqe0jQiOGHPgBHQtfD6Q7EsgdIEKxX5W,application/vnd.google-apps.folder,,2026-07-06T06:39:43.592Z
CURSOS/ASIMOV/TRILHAS RETIRADAS DA PLATAFORMA/TRILHAS RETIRADAS DA PLATAFORMA/06 - [TRILHA] Aplicações IA - Criação de Agents com LangChain/00 - Ordem Cursos e Projetos/._Part1.png,._Part1.png,1PgEGEy9WVdEKBJ-AIVXBYei3SukZE-0N,image/png,4096,2026-07-06T06:40:06.681Z
CURSOS/ASIMOV/TRILHAS RETIRADAS DA PLATAFORMA/TRILHAS RETIRADAS DA PLATAFORMA/06 - [TRILHA] Aplicações IA - Criação de Agents com LangChain/00 - Ordem Cursos e Projetos/._Part2.png,._Part2.png,1IOJ79mKYK6B1zDwkjR-KjCDg8OfeJUJZ,image/png,4096,2026-07-06T06:40:06.988Z
CURSOS/ASIMOV/TRILHAS RETIRADAS DA PLATAFORMA/TRILHAS RETIRADAS DA PLATAFORMA/06 - [TRILHA] Aplicações IA - Criação de Agents com LangChain/00 - Ordem Cursos e Projetos/Part1.png,Part1.png,1MTq1i9Hy-m55QCRturTwEw9iN4nV1jjh,image/png,337545,2026-07-06T06:40:06.710Z
CURSOS/ASIMOV/TRILHAS RETIRADAS DA PLATAFORMA/TRILHAS RETIRADAS DA PLATAFORMA/06 - [TRILHA] Aplicações IA - Criação de Agents com LangChain/00 - Ordem Cursos e Projetos/Part2.png,Part2.png,1kVI771Fkgetz7Repe7f7akVDJsimEpqZ,image/png,309188,2026-07-06T06:40:06.943Z
CURSOS/ASIMOV/TRILHAS RETIRADAS DA PLATAFORMA/TRILHAS RETIRADAS DA PLATAFORMA/06 - [TRILHA] Aplicações IA - Criação de Agents com LangChain/03 - Introdução à Lógica de Programação,03 - Introdução à Lógica de Programação,1cPyS_eM3UHSPsFZBQ6yILKWSsEa2Xk32,application/vnd.google-apps.folder,,2026-07-06T06:39:43.592Z
CURSOS/ASIMOV/TRILHAS RETIRADAS DA PLATAFORMA/TRILHAS RETIRADAS DA PLATAFORMA/06 - [TRILHA] Aplicações IA - Criação de Agents com LangChain/03 - Introdução à Lógica de Programação/._Introdução à lógica de programação - Apostila Asimov Academy.pdf.pdf,._Introdução à lógica de programação - Apostila Asimov Academy.pdf.pdf,1Q62c4f1c29p7R1xPS7yNxclUedqm1913,application/pdf,4096,2026-07-06T06:40:05.919Z
CURSOS/ASIMOV/TRILHAS RETIRADAS DA PLATAFORMA/TRILHAS RETIRADAS DA PLATAFORMA/06 - [TRILHA] Aplicações IA - Criação de Agents com LangChain/03 - Introdução à Lógica de Programação/Introdução à lógica de programação - Apostila Asimov Academy.pdf.pdf,Introdução à lógica de programação - Apostila Asimov Academy.pdf.pdf,1INc9g_ZSdpsEXxWOVP1SXWgaPrm_WdmC,application/pdf,393977,2026-07-06T06:40:06.090Z
CURSOS/ASIMOV/TRILHAS RETIRADAS DA PLATAFORMA/TRILHAS RETIRADAS DA PLATAFORMA/06 - [TRILHA] Aplicações IA - Criação de Agents com LangChain/06  - Engenharia de Prompts,06  - Engenharia de Prompts,1NOoPPPseSbW9MKgufSR03peO_ceGohL1,application/vnd.google-apps.folder,,2026-07-06T06:39:43.592Z
CURSOS/ASIMOV/TRILHAS RETIRADAS DA PLATAFORMA/TRILHAS RETIRADAS DA PLATAFORMA/06 - [TRILHA] Aplicações IA - Criação de Agents com LangChain/06  - Engenharia de Prompts/._ApostilaEngenhariaPrompts.pdf,._ApostilaEngenhariaPrompts.pdf,1aRI300GSOxNgUmbC2HqqDH3f01f8TCWZ,application/pdf,4096,2026-07-06T06:40:06.552Z
CURSOS/ASIMOV/TRILHAS RETIRADAS DA PLATAFORMA/TRILHAS RETIRADAS DA PLATAFORMA/06 - [TRILHA] Aplicações IA - Criação de Agents com LangChain/06  - Engenharia de Prompts/._SlidesEngenhariaPrompts.pdf,._SlidesEngenhariaPrompts.pdf,1MwuUh33Catzg9aFkzaAnaV7qV2uPBDSU,application/pdf,4096,2026-07-06T06:40:06.637Z
CURSOS/ASIMOV/TRILHAS RETIRADAS DA PLATAFORMA/TRILHAS RETIRADAS DA PLATAFORMA/06 - [TRILHA] Aplicações IA - Criação de Agents com LangChain/06  - Engenharia de Prompts/ApostilaEngenhariaPrompts.pdf,ApostilaEngenhariaPrompts.pdf,1LbG-mLU8b1LbrOz3wNElpyuPescuqFGL,application/pdf,596647,2026-07-06T06:40:06.512Z
CURSOS/ASIMOV/TRILHAS RETIRADAS DA PLATAFORMA/TRILHAS RETIRADAS DA PLATAFORMA/06 - [TRILHA] Aplicações IA - Criação de Agents com LangChain/06  - Engenharia de Prompts/SlidesEngenhariaPrompts.pdf,SlidesEngenhariaPrompts.pdf,1EoquHpIeJ3de4i9Qa9UCNRNEYZ6s4Iz5,application/pdf,1936828,2026-01-15T14:08:24.000Z
CURSOS/ASIMOV/TRILHAS RETIRADAS DA PLATAFORMA/TRILHAS RETIRADAS DA PLATAFORMA/06 - [TRILHA] Aplicações IA - Criação de Agents com LangChain/11 - Projeto - Construindo um Agent para analisar dados com LangChain e OpenAI,11 - Projeto - Construindo um Agent para analisar dados com LangChain e OpenAI,1oSdbgkjMh7v6jB-7rt2mF6C6MMw0cwY0,application/vnd.google-apps.folder,,2026-07-06T06:39:43.592Z
CURSOS/ASIMOV/TRILHAS RETIRADAS DA PLATAFORMA/TRILHAS RETIRADAS DA PLATAFORMA/06 - [TRILHA] Aplicações IA - Criação de Agents com LangChain/11 - Projeto - Construindo um Agent para analisar dados com LangChain e OpenAI/._1.3 - Gravando e salvando áudios no computador.mp4,._1.3 - Gravando e salvando áudios no computador.mp4,1PfDkvBK8i-FpO7phI1BOl2kcKGoVO6DC,video/mp4,4096,2026-07-06T06:40:06.378Z
CURSOS/ASIMOV/TRILHAS RETIRADAS DA PLATAFORMA/TRILHAS RETIRADAS DA PLATAFORMA/06 - [TRILHA] Aplicações IA - Criação de Agents com LangChain/11 - Projeto - Construindo um Agent para analisar dados com LangChain e OpenAI/._1.5 - Criando o agente para analisar dados.mp4,._1.5 - Criando o agente para analisar dados.mp4,1eINtow8IUFRhQf83wTD5LIleQsfYN8rp,video/mp4,4096,2026-07-06T06:40:06.174Z
CURSOS/ASIMOV/TRILHAS RETIRADAS DA PLATAFORMA/TRILHAS RETIRADAS DA PLATAFORMA/06 - [TRILHA] Aplicações IA - Criação de Agents com LangChain/11 - Projeto - Construindo um Agent para analisar dados com LangChain e OpenAI/1.3 - Gravando e salvando áudios no computador.mp4,1.3 - Gravando e salvando áudios no computador.mp4,14-VRSW1TAqpgmwGzsXbyzJ4GAGfN-Ixv,video/mp4,238210421,2025-03-23T13:13:26.000Z
CURSOS/ASIMOV/TRILHAS RETIRADAS DA PLATAFORMA/TRILHAS RETIRADAS DA PLATAFORMA/06 - [TRILHA] Aplicações IA - Criação de Agents com LangChain/11 - Projeto - Construindo um Agent para analisar dados com LangChain e OpenAI/1.5 - Criando o agente para analisar dados.mp4,1.5 - Criando o agente para analisar dados.mp4,1ICJi-3IuaDrPDn1G0xGDgS_IO-F4OjbZ,video/mp4,237536829,2025-03-23T13:13:24.000Z
CURSOS/Asimov 2026,Asimov 2026,1-3STJy-WJ98wadzZRd8hqdn4RVEToGqC,application/vnd.google-apps.shortcut,,2026-05-29T21:18:14.226Z
CURSOS/CURSOS DE INGLÊS/⭐ Inglês em 12 Semanas - Andrei Toribio/1.Inglês em 12 Semanas 1.0/MÓDULO 0 - Comece por aqui/Aula 1 - Apresentação e Instruções.mp4,Aula 1 - Apresentação e Instruções.mp4,1gwwBXamyMz4chUCHhW6VdH2hFYHf1NEl,video/mp4,315983882,2023-12-24T23:55:06.000Z
CURSOS/CURSOS DE INGLÊS/⭐ Inglês em 12 Semanas - Andrei Toribio/1.Inglês em 12 Semanas 1.0/MÓDULO 1 - Crenças e Mentalidade/Aula 1 - Como quebrar as crenças que te impedem de aprender inglês..mp4,Aula 1 - Como quebrar as crenças que te impedem de aprender inglês..mp4,1zaRejpigmwau4501ktNKDMJAtF6U67BB,video/mp4,950056127,2023-12-24T23:55:30.000Z
CURSOS/CURSOS DE INGLÊS/⭐ Inglês em 12 Semanas - Andrei Toribio/1.Inglês em 12 Semanas 1.0/MÓDULO 1 - Crenças e Mentalidade/Aula 2 - Empenho.mp4,Aula 2 - Empenho.mp4,1J_rcAImrL7u4V5co0SuWV7IxO9QDt8sR,video/mp4,485829571,2023-12-24T23:55:06.000Z
CURSOS/CURSOS DE INGLÊS/⭐ Inglês em 12 Semanas - Andrei Toribio/1.Inglês em 12 Semanas 1.0/MÓDULO 1 - Crenças e Mentalidade/Aula 3 - Comportamentos e atitudes para aprender mais rápido..mp4,Aula 3 - Comportamentos e atitudes para aprender mais rápido..mp4,1ljyMVWZKs8UggQqGnNsnIfQ7_tnwLu8c,video/mp4,511316822,2023-12-24T23:55:06.000Z
CURSOS/CURSOS DE INGLÊS/⭐ Inglês em 12 Semanas - Andrei Toribio/1.Inglês em 12 Semanas 1.0/MÓDULO 1 - Crenças e Mentalidade/Aula 4 - Preconceitos que te impedem de aprender.mp4,Aula 4 - Preconceitos que te impedem de aprender.mp4,1E3KxdoR5bl9We-z2-te2LjGB1C5MGFVd,video/mp4,569150970,2023-12-24T23:54:58.000Z
CURSOS/CURSOS DE INGLÊS/⭐ Inglês em 12 Semanas - Andrei Toribio/1.Inglês em 12 Semanas 1.0/MÓDULO 1 - Crenças e Mentalidade/Aula 5 - Não ter medo do fracaço.mp4,Aula 5 - Não ter medo do fracaço.mp4,1WNv8C7WS5Gex4VWreFJIrRZWp8wuUo4n,video/mp4,420222264,2023-12-24T23:55:24.000Z
CURSOS/CURSOS DE INGLÊS/⭐ Inglês em 12 Semanas - Andrei Toribio/1.Inglês em 12 Semanas 1.0/MÓDULO 1 - Crenças e Mentalidade/Aula 6 - Não ter limites.mp4,Aula 6 - Não ter limites.mp4,110ObtzqdoSzhFpbe8S62RP9XyTYoAj4v,video/mp4,392188259,2023-12-24T23:55:30.000Z
CURSOS/CURSOS DE INGLÊS/⭐ Inglês em 12 Semanas - Andrei Toribio/1.Inglês em 12 Semanas 1.0/MÓDULO 1 - Crenças e Mentalidade/Aula 7 - Atitudes que você deve evitar.mp4,Aula 7 - Atitudes que você deve evitar.mp4,1JQJyjH63PBJxi7B1MfdD9FgjgpzmwMXV,video/mp4,379154302,2023-12-24T23:55:30.000Z
CURSOS/CURSOS DE INGLÊS/⭐ Inglês em 12 Semanas - Andrei Toribio/1.Inglês em 12 Semanas 1.0/MÓDULO 2 - Memória/Aula 1 - Como funciona a sua memoria.mp4,Aula 1 - Como funciona a sua memoria.mp4,11J5WIeFwnpr8mOy7h-1M_AeKU7IAwkZ2,video/mp4,1082405672,2023-12-24T23:54:58.000Z
CURSOS/CURSOS DE INGLÊS/⭐ Inglês em 12 Semanas - Andrei Toribio/1.Inglês em 12 Semanas 1.0/MÓDULO 2 - Memória/Aula 2 - Como funciona a sua memoria - Parte 2.mp4,Aula 2 - Como funciona a sua memoria - Parte 2.mp4,1ZsaA2bHG2FKwHUU6g2jAzLxh3qi74eHp,video/mp4,400008317,2023-12-24T23:55:30.000Z
CURSOS/CURSOS DE INGLÊS/⭐ Inglês em 12 Semanas - Andrei Toribio/1.Inglês em 12 Semanas 1.0/MÓDULO 2 - Memória/Aula 3 - Como funciona a sua memoria - Parte 3.mp4,Aula 3 - Como funciona a sua memoria - Parte 3.mp4,1slkEy4-Xg9qfL66oCFIW-IOPwx25YLzS,video/mp4,840541049,2023-12-24T23:55:06.000Z
CURSOS/CURSOS DE INGLÊS/⭐ Inglês em 12 Semanas - Andrei Toribio/1.Inglês em 12 Semanas 1.0/MÓDULO 2 - Memória/Aula 4 - Testando sua memoria.mp4,Aula 4 - Testando sua memoria.mp4,1HYxT16YK_8L-RAMnWjyM_QtzrlHBuzzp,video/mp4,188826200,2023-12-24T23:54:58.000Z
CURSOS/CURSOS DE INGLÊS/⭐ Inglês em 12 Semanas - Andrei Toribio/1.Inglês em 12 Semanas 1.0/MÓDULO 2 - Memória/Aula 5 - Resultado do teste.mp4,Aula 5 - Resultado do teste.mp4,1jKCzPf1-oM-2QakS7KMr_P322AuS3rOF,video/mp4,656223877,2023-12-24T23:55:06.000Z
CURSOS/CURSOS DE INGLÊS/⭐ Inglês em 12 Semanas - Andrei Toribio/1.Inglês em 12 Semanas 1.0/MÓDULO 2 - Memória/Aula 6 - O Segredo magico para você memorizar rapidamente qualquer informação.mp4,Aula 6 - O Segredo magico para você memorizar rapidamente qualquer informação.mp4,1YweKr5zRa3uqHld-lIXW41re7f_vYCYN,video/mp4,910043746,2023-12-24T23:54:58.000Z
CURSOS/CURSOS DE INGLÊS/⭐ Inglês em 12 Semanas - Andrei Toribio/1.Inglês em 12 Semanas 1.0/MÓDULO 2 - Memória/Aula 7 - Formas mais avançadas de memorização.mp4,Aula 7 - Formas mais avançadas de memorização.mp4,16eLmITd8P-pMxY5vJg7izTsxX3jt9SMY,video/mp4,778526711,2023-12-24T23:54:58.000Z
CURSOS/CURSOS DE INGLÊS/⭐ Inglês em 12 Semanas - Andrei Toribio/1.Inglês em 12 Semanas 1.0/MÓDULO 2 - Memória/Aula 8 - Memorizando as palavras.mp4,Aula 8 - Memorizando as palavras.mp4,1efzwSTCfjEZDveih8g-8leTu7hBPwsmU,video/mp4,658914321,2023-12-24T23:54:58.000Z
CURSOS/CURSOS DE INGLÊS/⭐ Inglês em 12 Semanas - Andrei Toribio/1.Inglês em 12 Semanas 1.0/MÓDULO 3 - Vocabulario/Aula 1 - Como funciona o vocabulário.mp4,Aula 1 - Como funciona o vocabulário.mp4,1ip_339zVq9TzL5B2Vu27IeDfmylLqway,video/mp4,638241221,2023-12-24T23:55:06.000Z
CURSOS/CURSOS DE INGLÊS/⭐ Inglês em 12 Semanas - Andrei Toribio/1.Inglês em 12 Semanas 1.0/MÓDULO 3 - Vocabulario/Aula 10 - Exercicio para melhorar sua criatividade.mp4,Aula 10 - Exercicio para melhorar sua criatividade.mp4,1YkM7jkeCjk0KseB-ZaRWUDt816Q0eEkM,video/mp4,233547620,2023-12-24T23:55:24.000Z
CURSOS/CURSOS DE INGLÊS/⭐ Inglês em 12 Semanas - Andrei Toribio/1.Inglês em 12 Semanas 1.0/MÓDULO 3 - Vocabulario/Aula 2 - Como lembrar das palavras a longo prazo.mp4,Aula 2 - Como lembrar das palavras a longo prazo.mp4,1MrFgZ6Pl52KIdxnoxMmIsSIERz6lP5kp,video/mp4,1028909692,2023-12-24T23:55:24.000Z
CURSOS/CURSOS DE INGLÊS/⭐ Inglês em 12 Semanas - Andrei Toribio/1.Inglês em 12 Semanas 1.0/MÓDULO 3 - Vocabulario/Aula 3 - Erros mais comuns utilizando as PAV.mp4,Aula 3 - Erros mais comuns utilizando as PAV.mp4,1po0xPD3rUygAU_dYcMM95P6cQuxIPt4S,video/mp4,192235820,2023-12-24T23:55:24.000Z
CURSOS/CURSOS DE INGLÊS/⭐ Inglês em 12 Semanas - Andrei Toribio/1.Inglês em 12 Semanas 1.0/MÓDULO 3 - Vocabulario/Aula 4 - Segundo erro mais comum nos PAV.mp4,Aula 4 - Segundo erro mais comum nos PAV.mp4,1RS2K0zOqB3H_kGzVjJDtB2z1KNE36AnI,video/mp4,195340789,2023-12-24T23:55:24.000Z
CURSOS/CURSOS DE INGLÊS/⭐ Inglês em 12 Semanas - Andrei Toribio/1.Inglês em 12 Semanas 1.0/MÓDULO 3 - Vocabulario/Aula 5 - Terceiro erro mais comum nos PAV.mp4,Aula 5 - Terceiro erro mais comum nos PAV.mp4,1B5gziCOJ8HCD8Mx6MfKpMsumQZE5Vbvf,video/mp4,170249495,2023-12-24T23:55:24.000Z
CURSOS/CURSOS DE INGLÊS/⭐ Inglês em 12 Semanas - Andrei Toribio/1.Inglês em 12 Semanas 1.0/MÓDULO 3 - Vocabulario/Aula 6 - Quarto erro mais comum nos PAV.mp4,Aula 6 - Quarto erro mais comum nos PAV.mp4,1MArqRlyxcUkVtI30oBbbDuQHilisvACF,video/mp4,261931487,2023-12-24T23:55:24.000Z
CURSOS/CURSOS DE INGLÊS/⭐ Inglês em 12 Semanas - Andrei Toribio/1.Inglês em 12 Semanas 1.0/MÓDULO 3 - Vocabulario/Aula 7 - Quinto erro mais comum nos PAV.mp4,Aula 7 - Quinto erro mais comum nos PAV.mp4,1p47h01jqUr8hW2h918urhDIISUVYi2zp,video/mp4,135477665,2023-12-24T23:55:24.000Z
CURSOS/CURSOS DE INGLÊS/⭐ Inglês em 12 Semanas - Andrei Toribio/1.Inglês em 12 Semanas 1.0/MÓDULO 3 - Vocabulario/Aula 8 - Sexto erro mais comum nos PAV.mp4,Aula 8 - Sexto erro mais comum nos PAV.mp4,1cQaCJjucqhOKu_y4oHpOWffF2Q-zzT2w,video/mp4,142975600,2023-12-24T23:55:24.000Z
CURSOS/CURSOS DE INGLÊS/⭐ Inglês em 12 Semanas - Andrei Toribio/1.Inglês em 12 Semanas 1.0/MÓDULO 3 - Vocabulario/Aula 9 - Setimo erro mais comum nos PAV.mp4,Aula 9 - Setimo erro mais comum nos PAV.mp4,1T9RiEthNWJDZZVAYiwPRzoQvJuJjnDhx,video/mp4,80800915,2023-12-24T23:55:30.000Z
CURSOS/CURSOS DE INGLÊS/⭐ Inglês em 12 Semanas - Andrei Toribio/1.Inglês em 12 Semanas 1.0/MÓDULO 4 - Gramática/Aula 1 - A verdade sobre a gramática.mp4,Aula 1 - A verdade sobre a gramática.mp4,17N_G37YbZQ8Pt-ZcWxhIVqcDZWDdemRE,video/mp4,207794928,2023-12-24T23:55:06.000Z
CURSOS/CURSOS DE INGLÊS/⭐ Inglês em 12 Semanas - Andrei Toribio/1.Inglês em 12 Semanas 1.0/MÓDULO 4 - Gramática/Aula 2 - Os tempos verbais.mp4,Aula 2 - Os tempos verbais.mp4,1ptRbN51vskrbejjFsBll69D8YztCG-3l,video/mp4,207138343,2023-12-24T23:55:06.000Z
CURSOS/CURSOS DE INGLÊS/⭐ Inglês em 12 Semanas - Andrei Toribio/1.Inglês em 12 Semanas 1.0/MÓDULO 4 - Gramática/Aula 3 - Present continuous.mp4,Aula 3 - Present continuous.mp4,1ob2awk-logEUlLfvRn7QVUxYZR8qfizs,video/mp4,297012977,2023-12-24T23:55:06.000Z
CURSOS/CURSOS DE INGLÊS/⭐ Inglês em 12 Semanas - Andrei Toribio/1.Inglês em 12 Semanas 1.0/MÓDULO 4 - Gramática/Aula 4 - Simple Past.mp4,Aula 4 - Simple Past.mp4,1T_cxxLsXVynM7Tr7Q1zKJn6nKTAIPUWm,video/mp4,190107561,2023-12-24T23:54:58.000Z
CURSOS/CURSOS DE INGLÊS/⭐ Inglês em 12 Semanas - Andrei Toribio/1.Inglês em 12 Semanas 1.0/MÓDULO 4 - Gramática/Aula 5 - A diferença entre os tempos verbais.mp4,Aula 5 - A diferença entre os tempos verbais.mp4,1seFB_H-IM6ezDUUwPxeVSLDmq1o5HlEG,video/mp4,302382229,2023-12-24T23:54:58.000Z
CURSOS/CURSOS DE INGLÊS/⭐ Inglês em 12 Semanas - Andrei Toribio/1.Inglês em 12 Semanas 1.0/MÓDULO 4 - Gramática/Aula 6 - Past participle.mp4,Aula 6 - Past participle.mp4,14NVD1B6wMuoYlCnw59JSAf36ctfS0kCY,video/mp4,417962002,2023-12-24T23:55:06.000Z
CURSOS/CURSOS DE INGLÊS/⭐ Inglês em 12 Semanas - Andrei Toribio/1.Inglês em 12 Semanas 1.0/MÓDULO 4 - Gramática/Aula 7 - Simple Future.mp4,Aula 7 - Simple Future.mp4,1DSGQmD2RMAFFlctXdXREG9rasWJ8o0_T,video/mp4,65694753,2023-12-24T23:54:58.000Z
CURSOS/CURSOS DE INGLÊS/⭐ Inglês em 12 Semanas - Andrei Toribio/1.Inglês em 12 Semanas 1.0/xBônus/Bônus - In English/Inglês para quem trabalha com Marketing Digital com @ogringodomarketing.mp4,Inglês para quem trabalha com Marketing Digital com @ogringodomarketing.mp4,1cda3WoUXtp1EUeHDkqMiKzgn5O40BV6z,video/mp4,185930695,2023-12-24T23:56:04.000Z
CURSOS/CURSOS DE INGLÊS/⭐ Inglês em 12 Semanas - Andrei Toribio/1.Inglês em 12 Semanas 1.0/xBônus/Bônus - Leitura Dinamica/Leitura dinâmica.mp4,Leitura dinâmica.mp4,1WayI5ZUOm5x4WwjjLocGyACZX9BStZd3,video/mp4,495701943,2023-12-24T23:56:10.000Z
CURSOS/CURSOS DE INGLÊS/⭐ Inglês em 12 Semanas - Andrei Toribio/2.Ingês em 12 Semanas 2.0/Fase 0 - Pré Curso (O Que você vai fazer par Aprender ingles em 12 Semanas)/Aula 1 - Abertura.mp4,Aula 1 - Abertura.mp4,1sMlqLnerXqTag9zqW27D0NDFU_3BYn_l,video/mp4,314496935,2023-12-24T23:55:06.000Z
CURSOS/CURSOS DE INGLÊS/⭐ Inglês em 12 Semanas - Andrei Toribio/2.Ingês em 12 Semanas 2.0/Fase 0 - Pré Curso (O Que você vai fazer par Aprender ingles em 12 Semanas)/Aula 10 - 4 chaves da fluência em inglês.mp4,Aula 10 - 4 chaves da fluência em inglês.mp4,1y1gMP8NQV0nvHqiuVmnruOCOo1FwiE7M,video/mp4,364751534,2023-12-24T23:55:16.000Z
CURSOS/CURSOS DE INGLÊS/⭐ Inglês em 12 Semanas - Andrei Toribio/2.Ingês em 12 Semanas 2.0/Fase 0 - Pré Curso (O Que você vai fazer par Aprender ingles em 12 Semanas)/Aula 11 - Como o nível de empenho pode alterar o nível de desempenho.mp4,Aula 11 - Como o nível de empenho pode alterar o nível de desempenho.mp4,1Gnlnjcx2k8G-ipJWt8b09dZNKJNJrlwH,video/mp4,137275184,2023-12-24T23:55:24.000Z
CURSOS/CURSOS DE INGLÊS/⭐ Inglês em 12 Semanas - Andrei Toribio/2.Ingês em 12 Semanas 2.0/Fase 0 - Pré Curso (O Que você vai fazer par Aprender ingles em 12 Semanas)/Aula 12 - Método para alcançar resultados.mp4,Aula 12 - Método para alcançar resultados.mp4,18FLvY2sq0aisTF8FRrFAvY6PiQzswr1m,video/mp4,283095144,2023-12-24T23:55:16.000Z
CURSOS/CURSOS DE INGLÊS/⭐ Inglês em 12 Semanas - Andrei Toribio/2.Ingês em 12 Semanas 2.0/Fase 0 - Pré Curso (O Que você vai fazer par Aprender ingles em 12 Semanas)/Aula 13 - Aprender copiando as crianças.mp4,Aula 13 - Aprender copiando as crianças.mp4,1ZnbZtk4uFtLT7NcZDbR8esbYvSN7BdmJ,video/mp4,445817127,2023-12-24T23:55:06.000Z
CURSOS/CURSOS DE INGLÊS/⭐ Inglês em 12 Semanas - Andrei Toribio/2.Ingês em 12 Semanas 2.0/Fase 0 - Pré Curso (O Que você vai fazer par Aprender ingles em 12 Semanas)/Aula 14 - Aprender sem preconceitos.mp4,Aula 14 - Aprender sem preconceitos.mp4,1Y3DohPIbNIH-RtVS1IiRjFgSGt2i9D9Q,video/mp4,340227708,2023-12-24T23:55:06.000Z
CURSOS/CURSOS DE INGLÊS/⭐ Inglês em 12 Semanas - Andrei Toribio/2.Ingês em 12 Semanas 2.0/Fase 0 - Pré Curso (O Que você vai fazer par Aprender ingles em 12 Semanas)/Aula 15 - Aprender com diversão e entusiasmo.mp4,Aula 15 - Aprender com diversão e entusiasmo.mp4,1YQySFzueEnipnxQNAseMGPEO31d0pBm5,video/mp4,412677253,2023-12-24T23:55:16.000Z
CURSOS/CURSOS DE INGLÊS/⭐ Inglês em 12 Semanas - Andrei Toribio/2.Ingês em 12 Semanas 2.0/Fase 0 - Pré Curso (O Que você vai fazer par Aprender ingles em 12 Semanas)/Aula 16 - Aprender sem medos.mp4,Aula 16 - Aprender sem medos.mp4,1Dd9ggMOw5z3kOPh-AnRL9uHF9_Kuuhmc,video/mp4,499344799,2023-12-24T23:55:06.000Z
CURSOS/CURSOS DE INGLÊS/⭐ Inglês em 12 Semanas - Andrei Toribio/2.Ingês em 12 Semanas 2.0/Fase 0 - Pré Curso (O Que você vai fazer par Aprender ingles em 12 Semanas)/Aula 17 - Sem limites.mp4,Aula 17 - Sem limites.mp4,1NlGMID-1Ao8ZY8QbWUXM036iKvrTqweU,video/mp4,129084052,2023-12-24T23:55:16.000Z
CURSOS/CURSOS DE INGLÊS/⭐ Inglês em 12 Semanas - Andrei Toribio/2.Ingês em 12 Semanas 2.0/Fase 0 - Pré Curso (O Que você vai fazer par Aprender ingles em 12 Semanas)/Aula 18 - Confiança.mp4,Aula 18 - Confiança.mp4,1BvZ9v2EZbe9FXS6E_03uPkdXkFZRMm6z,video/mp4,314472374,2023-12-24T23:55:30.000Z
CURSOS/CURSOS DE INGLÊS/⭐ Inglês em 12 Semanas - Andrei Toribio/2.Ingês em 12 Semanas 2.0/Fase 0 - Pré Curso (O Que você vai fazer par Aprender ingles em 12 Semanas)/Aula 19 - Protagonismo.mp4,Aula 19 - Protagonismo.mp4,1FlNC6s1-UFuq7yFWzB3E9RUaWWcd-gEG,video/mp4,257599022,2023-12-24T23:55:16.000Z
CURSOS/CURSOS DE INGLÊS/⭐ Inglês em 12 Semanas - Andrei Toribio/2.Ingês em 12 Semanas 2.0/Fase 0 - Pré Curso (O Que você vai fazer par Aprender ingles em 12 Semanas)/Aula 2 - Como funcionará a fase 0.mp4,Aula 2 - Como funcionará a fase 0.mp4,1ldizHXYV2T0wdzjMVgPzFQRcT6LTTJvr,video/mp4,172106585,2023-12-24T23:54:58.000Z
CURSOS/CURSOS DE INGLÊS/⭐ Inglês em 12 Semanas - Andrei Toribio/2.Ingês em 12 Semanas 2.0/Fase 0 - Pré Curso (O Que você vai fazer par Aprender ingles em 12 Semanas)/Aula 20 - Aluno ideal para o Inglês em 12 Semanas.mp4,Aula 20 - Aluno ideal para o Inglês em 12 Semanas.mp4,1ImUoW8QJzXO_oDWB2_Y2KN2MNgYRkDwM,video/mp4,133131777,2023-12-24T23:55:16.000Z
CURSOS/CURSOS DE INGLÊS/⭐ Inglês em 12 Semanas - Andrei Toribio/2.Ingês em 12 Semanas 2.0/Fase 0 - Pré Curso (O Que você vai fazer par Aprender ingles em 12 Semanas)/Aula 21 - Memória.mp4,Aula 21 - Memória.mp4,1P-4rYpHsog1cz0mbgvgWQ2Nm0R7INQOx,video/mp4,129431676,2023-12-24T23:55:06.000Z
CURSOS/CURSOS DE INGLÊS/⭐ Inglês em 12 Semanas - Andrei Toribio/2.Ingês em 12 Semanas 2.0/Fase 0 - Pré Curso (O Que você vai fazer par Aprender ingles em 12 Semanas)/Aula 22 - Fundamentos da memória.mp4,Aula 22 - Fundamentos da memória.mp4,1mFCK_IlwT0Rfu3lg98pz0vAN29XjNGbd,video/mp4,734204069,2023-12-24T23:55:06.000Z
CURSOS/CURSOS DE INGLÊS/⭐ Inglês em 12 Semanas - Andrei Toribio/2.Ingês em 12 Semanas 2.0/Fase 0 - Pré Curso (O Que você vai fazer par Aprender ingles em 12 Semanas)/Aula 23 - Prova experimental de memória.mp4,Aula 23 - Prova experimental de memória.mp4,17aApHB6rTEt3ZnFrMYOoUCCE_VJl8TGF,video/mp4,331914782,2023-12-24T23:55:16.000Z
CURSOS/CURSOS DE INGLÊS/⭐ Inglês em 12 Semanas - Andrei Toribio/2.Ingês em 12 Semanas 2.0/Fase 0 - Pré Curso (O Que você vai fazer par Aprender ingles em 12 Semanas)/Aula 24 - Características da memória.mp4,Aula 24 - Características da memória.mp4,1sVudB0oq9Nnqr2nSsj-eL6wz9hdrGGrh,video/mp4,475060352,2023-12-24T23:55:24.000Z
CURSOS/CURSOS DE INGLÊS/⭐ Inglês em 12 Semanas - Andrei Toribio/2.Ingês em 12 Semanas 2.0/Fase 0 - Pré Curso (O Que você vai fazer par Aprender ingles em 12 Semanas)/Aula 25 - Fórmula secreta de memorização.mp4,Aula 25 - Fórmula secreta de memorização.mp4,1FvpSxgu6HnVhP-zmoAZDC-JgrUTQgz8p,video/mp4,364929954,2023-12-24T23:55:06.000Z
CURSOS/CURSOS DE INGLÊS/⭐ Inglês em 12 Semanas - Andrei Toribio/2.Ingês em 12 Semanas 2.0/Fase 0 - Pré Curso (O Que você vai fazer par Aprender ingles em 12 Semanas)/Aula 26 - Memorização guiada.mp4,Aula 26 - Memorização guiada.mp4,1pzifxdB8iOhwwOWjzUHJaWtyIMg61PdM,video/mp4,189685206,2023-12-24T23:55:16.000Z
CURSOS/CURSOS DE INGLÊS/⭐ Inglês em 12 Semanas - Andrei Toribio/2.Ingês em 12 Semanas 2.0/Fase 0 - Pré Curso (O Que você vai fazer par Aprender ingles em 12 Semanas)/Aula 27 - Memorização por conta própria.mp4,Aula 27 - Memorização por conta própria.mp4,12fKYQIAu7f8jD7ygrQ--klmLDE7aYfRL,video/mp4,123043782,2023-12-24T23:55:16.000Z
CURSOS/CURSOS DE INGLÊS/⭐ Inglês em 12 Semanas - Andrei Toribio/2.Ingês em 12 Semanas 2.0/Fase 0 - Pré Curso (O Que você vai fazer par Aprender ingles em 12 Semanas)/Aula 28 - Vocabulário.mp4,Aula 28 - Vocabulário.mp4,1466hg0GCz68k0-qv1JQUbuAwKzLQQth6,video/mp4,166018728,2023-12-24T23:55:06.000Z
CURSOS/CURSOS DE INGLÊS/⭐ Inglês em 12 Semanas - Andrei Toribio/2.Ingês em 12 Semanas 2.0/Fase 0 - Pré Curso (O Que você vai fazer par Aprender ingles em 12 Semanas)/Aula 29 - Memorização guiada II.mp4,Aula 29 - Memorização guiada II.mp4,15jXwFPoIHMuvrMi_HkPQcMyyFsmiUHh2,video/mp4,226533924,2023-12-24T23:55:06.000Z
CURSOS/CURSOS DE INGLÊS/⭐ Inglês em 12 Semanas - Andrei Toribio/2.Ingês em 12 Semanas 2.0/Fase 0 - Pré Curso (O Que você vai fazer par Aprender ingles em 12 Semanas)/Aula 3 - Como se concentrar para aprender.mp4,Aula 3 - Como se concentrar para aprender.mp4,1z8Eqtnn-4Ep59rmw332n1H-Bj0ZGPyXh,video/mp4,477503406,2023-12-24T23:55:06.000Z
CURSOS/CURSOS DE INGLÊS/⭐ Inglês em 12 Semanas - Andrei Toribio/2.Ingês em 12 Semanas 2.0/Fase 0 - Pré Curso (O Que você vai fazer par Aprender ingles em 12 Semanas)/Aula 30 - Memorização por conta própria II.mp4,Aula 30 - Memorização por conta própria II.mp4,1vFQWenIbrykJhtLmkKrhRcCv9nUsNE9K,video/mp4,104930186,2023-12-24T23:55:30.000Z
CURSOS/CURSOS DE INGLÊS/⭐ Inglês em 12 Semanas - Andrei Toribio/2.Ingês em 12 Semanas 2.0/Fase 0 - Pré Curso (O Que você vai fazer par Aprender ingles em 12 Semanas)/Aula 31 - Técnicas de longo prazo.mp4,Aula 31 - Técnicas de longo prazo.mp4,178-Ea8XzRaG1XkLTbQfGitZ1J2wCV3BF,video/mp4,1013311970,2023-12-24T23:55:16.000Z
CURSOS/CURSOS DE INGLÊS/⭐ Inglês em 12 Semanas - Andrei Toribio/2.Ingês em 12 Semanas 2.0/Fase 0 - Pré Curso (O Que você vai fazer par Aprender ingles em 12 Semanas)/Aula 32 - Ciclo de retenção.mp4,Aula 32 - Ciclo de retenção.mp4,1swJx_jyHfG-2IlkRNCOkXVakrSF1_8nh,video/mp4,358382011,2023-12-24T23:55:16.000Z
CURSOS/CURSOS DE INGLÊS/⭐ Inglês em 12 Semanas - Andrei Toribio/2.Ingês em 12 Semanas 2.0/Fase 0 - Pré Curso (O Que você vai fazer par Aprender ingles em 12 Semanas)/Aula 33 - 3 dias de exercícios.mp4,Aula 33 - 3 dias de exercícios.mp4,1Hh6Nl9lY_LXIpLTGAzQpdhxgsVAYnTJ1,video/mp4,162352702,2023-12-24T23:55:06.000Z
CURSOS/CURSOS DE INGLÊS/⭐ Inglês em 12 Semanas - Andrei Toribio/2.Ingês em 12 Semanas 2.0/Fase 0 - Pré Curso (O Que você vai fazer par Aprender ingles em 12 Semanas)/Aula 4 - Técnica do Pomodoro.mp4,Aula 4 - Técnica do Pomodoro.mp4,1CtrMb_2N2yA3G7PhvD-JJUu62o11t445,video/mp4,271867059,2023-12-24T23:54:58.000Z
"CURSOS/CURSOS DE INGLÊS/⭐ Inglês em 12 Semanas - Andrei Toribio/2.Ingês em 12 Semanas 2.0/Fase 0 - Pré Curso (O Que você vai fazer par Aprender ingles em 12 Semanas)/Aula 5 - Quem é Andrei Toribio, o Tucano.mp4","Aula 5 - Quem é Andrei Toribio, o Tucano.mp4",157acOcplklPPxTT04H4gtodfLEJ0WtPC,video/mp4,645208595,2023-12-24T23:55:06.000Z
CURSOS/CURSOS DE INGLÊS/⭐ Inglês em 12 Semanas - Andrei Toribio/2.Ingês em 12 Semanas 2.0/Fase 0 - Pré Curso (O Que você vai fazer par Aprender ingles em 12 Semanas)/Aula 6 - Significado de ser Fluente.mp4,Aula 6 - Significado de ser Fluente.mp4,1-2buosOroDulcOlht76HjR8OFJ0egACr,video/mp4,158499442,2023-12-24T23:54:58.000Z
CURSOS/CURSOS DE INGLÊS/⭐ Inglês em 12 Semanas - Andrei Toribio/2.Ingês em 12 Semanas 2.0/Fase 0 - Pré Curso (O Que você vai fazer par Aprender ingles em 12 Semanas)/Aula 7 - Porque você não aprendeu inglês até hoje.mp4,Aula 7 - Porque você não aprendeu inglês até hoje.mp4,1zUfT09s_gIeVbRjIBA0LBE41LqewL3u8,video/mp4,648925974,2023-12-24T23:55:16.000Z
CURSOS/CURSOS DE INGLÊS/⭐ Inglês em 12 Semanas - Andrei Toribio/2.Ingês em 12 Semanas 2.0/Fase 0 - Pré Curso (O Que você vai fazer par Aprender ingles em 12 Semanas)/Aula 8 - Crenças e Mentalidade.mp4,Aula 8 - Crenças e Mentalidade.mp4,1DnP9GrWgFxxlGX0BPsLDUQiH6iGG1-jl,video/mp4,186912106,2023-12-24T23:55:06.000Z
CURSOS/CURSOS DE INGLÊS/⭐ Inglês em 12 Semanas - Andrei Toribio/2.Ingês em 12 Semanas 2.0/Fase 0 - Pré Curso (O Que você vai fazer par Aprender ingles em 12 Semanas)/Aula 9 - O maior segredo da vida.mp4,Aula 9 - O maior segredo da vida.mp4,1fR6PTPHdi8xdqT1ai5H0R-iJ4fNZ27aF,video/mp4,210196058,2023-12-24T23:55:06.000Z
CURSOS/CURSOS DE INGLÊS/⭐ Inglês em 12 Semanas - Andrei Toribio/2.Ingês em 12 Semanas 2.0/Fase 1 - Vocabulário (As Bases da Fluência)/Aula 1 - Como fazer uma boa fase 1.mp4,Aula 1 - Como fazer uma boa fase 1.mp4,1PmTHhuHl282o9JR8a2QIyr876ve-0jEy,video/mp4,400640438,2023-12-24T23:55:24.000Z
CURSOS/CURSOS DE INGLÊS/⭐ Inglês em 12 Semanas - Andrei Toribio/2.Ingês em 12 Semanas 2.0/Fase 1 - Vocabulário (As Bases da Fluência)/Aula 10 - Erros comuns do PAV.mp4,Aula 10 - Erros comuns do PAV.mp4,1ZLS2T7rVaaNqoR1lqGUc7hIruGiWwmwp,video/mp4,444278144,2023-12-24T23:55:24.000Z
CURSOS/CURSOS DE INGLÊS/⭐ Inglês em 12 Semanas - Andrei Toribio/2.Ingês em 12 Semanas 2.0/Fase 1 - Vocabulário (As Bases da Fluência)/Aula 11 - Dia 1.mp4,Aula 11 - Dia 1.mp4,18VDyhCxbWJSJI0eXTnN1WkvqLwVuftYy,video/mp4,160179456,2023-12-24T23:55:24.000Z
CURSOS/CURSOS DE INGLÊS/⭐ Inglês em 12 Semanas - Andrei Toribio/2.Ingês em 12 Semanas 2.0/Fase 1 - Vocabulário (As Bases da Fluência)/Aula 12 - Dia 2.mp4,Aula 12 - Dia 2.mp4,1QSIMaSeqmzEj0LYKgFB51wX_-pfvMwm3,video/mp4,187503464,2023-12-24T23:55:30.000Z
CURSOS/CURSOS DE INGLÊS/⭐ Inglês em 12 Semanas - Andrei Toribio/2.Ingês em 12 Semanas 2.0/Fase 1 - Vocabulário (As Bases da Fluência)/Aula 2 - Compreensão ativa.mp4,Aula 2 - Compreensão ativa.mp4,1RVZi9S0vt7GmDIJYeiYh4bbhZjM2ufH4,video/mp4,104552867,2023-12-24T23:55:06.000Z
CURSOS/CURSOS DE INGLÊS/⭐ Inglês em 12 Semanas - Andrei Toribio/2.Ingês em 12 Semanas 2.0/Fase 1 - Vocabulário (As Bases da Fluência)/Aula 3 - Speaking.mp4,Aula 3 - Speaking.mp4,1hKWG9Gx1S61D8dBsCHdg9hZ79IB5CXtP,video/mp4,160734352,2023-12-24T23:55:24.000Z
CURSOS/CURSOS DE INGLÊS/⭐ Inglês em 12 Semanas - Andrei Toribio/2.Ingês em 12 Semanas 2.0/Fase 1 - Vocabulário (As Bases da Fluência)/Aula 4 - Segunda técnica de speaking.mp4,Aula 4 - Segunda técnica de speaking.mp4,14uHtOVfYo2KcIQHoL6-f1CKXt4YodYmy,video/mp4,115578970,2023-12-24T23:55:16.000Z
CURSOS/CURSOS DE INGLÊS/⭐ Inglês em 12 Semanas - Andrei Toribio/2.Ingês em 12 Semanas 2.0/Fase 1 - Vocabulário (As Bases da Fluência)/Aula 5 - Pronomes pessoais.mp4,Aula 5 - Pronomes pessoais.mp4,1ewxO2hggeNR0gRtdu1201AV0R0G5xWpj,video/mp4,153723321,2023-12-24T23:55:24.000Z
CURSOS/CURSOS DE INGLÊS/⭐ Inglês em 12 Semanas - Andrei Toribio/2.Ingês em 12 Semanas 2.0/Fase 1 - Vocabulário (As Bases da Fluência)/Aula 6 - Verbo To Be.mp4,Aula 6 - Verbo To Be.mp4,180SO8xHLIO8TldhCsrIMTp9LPAbN2RnX,video/mp4,109447997,2023-12-24T23:55:24.000Z
CURSOS/CURSOS DE INGLÊS/⭐ Inglês em 12 Semanas - Andrei Toribio/2.Ingês em 12 Semanas 2.0/Fase 1 - Vocabulário (As Bases da Fluência)/Aula 7 - Verbo To Be II.mp4,Aula 7 - Verbo To Be II.mp4,1KA4nNmvQguerPJ1-S1fl9yifbLpcsD1r,video/mp4,61121978,2023-12-24T23:55:16.000Z
CURSOS/CURSOS DE INGLÊS/⭐ Inglês em 12 Semanas - Andrei Toribio/2.Ingês em 12 Semanas 2.0/Fase 1 - Vocabulário (As Bases da Fluência)/Aula 8 - Conjugação do verbo To Do.mp4,Aula 8 - Conjugação do verbo To Do.mp4,1WVpeSN5QGP-fRyhRHgDe5yFYvQTR_W00,video/mp4,98072348,2023-12-24T23:55:16.000Z
CURSOS/CURSOS DE INGLÊS/⭐ Inglês em 12 Semanas - Andrei Toribio/2.Ingês em 12 Semanas 2.0/Fase 1 - Vocabulário (As Bases da Fluência)/Aula 9 - Memorando da fase 1.mp4,Aula 9 - Memorando da fase 1.mp4,16klXAeSO2BNmOnTnUf1DaJK1EcHFuyox,video/mp4,173502480,2023-12-24T23:55:24.000Z
CURSOS/CURSOS DE INGLÊS/⭐ Inglês em 12 Semanas - Andrei Toribio/2.Ingês em 12 Semanas 2.0/Fase 2 - Listening and Speaking (Colocando Meu inglês em Prática)/Aula 1 - Como funcionará a fase 2.mp4,Aula 1 - Como funcionará a fase 2.mp4,1himMDHSZG2cP0k2cjPQIRHIC-ZE9irZq,video/mp4,147517747,2023-12-24T23:55:24.000Z
CURSOS/CURSOS DE INGLÊS/⭐ Inglês em 12 Semanas - Andrei Toribio/2.Ingês em 12 Semanas 2.0/Fase 2 - Listening and Speaking (Colocando Meu inglês em Prática)/Aula 10 - Traduzindo músicas.mp4,Aula 10 - Traduzindo músicas.mp4,1wjqI3tOgGMSl2pKQqBjeHgd8EhasDoES,video/mp4,73878581,2023-12-24T23:55:16.000Z
CURSOS/CURSOS DE INGLÊS/⭐ Inglês em 12 Semanas - Andrei Toribio/2.Ingês em 12 Semanas 2.0/Fase 2 - Listening and Speaking (Colocando Meu inglês em Prática)/Aula 11 - Gramática.mp4,Aula 11 - Gramática.mp4,1HF6NDXPoJJaD7ljjZpn6t3U_BR6fALvF,video/mp4,190884693,2023-12-24T23:55:16.000Z
CURSOS/CURSOS DE INGLÊS/⭐ Inglês em 12 Semanas - Andrei Toribio/2.Ingês em 12 Semanas 2.0/Fase 2 - Listening and Speaking (Colocando Meu inglês em Prática)/Aula 12 - O futuro.mp4,Aula 12 - O futuro.mp4,1Lu480dGFbL4nsk2l4LiSSTe8xpFGDn1h,video/mp4,98536951,2023-12-24T23:55:16.000Z
CURSOS/CURSOS DE INGLÊS/⭐ Inglês em 12 Semanas - Andrei Toribio/2.Ingês em 12 Semanas 2.0/Fase 2 - Listening and Speaking (Colocando Meu inglês em Prática)/Aula 13 - O Passado.mp4,Aula 13 - O Passado.mp4,1vl4o1ISC0N9ywWX_1_Xm9kQbVNg4bAeo,video/mp4,78211030,2023-12-24T23:55:24.000Z
CURSOS/CURSOS DE INGLÊS/⭐ Inglês em 12 Semanas - Andrei Toribio/2.Ingês em 12 Semanas 2.0/Fase 2 - Listening and Speaking (Colocando Meu inglês em Prática)/Aula 14 - Verbos irregulares do passado.mp4,Aula 14 - Verbos irregulares do passado.mp4,1GElWEX45aQGOSnlXuBuIBgz0g65HbTQa,video/mp4,239967867,2023-12-24T23:55:24.000Z
CURSOS/CURSOS DE INGLÊS/⭐ Inglês em 12 Semanas - Andrei Toribio/2.Ingês em 12 Semanas 2.0/Fase 2 - Listening and Speaking (Colocando Meu inglês em Prática)/Aula 15 - Verbos modais.mp4,Aula 15 - Verbos modais.mp4,1cs08KkK3E2HLbKv5kJD4g4xiT9L3jMZL,video/mp4,504829251,2023-12-24T23:55:16.000Z
CURSOS/CURSOS DE INGLÊS/⭐ Inglês em 12 Semanas - Andrei Toribio/2.Ingês em 12 Semanas 2.0/Fase 2 - Listening and Speaking (Colocando Meu inglês em Prática)/Aula 2 - Listening.mp4,Aula 2 - Listening.mp4,1QPuKrGIHDH3IHJUd8OlYRu4FhMOl9AlM,video/mp4,116895775,2023-12-24T23:55:16.000Z
CURSOS/CURSOS DE INGLÊS/⭐ Inglês em 12 Semanas - Andrei Toribio/2.Ingês em 12 Semanas 2.0/Fase 2 - Listening and Speaking (Colocando Meu inglês em Prática)/Aula 3 - Tradução.mp4,Aula 3 - Tradução.mp4,1hgILisPB91afLdGUY1rPcbHlWmoqyKe-,video/mp4,48926684,2023-12-24T23:55:16.000Z
CURSOS/CURSOS DE INGLÊS/⭐ Inglês em 12 Semanas - Andrei Toribio/2.Ingês em 12 Semanas 2.0/Fase 2 - Listening and Speaking (Colocando Meu inglês em Prática)/Aula 4 - Aprender vendo séries.mp4,Aula 4 - Aprender vendo séries.mp4,1sDFN6qdqyWcJE-ImKrfQpkeMk0Mnk2Y7,video/mp4,97208637,2023-12-24T23:55:24.000Z
CURSOS/CURSOS DE INGLÊS/⭐ Inglês em 12 Semanas - Andrei Toribio/2.Ingês em 12 Semanas 2.0/Fase 2 - Listening and Speaking (Colocando Meu inglês em Prática)/Aula 5 - Treinando sem legenda.mp4,Aula 5 - Treinando sem legenda.mp4,1gh8UZCCzKCE3EXMLZy48do8Zkdn4-I_c,video/mp4,60326417,2023-12-24T23:55:24.000Z
CURSOS/CURSOS DE INGLÊS/⭐ Inglês em 12 Semanas - Andrei Toribio/2.Ingês em 12 Semanas 2.0/Fase 2 - Listening and Speaking (Colocando Meu inglês em Prática)/Aula 6 - Aprender ouvindo músicas.mp4,Aula 6 - Aprender ouvindo músicas.mp4,1KfD4phRA8ERXPFSTDDsFDW-oTeYLwLWE,video/mp4,39844287,2023-12-24T23:55:30.000Z
CURSOS/CURSOS DE INGLÊS/⭐ Inglês em 12 Semanas - Andrei Toribio/2.Ingês em 12 Semanas 2.0/Fase 2 - Listening and Speaking (Colocando Meu inglês em Prática)/Aula 7 - Aprender ouvindo Podcasts.mp4,Aula 7 - Aprender ouvindo Podcasts.mp4,1CKIpWREQp1k4kQd6A5xtbHhcGMIeLs29,video/mp4,98718727,2023-12-24T23:55:16.000Z
CURSOS/CURSOS DE INGLÊS/⭐ Inglês em 12 Semanas - Andrei Toribio/2.Ingês em 12 Semanas 2.0/Fase 2 - Listening and Speaking (Colocando Meu inglês em Prática)/Aula 8 - Speaking.mp4,Aula 8 - Speaking.mp4,1_4Tr3xfo-fboaQ1ylIvOedYx-SXHtpbA,video/mp4,116406455,2023-12-24T23:55:16.000Z
CURSOS/CURSOS DE INGLÊS/⭐ Inglês em 12 Semanas - Andrei Toribio/2.Ingês em 12 Semanas 2.0/Fase 2 - Listening and Speaking (Colocando Meu inglês em Prática)/Aula 9 - Falar sozinho.mp4,Aula 9 - Falar sozinho.mp4,1ePQFMVBJmZjCerz2IwgqJR63NO_kA5AA,video/mp4,103884169,2023-12-24T23:55:16.000Z
CURSOS/CURSOS DE INGLÊS/⭐ Inglês em 12 Semanas - Andrei Toribio/2.Ingês em 12 Semanas 2.0/Fase 3 - Full Immersion/Aula 1 - Conceito do sete mais ou menos dois.mp4,Aula 1 - Conceito do sete mais ou menos dois.mp4,1g9N9SmuVp5pY2YzjYLdMHVEZkbH2gYhO,video/mp4,335676540,2023-12-24T23:55:24.000Z
CURSOS/CURSOS DE INGLÊS/⭐ Inglês em 12 Semanas - Andrei Toribio/2.Ingês em 12 Semanas 2.0/Fase 3 - Full Immersion/Aula 2 - Full immersion.mp4,Aula 2 - Full immersion.mp4,1jr9Il9ZT31qSELn1hmFZsCvsKeWgSRpD,video/mp4,194092124,2023-12-24T23:55:16.000Z
CURSOS/CURSOS DE INGLÊS/⭐ Inglês em 12 Semanas - Andrei Toribio/2.Ingês em 12 Semanas 2.0/Fase 3 - Full Immersion/Aula 3 - Full immersion no Brasil.mp4,Aula 3 - Full immersion no Brasil.mp4,1ELeRiSfplUOXSE_ZVzNKN3O4ax29EJyf,video/mp4,195927737,2023-12-24T23:55:30.000Z
CURSOS/CURSOS DE INGLÊS/⭐ Inglês em 12 Semanas - Andrei Toribio/2.Ingês em 12 Semanas 2.0/Fase 4 - Pós Fluência (O Que posso fazer Agora que ja sou Fluente)/Aula 1 - Como funcionará a fase 4.mp4,Aula 1 - Como funcionará a fase 4.mp4,1f6UEksWy8Gk6_BGtdHQTkRWXLDgkhJBP,video/mp4,149527031,2023-12-24T23:55:30.000Z
CURSOS/CURSOS DE INGLÊS/⭐ Inglês em 12 Semanas - Andrei Toribio/2.Ingês em 12 Semanas 2.0/Fase 4 - Pós Fluência (O Que posso fazer Agora que ja sou Fluente)/Aula 2 - Ler em inglês.mp4,Aula 2 - Ler em inglês.mp4,1-WcwgO_02mf9KfeNJExCho1DsLzsNGcJ,video/mp4,158395668,2023-12-24T23:55:24.000Z
CURSOS/CURSOS DE INGLÊS/⭐ Inglês em 12 Semanas - Andrei Toribio/2.Ingês em 12 Semanas 2.0/Fase 4 - Pós Fluência (O Que posso fazer Agora que ja sou Fluente)/Aula 3 - Escrever.mp4,Aula 3 - Escrever.mp4,1jmV8dOxioosbMWrJzOSP74QGJaSYIRHO,video/mp4,126832440,2023-12-24T23:55:30.000Z
CURSOS/CURSOS DE INGLÊS/🎓 Curso de Inglês Junior Silveira 2.0/MODULO 1/Modulo 1 -Direitos e garantias  Curso de Inglês Junior Silveira/Hotmart Club - VÍDEO OBRIGATÓRIO - Transparência total - Curso de Inglês Junior Silveira.MP4,Hotmart Club - VÍDEO OBRIGATÓRIO - Transparência total - Curso de Inglês Junior Silveira.MP4,1iW09BRtvxiC4UaYoWNgC6pkDg5rjG95S,video/mp4,90795482,2024-01-23T22:25:54.000Z
CURSOS/CURSOS DE INGLÊS/🎓 Curso de Inglês Junior Silveira 2.0/MODULO 1/Módulo 2 -Introdução/Introdução do curso - Como estudar.MP4,Introdução do curso - Como estudar.MP4,17oHQnZy6UG1OcTrcoFmnzcSypG98xnK3,video/mp4,56685219,2024-01-23T22:50:58.000Z
CURSOS/CURSOS DE INGLÊS/🎓 Curso de Inglês Junior Silveira 2.0/MODULO 1/Módulo 2 -Introdução/Perfil do Aluno - O que eu preciso fazer.MP4,Perfil do Aluno - O que eu preciso fazer.MP4,1Bhik21kbp6qSQjrL7Vavu7zEW9UpaWJK,video/mp4,59428606,2024-01-23T22:36:30.000Z
CURSOS/CURSOS DE INGLÊS/🎓 Curso de Inglês Junior Silveira 2.0/MODULO 2/Aula 1 - What are you doing/Hotmart Club - Aula 1 - What are you doing-.MP4,Hotmart Club - Aula 1 - What are you doing-.MP4,1a7kHHrq0fQGBMKZelMitQ_Btp_gw4AOI,video/mp4,283740869,2024-01-23T22:56:22.000Z
CURSOS/CURSOS DE INGLÊS/🎓 Curso de Inglês Junior Silveira 2.0/MODULO 2/Aula 10 - There isn_t anything we can do/Aula 10 - There isn_t anything we can do.MP4,Aula 10 - There isn_t anything we can do.MP4,1M3pbkf_ikghCLD-7MpPBnrWYdnjquMfM,video/mp4,178372800,2024-01-23T22:55:48.000Z
CURSOS/CURSOS DE INGLÊS/🎓 Curso de Inglês Junior Silveira 2.0/MODULO 2/Aula 11 - Quais são os seus motivos/Aula 11 - Quais são os seus motivos.MP4,Aula 11 - Quais são os seus motivos.MP4,16aLWKij2uOtoAZR9_-b79AB6ZEHV2iDr,video/mp4,112950413,2024-01-23T22:55:52.000Z
CURSOS/CURSOS DE INGLÊS/🎓 Curso de Inglês Junior Silveira 2.0/MODULO 2/Aula 12 - Mente de campeão/Hotmart Club - ​Aula 12 - Mente de campeão.MP4,Hotmart Club - ​Aula 12 - Mente de campeão.MP4,1i4tQYbfbZye4N8yXI_rA3cLQ7cwLoZSz,video/mp4,117558665,2024-01-23T22:55:40.000Z
CURSOS/CURSOS DE INGLÊS/🎓 Curso de Inglês Junior Silveira 2.0/MODULO 2/Aula 13 - Review (Aulas 1 a 12)/Hotmart Club - Aula 13 - Review (Aulas 1 a 12).MP4,Hotmart Club - Aula 13 - Review (Aulas 1 a 12).MP4,1cw-WfbnxMyXeGfnG_8aE8pgNt6iDiANa,video/mp4,55866058,2024-01-23T22:54:22.000Z
CURSOS/CURSOS DE INGLÊS/🎓 Curso de Inglês Junior Silveira 2.0/MODULO 2/Aula 14 - Evaluation - Midterm/Hotmart Club - Aula 14 - Evaluation - Midterm.MP4,Hotmart Club - Aula 14 - Evaluation - Midterm.MP4,1MvGPcGIIxBPdFLbhTjnAmWDazVKRfOpz,video/mp4,18276563,2024-01-23T21:33:56.000Z
CURSOS/CURSOS DE INGLÊS/🎓 Curso de Inglês Junior Silveira 2.0/MODULO 2/Aula 15 - Where is the building/Hotmart Club - Aula 15 - Where is the building-.MP4,Hotmart Club - Aula 15 - Where is the building-.MP4,1UsneCP8KHA8MAwB124IRWOWsUzXXiypP,video/mp4,213403570,2024-01-23T22:54:08.000Z
CURSOS/CURSOS DE INGLÊS/🎓 Curso de Inglês Junior Silveira 2.0/MODULO 2/Aula 16 - Keep going along/Aula 16 - Keep going along.MP4,Aula 16 - Keep going along.MP4,15zuSahDRH0g1EP3wPqDLKl4XfAJhUZyv,video/mp4,175233805,2024-01-23T22:54:46.000Z
CURSOS/CURSOS DE INGLÊS/🎓 Curso de Inglês Junior Silveira 2.0/MODULO 2/Aula 17 - What did Olivia use to do/Aula 17 - What did Olivia use to do.MP4,Aula 17 - What did Olivia use to do.MP4,1IboT6jDg8ppQOl0eH064MfT05psHzFez,video/mp4,196134231,2024-01-23T22:53:02.000Z
CURSOS/CURSOS DE INGLÊS/🎓 Curso de Inglês Junior Silveira 2.0/MODULO 2/Aula 18 - I_m used to playing volleyball/Hotmart Club - Aula 18 - I_m used to playing volleyball.MP4,Hotmart Club - Aula 18 - I_m used to playing volleyball.MP4,1kFZbtzjSiyLbjLiyl00b1poMs_Ibw4Bd,video/mp4,199723874,2024-01-23T22:55:18.000Z
CURSOS/CURSOS DE INGLÊS/🎓 Curso de Inglês Junior Silveira 2.0/MODULO 2/Aula 19 - What are they supposed to do/Aula 19 - What are they supposed to do.MP4,Aula 19 - What are they supposed to do.MP4,1W6KUChK3xd4d57W3SH0pvZvDKMgYcKii,video/mp4,186795721,2024-01-23T22:55:44.000Z
CURSOS/CURSOS DE INGLÊS/🎓 Curso de Inglês Junior Silveira 2.0/MODULO 2/Aula 2 - I_m not doing anything/Hotmart Club - Aula 2 - I_m not doing anything_2.MP4,Hotmart Club - Aula 2 - I_m not doing anything_2.MP4,1WGc_aeLJA3wWm5BL30TqobP_92IpewP2,video/mp4,167182379,2024-01-23T22:53:28.000Z
CURSOS/CURSOS DE INGLÊS/🎓 Curso de Inglês Junior Silveira 2.0/MODULO 2/Aula 20 - Im able to do this/Aula 20 - I_m able to do this.MP4,Aula 20 - I_m able to do this.MP4,1YQ5NvLN4334VPPuqMdMTOVNK9nFKMpgX,video/mp4,163744191,2024-01-23T22:55:06.000Z
CURSOS/CURSOS DE INGLÊS/🎓 Curso de Inglês Junior Silveira 2.0/MODULO 2/Aula 21 - May I Help you/May I help you.MP4,May I help you.MP4,1R4_Bp5eZ2E7HD06LzEwk7huSz53RZS78,video/mp4,297012843,2024-01-23T22:54:46.000Z
CURSOS/CURSOS DE INGLÊS/🎓 Curso de Inglês Junior Silveira 2.0/MODULO 2/Aula 22 - I cant play volleyball very well/Aula 22 - I can_t play volleyball very well.MP4,Aula 22 - I can_t play volleyball very well.MP4,1xkGNTd6mKZA7Ga6a17FE-0N-kY6AbM6W,video/mp4,223422196,2024-01-23T22:55:22.000Z
CURSOS/CURSOS DE INGLÊS/🎓 Curso de Inglês Junior Silveira 2.0/MODULO 2/Aula 23 - How should we celebrate/Aula 23 - How should we celebrate.MP4,Aula 23 - How should we celebrate.MP4,1-iklJmGDdOH5MbQVE-xwbVKo14FKTh2m,video/mp4,227932414,2024-01-23T22:55:30.000Z
CURSOS/CURSOS DE INGLÊS/🎓 Curso de Inglês Junior Silveira 2.0/MODULO 2/Aula 24 - We should throw a party/Aula 24 - We should throw a party.MP4,Aula 24 - We should throw a party.MP4,1Aecqe14SsfFF39_LGXjnL8mKcA-14njT,video/mp4,287452511,2024-01-23T22:54:22.000Z
CURSOS/CURSOS DE INGLÊS/🎓 Curso de Inglês Junior Silveira 2.0/MODULO 2/Aula 25 - Review 2/Aula 25 - Review 2.MP4,Aula 25 - Review 2.MP4,1ilRLJbvGmTfN_S6roY4F-IO6yS09yWz8,video/mp4,86201472,2024-01-23T22:30:40.000Z
CURSOS/CURSOS DE INGLÊS/🎓 Curso de Inglês Junior Silveira 2.0/MODULO 2/Aula 26 - Special Class - Music Class/Aula 26 - Special Class - Music Class.MP4,Aula 26 - Special Class - Music Class.MP4,1uMB_hGHbXKWko9a_prAUaPfL7Qh59FHN,video/mp4,456404040,2024-01-23T22:55:30.000Z
CURSOS/CURSOS DE INGLÊS/🎓 Curso de Inglês Junior Silveira 2.0/MODULO 2/Aula 27 - Italian man who went to Malta/Aula 27 - Italian man who went to Malta.MP4,Aula 27 - Italian man who went to Malta.MP4,1nL0obI43bwq2I6n0Mfz4hN6tZGL7Walj,video/mp4,197041263,2024-01-23T22:54:22.000Z
CURSOS/CURSOS DE INGLÊS/🎓 Curso de Inglês Junior Silveira 2.0/MODULO 2/Aula 28 - Would there be any suggestions/Aula 28 - Would there be any suggestions.MP4,Aula 28 - Would there be any suggestions.MP4,10BcY51V31vwToGSOJCAUgabvNVALaL8s,video/mp4,296562522,2024-01-23T22:56:22.000Z
CURSOS/CURSOS DE INGLÊS/🎓 Curso de Inglês Junior Silveira 2.0/MODULO 2/Aula 29 - It might be you/Hotmart Club - Aula 29 - It might be you.MP4,Hotmart Club - Aula 29 - It might be you.MP4,1_rRQc_28TiVdOU9GmPhW_meoSBAHq588,video/mp4,192554852,2024-01-23T22:55:40.000Z
CURSOS/CURSOS DE INGLÊS/🎓 Curso de Inglês Junior Silveira 2.0/MODULO 2/Aula 3 - Where do you go/Hotmart Club - Aula 3 - Where do you go-.MP4,Hotmart Club - Aula 3 - Where do you go-.MP4,1frzAca2fB01o4Z2i9I783vR5jrOmvpkB,video/mp4,223338848,2024-01-23T22:55:22.000Z
CURSOS/CURSOS DE INGLÊS/🎓 Curso de Inglês Junior Silveira 2.0/MODULO 2/Aula 30 - Final Review (Part 1)/Hotmart Club - Aula 30 - Final Review (Part 1).MP4,Hotmart Club - Aula 30 - Final Review (Part 1).MP4,1NcqWsDRD2K0pW-qeFGgSBmnsdib_6w7x,video/mp4,79245063,2024-01-23T22:30:56.000Z
CURSOS/CURSOS DE INGLÊS/🎓 Curso de Inglês Junior Silveira 2.0/MODULO 2/Aula 31 - Final Review (Part 2)/Hotmart Club - Aula 31 - Final Review (Part 2).MP4,Hotmart Club - Aula 31 - Final Review (Part 2).MP4,1THlywg9oWDkAODXRZtQTvx-GA84idcNt,video/mp4,64237541,2024-01-23T22:48:32.000Z
CURSOS/CURSOS DE INGLÊS/🎓 Curso de Inglês Junior Silveira 2.0/MODULO 2/Aula 32 - Final Evaluation/Aula 32 - Final Evaluation.MP4,Aula 32 - Final Evaluation.MP4,1dnpMRoWOQEovifKcVqtk_5ZiY3BFMFR2,video/mp4,44176452,2024-01-23T22:35:32.000Z
CURSOS/CURSOS DE INGLÊS/🎓 Curso de Inglês Junior Silveira 2.0/MODULO 2/Aula 33 - Avaliação Comentada/Aula 33 - Avaliação Comentada.MP4,Aula 33 - Avaliação Comentada.MP4,15lV7xtqPSmpdPEi2uaI7RWUzDfF9O28P,video/mp4,171775881,2024-01-23T22:44:46.000Z
CURSOS/CURSOS DE INGLÊS/🎓 Curso de Inglês Junior Silveira 2.0/MODULO 2/Aula 34 - Second Chance/Aula 34 - Second Chance.MP4,Aula 34 - Second Chance.MP4,1-_e1oTMiGJ1PXp6p-J2aSGfht2HSu4s8,video/mp4,38432976,2024-01-23T22:22:36.000Z
CURSOS/CURSOS DE INGLÊS/🎓 Curso de Inglês Junior Silveira 2.0/MODULO 2/Aula 4 - Action or passion/Hotmart Club - Aula 4 - Action or passion-.MP4,Hotmart Club - Aula 4 - Action or passion-.MP4,1Wu2URKmJhgDRpQLLi-f6baI11L2LfhES,video/mp4,182731251,2024-01-23T22:55:00.000Z
CURSOS/CURSOS DE INGLÊS/🎓 Curso de Inglês Junior Silveira 2.0/MODULO 2/Aula 5 - What was Olivia starting/Hotmart Club - Aula 5 - What was Olivia starting-.MP4,Hotmart Club - Aula 5 - What was Olivia starting-.MP4,1Ziw5DsSxjs95pTIvgRn0sBPEhR_tNdOq,video/mp4,209049812,2024-01-23T22:55:48.000Z
CURSOS/CURSOS DE INGLÊS/🎓 Curso de Inglês Junior Silveira 2.0/MODULO 2/Aula 6 - What was he doing/Hotmart Club - Aula 6 - What was he doing.MP4,Hotmart Club - Aula 6 - What was he doing.MP4,1rpyQb3_CLUzPS03nP8EYoXuoKId-m2mM,video/mp4,151314586,2024-01-23T22:56:22.000Z
CURSOS/CURSOS DE INGLÊS/🎓 Curso de Inglês Junior Silveira 2.0/MODULO 2/Aula 7 - So many tasks/Hotmart Club - Aula 7 - So many tasks!.MP4,Hotmart Club - Aula 7 - So many tasks!.MP4,1Nn_GXk8NerNg5P_7SIRhm_ffvfsdUBKh,video/mp4,190547269,2024-01-23T22:55:40.000Z
CURSOS/CURSOS DE INGLÊS/🎓 Curso de Inglês Junior Silveira 2.0/MODULO 2/Aula 8 - My Busy Day/Hotmart Club - Aula 8 - My Busy Day!.MP4,Hotmart Club - Aula 8 - My Busy Day!.MP4,1EKEq_gw8r4cJPn9wTNjt-uB-T1Cwgs9a,video/mp4,121550233,2024-01-23T22:54:36.000Z
CURSOS/CURSOS DE INGLÊS/🎓 Curso de Inglês Junior Silveira 2.0/MODULO 2/Aula 9 - What is there to eat/Hotmart Club - Aula 9 - What is there to eat-.MP4,Hotmart Club - Aula 9 - What is there to eat-.MP4,1wNSUjLj1FC0E6e7-GW5iKKvu0pt1WRwZ,video/mp4,204862417,2024-01-23T22:54:40.000Z
CURSOS/CURSOS DE INGLÊS/🎓 Curso de Inglês Junior Silveira 2.0/MODULO 2/Aula Extra - Top 10 business rivalries/Aula Extra - Top 10 business rivalries.MP4,Aula Extra - Top 10 business rivalries.MP4,1kRnL42zt2Her9y20qDY5cbfMe3g5GSI9,video/mp4,55621445,2024-01-23T22:55:52.000Z
CURSOS/CURSOS DE INGLÊS/🎓 Curso de Inglês Junior Silveira 2.0/MODULO 2/Extra Class 1 - Present Continuous/Hotmart Club - Extra Class 1 - Present Continuous.MP4,Hotmart Club - Extra Class 1 - Present Continuous.MP4,1dkUq0F4FH2rAFTB_kUAUpwgFig4VhcF8,video/mp4,170997601,2024-01-23T22:53:36.000Z
CURSOS/CURSOS DE INGLÊS/🎓 Curso de Inglês Junior Silveira 2.0/MODULO 2/Extra Class 2 - Past Continuous/Hotmart Club - Extra Class 2 - Past Continuous.MP4,Hotmart Club - Extra Class 2 - Past Continuous.MP4,1cgK_ZiRQLPqRqFamqazOAYhGUnsCcmUp,video/mp4,118704859,2024-01-23T22:50:20.000Z
CURSOS/CURSOS DE INGLÊS/🎓 Curso de Inglês Junior Silveira 2.0/MODULO 2/Think Fast 1/Hotmart Club - Think Fast 1.MP4,Hotmart Club - Think Fast 1.MP4,1xYf7wqsv1r50GJKnqxovI_vHC9Uwn95W,video/mp4,17676818,2024-01-23T22:13:24.000Z
CURSOS/CURSOS DE INGLÊS/🎓 Curso de Inglês Junior Silveira 2.0/MODULO 2/Think Fast 2/Think Fast 2.MP4,Think Fast 2.MP4,1kowUtcyYg7RMRwAc_u18-lExnoPRdH64,video/mp4,16862346,2024-01-23T21:26:08.000Z
CURSOS/CURSOS DE INGLÊS/🎓 Curso de Inglês Junior Silveira 2.0/MODULO 2/Think Fast 3/Hotmart Club - Think Fast 3.MP4,Hotmart Club - Think Fast 3.MP4,1azMQGkiNMamd3K5b2TxQP_ZESpH8XXa7,video/mp4,29305294,2024-01-23T22:55:06.000Z
CURSOS/CURSOS DE INGLÊS/🎓 Curso de Inglês Junior Silveira 2.0/MODULO 2/Think Fast 4/Think Fast 4.MP4,Think Fast 4.MP4,1PcFvIQ6fT4tfFwpOcyJYYz9XlsnpYcmP,video/mp4,44013296,2024-01-23T22:34:26.000Z
CURSOS/CURSOS DE INGLÊS/🎓 Curso de Inglês Junior Silveira 2.0/MODULO 2/Think Fast 5/Think Fast 5.MP4,Think Fast 5.MP4,1jJRYzEPPNskKKlKaZvW-Phd0RsH1RdPn,video/mp4,44012732,2024-01-23T22:47:26.000Z
CURSOS/CURSOS DE INGLÊS/🎓 Curso de Inglês Junior Silveira 2.0/MODULO 3/Modulo 3 material/Modulo 3/Aula9How to Study Effectively for School or College - Top 6 Science-Based Study Skills - YouTube/How to Study Effectively for School or College - Top 6 Science-Based Study Skills - YouTube.MP4,How to Study Effectively for School or College - Top 6 Science-Based Study Skills - YouTube.MP4,1ezbqOenW2Z0klqf6DxXOIRL5XU0UOaoJ,video/mp4,23919228,2024-01-23T22:54:24.000Z
CURSOS/CURSOS DE INGLÊS/🎓 Ingles do Jerry 3.0/1. COMECE POR AQUI/1. Bem vindos/Bem vindos!.mp4,Bem vindos!.mp4,19UdPCo5ScM5UozHMu8MqzN_KLj3x2KAd,video/mp4,8485961,2024-01-23T21:47:10.000Z
CURSOS/CURSOS DE INGLÊS/🎓 Ingles do Jerry 3.0/1. COMECE POR AQUI/3. Se inspire em quem conseguiu/1. ext.mp4,1. ext.mp4,18IrYL2dxr24ZCZF5ra6eOspfsq73zgHC,video/mp4,26491933,2024-01-23T21:15:58.000Z
CURSOS/CURSOS DE INGLÊS/🎓 Ingles do Jerry 3.0/1. COMECE POR AQUI/3. Se inspire em quem conseguiu/2. ext.mp4,2. ext.mp4,1dG3Tj0LySy7ihyWPEQIwlJR6xBuwU7Ik,video/mp4,8299928,2024-01-23T21:13:50.000Z
CURSOS/CURSOS DE INGLÊS/🎓 Ingles do Jerry 3.0/10. Módulo 9/1. Aula 01- Presente interrogativo/1. parte.mp4,1. parte.mp4,19_Ejsndf2GSHb6kJkiQu1uJqyCJYFDlq,video/mp4,72430449,2024-01-23T21:15:38.000Z
"CURSOS/CURSOS DE INGLÊS/🎓 Ingles do Jerry 3.0/10. Módulo 9/2. Aula 02- Will, Would, May e Might/1. parte.mp4",1. parte.mp4,1dgsQSy7ajKvlyTdEB8BkrkTTOTJt9f93,video/mp4,63060220,2024-01-23T21:16:14.000Z
CURSOS/CURSOS DE INGLÊS/🎓 Ingles do Jerry 3.0/10. Módulo 9/3. Aula 03- Palavras interrogativas/1. parte.mp4,1. parte.mp4,1U3swsT2_Agnig_LejFLAs-4lLhOiIVvo,video/mp4,99851281,2024-01-23T21:16:16.000Z
CURSOS/CURSOS DE INGLÊS/🎓 Ingles do Jerry 3.0/10. Módulo 9/4. Aula 04- Palavras interrogativas/1. parte.mp4,1. parte.mp4,1waM7rzpIot04oDwnx6VkSJxDVVR9BzI-,video/mp4,78486001,2024-01-23T21:16:06.000Z
CURSOS/CURSOS DE INGLÊS/🎓 Ingles do Jerry 3.0/10. Módulo 9/5. Exercícios do módulo/1. parte.mov,1. parte.mov,1Uhpzo20VOc8itFSoSFT9JzwoblrPqH7u,video/quicktime,10618962,2024-01-23T21:11:36.000Z
CURSOS/CURSOS DE INGLÊS/🎓 Ingles do Jerry 3.0/11. Módulo 10/1. Aula 01- combinação verbal/1. parte.mp4,1. parte.mp4,1hrsBLsjfklt47Kym_xR53hL_6SiTe0Nm,video/mp4,150537851,2024-01-23T21:16:24.000Z
CURSOS/CURSOS DE INGLÊS/🎓 Ingles do Jerry 3.0/11. Módulo 10/2. Aula 02 - Parte 01- Preposições/1. parte.mp4,1. parte.mp4,1Yk1NxoyS7gq6gHyrNJ4TO245N07ap2J9,video/mp4,81281287,2024-01-23T21:16:16.000Z
CURSOS/CURSOS DE INGLÊS/🎓 Ingles do Jerry 3.0/11. Módulo 10/3. Aula 02 - Parte 02/1. parte.mp4,1. parte.mp4,1z-a0FL59_dVDykfilikXtNGi1clhFMWC,video/mp4,78281694,2024-01-23T21:25:24.000Z
CURSOS/CURSOS DE INGLÊS/🎓 Ingles do Jerry 3.0/11. Módulo 10/4. Aula 3- sistema verbal/1. parte.mp4,1. parte.mp4,1uMZ8K5a-8MNdrGE-EOQtE8FKqrNxKltb,video/mp4,112526925,2024-01-23T21:16:16.000Z
CURSOS/CURSOS DE INGLÊS/🎓 Ingles do Jerry 3.0/11. Módulo 10/4. Aula 3- sistema verbal/2. parte.mp4,2. parte.mp4,1FwV19IqYyCgiqH5x8FGlkIcs18RlCMHW,video/mp4,24005455,2024-05-08T20:35:04.000Z
CURSOS/CURSOS DE INGLÊS/🎓 Ingles do Jerry 3.0/11. Módulo 10/5. Exercícios do módulo/1. parte.mov,1. parte.mov,1yDff8Vjys9leaLiFvFECxxX5vtQmJSu_,video/quicktime,7595653,2024-01-23T21:24:52.000Z
CURSOS/CURSOS DE INGLÊS/🎓 Ingles do Jerry 3.0/12. Módulo 11/1. Aula 01parte1/1. parte.mp4,1. parte.mp4,1kQ8emp3XljroK80l08DDr4gqRif0I4Ol,video/mp4,73795724,2024-01-23T21:16:06.000Z
CURSOS/CURSOS DE INGLÊS/🎓 Ingles do Jerry 3.0/12. Módulo 11/2. Aula 01parte2/1. parte.mp4,1. parte.mp4,1UY5_MbYDpAz3RFRWsHqqHT3HxN5XPZtV,video/mp4,79274315,2024-01-23T21:16:16.000Z
CURSOS/CURSOS DE INGLÊS/🎓 Ingles do Jerry 3.0/12. Módulo 11/3. Aula 02 - Parte 01/1. parte.mp4,1. parte.mp4,1X3GLEfwGyxtBR6nMybbaZ1YuZlhUIYX4,video/mp4,57531731,2024-01-23T21:15:54.000Z
CURSOS/CURSOS DE INGLÊS/🎓 Ingles do Jerry 3.0/12. Módulo 11/4. Aula 02 - Parte 02/1. parte.mp4,1. parte.mp4,1QhAUe9Cuqas5awPMPqoRffXOdfQM2RdF,video/mp4,69696897,2024-01-23T21:16:10.000Z
CURSOS/CURSOS DE INGLÊS/🎓 Ingles do Jerry 3.0/12. Módulo 11/5. Aula 02 - Parte 03/1. parte.mp4,1. parte.mp4,1fTP2i43kRi5frVEHaQ8ktcvKSrwDZds5,video/mp4,72991706,2024-01-23T21:16:16.000Z
CURSOS/CURSOS DE INGLÊS/🎓 Ingles do Jerry 3.0/12. Módulo 11/6. Aula 02 - Parte 04/1. parte.mp4,1. parte.mp4,1oKlx8igNPUPRW1Su46JGn3d3Fk-CBPj7,video/mp4,73626882,2024-01-23T21:16:14.000Z
CURSOS/CURSOS DE INGLÊS/🎓 Ingles do Jerry 3.0/12. Módulo 11/7. Aula 02 - Parte 05/1. parte.mp4,1. parte.mp4,15RhTNmtGN3KspgscGV-kEAUHy97tms5y,video/mp4,101651403,2024-01-23T21:16:12.000Z
CURSOS/CURSOS DE INGLÊS/🎓 Ingles do Jerry 3.0/12. Módulo 11/8. Exercício 1/1. parte.mp4,1. parte.mp4,1OZlnOboMZl-aWbBix7opRLJfFY1kHUoe,video/mp4,11184657,2024-01-23T21:14:06.000Z
CURSOS/CURSOS DE INGLÊS/🎓 Ingles do Jerry 3.0/13. Inglês para Viagem/2. Do aeroporto ao hotel/1. ext.mp4,1. ext.mp4,1HRl_gbJ01o79QkxnwtQ-aR6rO6do3cYI,video/mp4,35308635,2024-01-23T21:15:30.000Z
CURSOS/CURSOS DE INGLÊS/🎓 Ingles do Jerry 3.0/13. Inglês para Viagem/2. Do aeroporto ao hotel/2. ext.mp4,2. ext.mp4,1dccc3HXUB3cXI_BeTSgglykSg22Aaj-x,video/mp4,21535568,2024-01-23T21:16:16.000Z
CURSOS/CURSOS DE INGLÊS/🎓 Ingles do Jerry 3.0/13. Inglês para Viagem/2. Do aeroporto ao hotel/3. ext.mp4,3. ext.mp4,15vA3zH7V5CSsBRrEfcP8NoUA5Y1C8hO5,video/mp4,28983993,2024-01-23T21:47:26.000Z
CURSOS/CURSOS DE INGLÊS/🎓 Ingles do Jerry 3.0/13. Inglês para Viagem/2. Do aeroporto ao hotel/4. ext.mp4,4. ext.mp4,10vGzn0bGp8aYuf2IE_04nVZCxw0nYaIo,video/mp4,29275368,2024-01-23T21:16:10.000Z
CURSOS/CURSOS DE INGLÊS/🎓 Ingles do Jerry 3.0/13. Inglês para Viagem/2. Do aeroporto ao hotel/5. ext.mp4,5. ext.mp4,1ta8HkdWHyTn57EvalR96idE1T0qG99Bu,video/mp4,45451432,2024-01-23T21:15:44.000Z
CURSOS/CURSOS DE INGLÊS/🎓 Ingles do Jerry 3.0/13. Inglês para Viagem/2. Do aeroporto ao hotel/6. ext.mp4,6. ext.mp4,1lykQYo8XXPDWeQcoddAElZWV4eWJGtDb,video/mp4,57912705,2024-01-23T21:16:12.000Z
CURSOS/CURSOS DE INGLÊS/🎓 Ingles do Jerry 3.0/13. Inglês para Viagem/2. Do aeroporto ao hotel/7. ext.mp4,7. ext.mp4,1gpbcd9XJ2Nt7AUw1ZJ-OC8ZbjMpvvmF-,video/mp4,61872589,2024-01-23T21:49:14.000Z
CURSOS/CURSOS DE INGLÊS/🎓 Ingles do Jerry 3.0/13. Inglês para Viagem/2. Do aeroporto ao hotel/8. ext.mp4,8. ext.mp4,1Xq40_KcWdrTpV9xUa5rB16k0LVdFgpn8,video/mp4,93260031,2024-01-23T21:48:22.000Z
CURSOS/CURSOS DE INGLÊS/🎓 Ingles do Jerry 3.0/13. Inglês para Viagem/3. Disneyland/1. ext.mp4,1. ext.mp4,1Zm4MRCXdleOK1XxHBfbR4fVpg_27cUby,video/mp4,33683492,2024-01-23T21:16:16.000Z
CURSOS/CURSOS DE INGLÊS/🎓 Ingles do Jerry 3.0/13. Inglês para Viagem/3. Disneyland/2. ext.mp4,2. ext.mp4,1_kKyLLFICqMnYkePLGDcVhgVRBwbLx9R,video/mp4,13817931,2024-01-23T21:46:48.000Z
CURSOS/CURSOS DE INGLÊS/🎓 Ingles do Jerry 3.0/15. Aprendendo com músicas/10. Daft Punk - Get Lucky/1. ext.mp4,1. ext.mp4,1LxAdFTJ202gt4oLxBIxmVPpJcIpxn2t-,video/mp4,12470887,2024-01-23T21:46:32.000Z
CURSOS/CURSOS DE INGLÊS/🎓 Ingles do Jerry 3.0/15. Aprendendo com músicas/11. Ed Sheeran - Photograph/1. ext.mp4,1. ext.mp4,1AorOT7eLJjQBOxpsWC_5LJRpR49CeljC,video/mp4,69519712,2024-01-23T21:48:06.000Z
CURSOS/CURSOS DE INGLÊS/🎓 Ingles do Jerry 3.0/15. Aprendendo com músicas/12. Ellie Goulding - Love Me Like You Do/1. ext.mp4,1. ext.mp4,1_khaP5WItY-jzd_YrqsVXouMhBmiw61r,video/mp4,25803286,2024-01-23T21:15:44.000Z
CURSOS/CURSOS DE INGLÊS/🎓 Ingles do Jerry 3.0/15. Aprendendo com músicas/13. Elvis Presley - Can_t Help Falling In Love/1. ext.mp4,1. ext.mp4,1lLv_wbWRDgmuT6KYYA5ZLnzUuf8AhhHQ,video/mp4,6630331,2024-01-23T21:13:58.000Z
CURSOS/CURSOS DE INGLÊS/🎓 Ingles do Jerry 3.0/15. Aprendendo com músicas/14. Fall Out Boy - Immortals/1. ext.mp4,1. ext.mp4,1YuWXZ-AMmY-eOhhT-i8GhznOpWIhZGpx,video/mp4,12635772,2024-01-23T21:15:58.000Z
CURSOS/CURSOS DE INGLÊS/🎓 Ingles do Jerry 3.0/15. Aprendendo com músicas/15. Frank Sinatra - My Way/1. ext.mp4,1. ext.mp4,1mmOYSC8lZ73O5A1mfdAy6ZuVXuI3msLY,video/mp4,18747946,2024-01-23T21:16:12.000Z
CURSOS/CURSOS DE INGLÊS/🎓 Ingles do Jerry 3.0/15. Aprendendo com músicas/16. Florence + The Machine - Dog Days Are Over/1. ext.mp4,1. ext.mp4,1hzcWF7coMIg0_fzcaPy4htfYdOpvkhwB,video/mp4,13915422,2024-01-23T21:15:42.000Z
CURSOS/CURSOS DE INGLÊS/🎓 Ingles do Jerry 3.0/15. Aprendendo com músicas/17. Gotye - Somebody That I Used To Know/1. ext.mp4,1. ext.mp4,1TxJhd1GQtFgKzxV80JOH2Ep7dJtj9YGk,video/mp4,37641090,2024-01-23T21:16:06.000Z
CURSOS/CURSOS DE INGLÊS/🎓 Ingles do Jerry 3.0/15. Aprendendo com músicas/18. Israel Kamakawiwo_Ole- Somewhere Over the Rainbow/1. ext.mp4,1. ext.mp4,10AlKeOuA7fqr_oOUppZexK14TKq-v0Ip,video/mp4,14252830,2024-01-23T21:16:08.000Z
CURSOS/CURSOS DE INGLÊS/🎓 Ingles do Jerry 3.0/15. Aprendendo com músicas/2. 4 Non Blondes - What_s Up/1. ext.mp4,1. ext.mp4,1INFkzczmd7YNh8pFPGtM-_UxEXJXcS9Z,video/mp4,87964993,2024-01-23T21:48:18.000Z
CURSOS/CURSOS DE INGLÊS/🎓 Ingles do Jerry 3.0/15. Aprendendo com músicas/20. Justin Bieber - Sorry/1. ext.mp4,1. ext.mp4,1h3eziIKU_nl0LNnkA300Ql9Rhc2vanDQ,video/mp4,21476593,2024-01-23T21:16:14.000Z
CURSOS/CURSOS DE INGLÊS/🎓 Ingles do Jerry 3.0/15. Aprendendo com músicas/22. Katy Perry - Part Of Me/1. ext.mp4,1. ext.mp4,1B5rLSaQFpxjFPOQqIbFs5vUZ7LsmoR2Y,video/mp4,30670455,2024-01-23T21:15:26.000Z
"CURSOS/CURSOS DE INGLÊS/🎓 Ingles do Jerry 3.0/15. Aprendendo com músicas/23. Lady Gaga, Bradley Cooper - Shallow/1. ext.mp4",1. ext.mp4,10vdhzTQAobPKImWvN4KWNK6_XCylEQgu,video/mp4,60895079,2024-01-23T21:15:52.000Z
CURSOS/CURSOS DE INGLÊS/🎓 Ingles do Jerry 3.0/15. Aprendendo com músicas/25. Lorde - Royals/1. ext.mp4,1. ext.mp4,1z7y9Scs6NRgmyfOuKBIItQ_15hRi1rPJ,video/mp4,31317185,2024-01-23T21:15:56.000Z
CURSOS/CURSOS DE INGLÊS/🎓 Ingles do Jerry 3.0/15. Aprendendo com músicas/26. Mariah Carey - Hero/1. ext.mp4,1. ext.mp4,1rCQhnUj9NfTaWwKE6ehY_7wE6Iey3vtA,video/mp4,40346360,2024-01-23T21:14:24.000Z
CURSOS/CURSOS DE INGLÊS/🎓 Ingles do Jerry 3.0/15. Aprendendo com músicas/27. Maroon 5 - Sugar/1. ext.mp4,1. ext.mp4,1_pdexK7eGrZtPmggOjfxPzxv27dlxHP7,video/mp4,105015737,2024-01-23T21:15:52.000Z
CURSOS/CURSOS DE INGLÊS/🎓 Ingles do Jerry 3.0/15. Aprendendo com músicas/28. Michael Jackson - Loving you/1. ext.mp4,1. ext.mp4,1Ur2MsGvs3vFqSYPK9ch-S0TVfvKjUnSO,video/mp4,9769375,2024-01-23T21:16:04.000Z
CURSOS/CURSOS DE INGLÊS/🎓 Ingles do Jerry 3.0/15. Aprendendo com músicas/29. One Direction - Steal My Girl/1. ext.mp4,1. ext.mp4,1trdNYirFI4Gs-JtXfGm0vAp4mUBJd26X,video/mp4,9596782,2024-01-23T21:14:28.000Z
CURSOS/CURSOS DE INGLÊS/🎓 Ingles do Jerry 3.0/15. Aprendendo com músicas/3. Arctic Monkeys- Do I Wanna Know/1. ext.mp4,1. ext.mp4,1SpVjtB5YZakTgNnut3NPkyRQcUVL5tsc,video/mp4,39062424,2024-01-23T21:16:18.000Z
CURSOS/CURSOS DE INGLÊS/🎓 Ingles do Jerry 3.0/15. Aprendendo com músicas/30. OneRepublic - Counting Stars/1. ext.mp4,1. ext.mp4,1mJV8FW2ZSW_WFpNRpj9HsPrgNYwqS7eM,video/mp4,51699061,2024-01-23T21:16:10.000Z
CURSOS/CURSOS DE INGLÊS/🎓 Ingles do Jerry 3.0/15. Aprendendo com músicas/31. Passenger- Let Her Go/1. ext.mp4,1. ext.mp4,1A3Pom0jR5DfCcvc_C57J2fQxTdzSIChv,video/mp4,44767457,2024-01-23T21:16:02.000Z
CURSOS/CURSOS DE INGLÊS/🎓 Ingles do Jerry 3.0/15. Aprendendo com músicas/32. Pharrell Williams - Happy/1. ext.mp4,1. ext.mp4,1nGNat23Taf6588Plyzsvarw2JM2l9K9f,video/mp4,18080686,2024-01-23T21:16:18.000Z
CURSOS/CURSOS DE INGLÊS/🎓 Ingles do Jerry 3.0/15. Aprendendo com músicas/33. Rihanna ft Calvin Harris - We found Love/1. ext.mp4,1. ext.mp4,1YTkZ6YuVGT2KLuHgbz48z1hhETBmj71n,video/mp4,15200163,2024-01-23T21:16:12.000Z
CURSOS/CURSOS DE INGLÊS/🎓 Ingles do Jerry 3.0/15. Aprendendo com músicas/34. Taylor Swift - Style/1. ext.mp4,1. ext.mp4,1QrPbK6CTyPby0MxsHeKmY35ljhwiuIDS,video/mp4,9739353,2024-01-23T21:15:04.000Z
CURSOS/CURSOS DE INGLÊS/🎓 Ingles do Jerry 3.0/15. Aprendendo com músicas/35. The ABC Song/1. ext.mp4,1. ext.mp4,1RkNHr4d18XdCDnRv4rLsuhowlfvWvtkR,video/mp4,19278376,2024-01-23T21:16:20.000Z
CURSOS/CURSOS DE INGLÊS/🎓 Ingles do Jerry 3.0/15. Aprendendo com músicas/36. The Weeknd - Earned It/1. ext.mp4,1. ext.mp4,1ApIzxoR66ME2Sr4bCe2eRkXNV4K1_qTf,video/mp4,5785871,2024-01-23T21:14:06.000Z
CURSOS/CURSOS DE INGLÊS/🎓 Ingles do Jerry 3.0/15. Aprendendo com músicas/37. Tiago Iorc - Nothing But a Song/1. ext.mp4,1. ext.mp4,17BNY9MlsDeJ-6fA4V6qP_LcVQnbURMSX,video/mp4,6773348,2024-01-23T21:15:12.000Z
CURSOS/CURSOS DE INGLÊS/🎓 Ingles do Jerry 3.0/15. Aprendendo com músicas/38. USA for Africa - We are the World/1. ext.mp4,1. ext.mp4,1tqerDnxzCT9cuNQiBjCIA9pdk9jEnGDg,video/mp4,75380124,2024-01-23T21:16:02.000Z
CURSOS/CURSOS DE INGLÊS/🎓 Ingles do Jerry 3.0/15. Aprendendo com músicas/39. Wiz Khalifa - See you Again/1. ext.mp4,1. ext.mp4,1hVmHwYuo81a9GNNGcj9MBh8lIxrHTI23,video/mp4,41833321,2024-01-23T21:16:20.000Z
CURSOS/CURSOS DE INGLÊS/🎓 Ingles do Jerry 3.0/15. Aprendendo com músicas/4. Adele - Hello/1. ext.mp4,1. ext.mp4,1ZFwfWnWdA9ZKT0gL1Wct5GWPCRBabxCk,video/mp4,9983986,2024-01-23T21:16:18.000Z
CURSOS/CURSOS DE INGLÊS/🎓 Ingles do Jerry 3.0/15. Aprendendo com músicas/40. Zedd feat Selena Gomez - I Want You To Know/1. ext.mp4,1. ext.mp4,1z2t3VvaOf69HJQAbKjO-Fa9Tq-vmrjHe,video/mp4,10056159,2024-01-23T21:15:38.000Z
CURSOS/CURSOS DE INGLÊS/🎓 Ingles do Jerry 3.0/15. Aprendendo com músicas/5. Bee Gees - How Deep Is Your Love/1. ext.mp4,1. ext.mp4,1msoAuBqPlIR2IaifZUvdA1ByKpkJV8qF,video/mp4,39361101,2024-01-23T21:15:34.000Z
CURSOS/CURSOS DE INGLÊS/🎓 Ingles do Jerry 3.0/15. Aprendendo com músicas/6. Carly Rae Jepsen - I Really Like You/1. ext.mp4,1. ext.mp4,10-uQCzamMQLhUUsFY6V3ODKwgqN539HC,video/mp4,20499793,2024-01-23T21:16:10.000Z
CURSOS/CURSOS DE INGLÊS/🎓 Ingles do Jerry 3.0/15. Aprendendo com músicas/7. Chet Faker - Talk is Cheap/1. ext.mp4,1. ext.mp4,1bOo-lLq0RTZ5sx0Tq8hMV_vFPbXmvFQZ,video/mp4,43167678,2024-01-23T21:15:28.000Z
CURSOS/CURSOS DE INGLÊS/🎓 Ingles do Jerry 3.0/15. Aprendendo com músicas/8. Cyndi Lauper - True Colors/1. ext.mp4,1. ext.mp4,1kFXkOZtXyhKrakWLPYFccGj-TU_cpuWv,video/mp4,6642914,2024-01-23T21:15:50.000Z
CURSOS/CURSOS DE INGLÊS/🎓 Ingles do Jerry 3.0/15. Aprendendo com músicas/9. Coldplay - Yellow/1. ext.mp4,1. ext.mp4,14QTLTIz3ZAP5Jp8W0IZmrsWJU2kwt1Gz,video/mp4,11752747,2024-01-23T21:15:54.000Z
CURSOS/CURSOS DE INGLÊS/🎓 Ingles do Jerry 3.0/2. Módulo 1/1. Aula 1 - Pronuncia figurada das palavras final ing/1. parte.mp4,1. parte.mp4,1L6ccSvXooFPWLvhskPzuMABZoKML3FRM,video/mp4,303734564,2024-01-23T21:16:18.000Z
CURSOS/CURSOS DE INGLÊS/🎓 Ingles do Jerry 3.0/2. Módulo 1/2. Aula 2 - Novas palavras is e are/1. parte.mp4,1. parte.mp4,1LLwxlvyaJ__7NsDj7J0vScg0I003On_n,video/mp4,279939590,2024-01-23T21:16:20.000Z
CURSOS/CURSOS DE INGLÊS/🎓 Ingles do Jerry 3.0/2. Módulo 1/3. Aula 3 - O adjetivo em inglês/1. parte.mp4,1. parte.mp4,1cb1qaC0csDDobjmjCkzldk4bagRF8VM7,video/mp4,291651376,2024-01-23T21:16:06.000Z
CURSOS/CURSOS DE INGLÊS/🎓 Ingles do Jerry 3.0/2. Módulo 1/4. Exercícios do módulo/1. parte.mov,1. parte.mov,1abWXQcsESA7PQGa2r7wepwN2yg_FoOK-,video/quicktime,20886807,2024-01-23T21:16:16.000Z
CURSOS/CURSOS DE INGLÊS/🎓 Ingles do Jerry 3.0/3. Módulo 2/1. Aula 01Parte 01- Pronomes pessoas + dias da semanameses + tempo presente (inicio)/1. parte.mp4,1. parte.mp4,1FZUeQLcmSRaZXcqpq9NRQFeI8H8UjdRM,video/mp4,69630490,2024-01-23T21:16:14.000Z
CURSOS/CURSOS DE INGLÊS/🎓 Ingles do Jerry 3.0/3. Módulo 2/2. Aula 01 Parte 02/1. parte.mp4,1. parte.mp4,1JjP20IL7bt9keM-0maGOsW8co0cftM6J,video/mp4,91584496,2024-01-23T21:16:18.000Z
CURSOS/CURSOS DE INGLÊS/🎓 Ingles do Jerry 3.0/3. Módulo 2/3. Aula 02  Parte 01- Verbos básicos no tempo presente/1. parte.mp4,1. parte.mp4,1AXdqQ8NayeMZ7XMg8bkJxaFQDoKMCqNV,video/mp4,68437447,2024-01-23T21:15:48.000Z
CURSOS/CURSOS DE INGLÊS/🎓 Ingles do Jerry 3.0/3. Módulo 2/4. Aula 02  Parte 02/1. parte.mp4,1. parte.mp4,1tvTSp2tOzUhHcrXCAR95aidxZJ2BlJGd,video/mp4,87312839,2024-01-23T21:16:20.000Z
CURSOS/CURSOS DE INGLÊS/🎓 Ingles do Jerry 3.0/3. Módulo 2/5. Aula 03  Parte 01- Tempo futuro + a e an/1. parte.mp4,1. parte.mp4,1bS8frNUYCAZFU5ru0ZiGE_mBOS1sLGoK,video/mp4,86617462,2024-01-23T21:16:10.000Z
CURSOS/CURSOS DE INGLÊS/🎓 Ingles do Jerry 3.0/3. Módulo 2/6. Aula 03  Parte 02/1. parte.mp4,1. parte.mp4,1bnqx74a1lZ9Qib6tc6iktaJyPWVzOG03,video/mp4,80624603,2024-01-23T21:16:20.000Z
CURSOS/CURSOS DE INGLÊS/🎓 Ingles do Jerry 3.0/3. Módulo 2/7. Exercícios do módulo/1. parte.mov,1. parte.mov,1RHOaY_VtS_zYv-PPixZ7UrOev_FnFJNJ,video/quicktime,16080364,2024-01-23T21:16:16.000Z
CURSOS/CURSOS DE INGLÊS/🎓 Ingles do Jerry 3.0/4. Módulo 3/1. Aula 01  Parte 01- The + Would + May e Might/1. parte.mp4,1. parte.mp4,1rXrMiHX3oa4fXn48LtsF8nMPVYJPxVQq,video/mp4,62754520,2024-01-23T21:16:02.000Z
CURSOS/CURSOS DE INGLÊS/🎓 Ingles do Jerry 3.0/4. Módulo 3/2. Aula 01  Parte 02/1. parte.mp4,1. parte.mp4,1yIB5w_l38X_1BrvfxjXqSpgvh0G0pGqh,video/mp4,67124626,2024-01-23T21:16:14.000Z
CURSOS/CURSOS DE INGLÊS/🎓 Ingles do Jerry 3.0/4. Módulo 3/3. Aula 02- Terminações/1. parte.mp4,1. parte.mp4,1a2dHiss8ecwXVRQ6ou53QjhCcm7PkyJN,video/mp4,161417923,2024-01-23T21:16:20.000Z
CURSOS/CURSOS DE INGLÊS/🎓 Ingles do Jerry 3.0/4. Módulo 3/4. Aula 03 e 04- Números e palavras compostas/1. parte.mp4,1. parte.mp4,1GoCN574aL4tUA0KT3YMvhxJEV_KKDv_Y,video/mp4,152437276,2024-01-23T21:16:08.000Z
CURSOS/CURSOS DE INGLÊS/🎓 Ingles do Jerry 3.0/4. Módulo 3/6. Exercícios do módulo/1. parte.mov,1. parte.mov,1LEjZqJy4Rs9rHJa3fAT5DDJSt-1wQ6I5,video/quicktime,8903338,2024-01-23T21:15:54.000Z
CURSOS/CURSOS DE INGLÊS/🎓 Ingles do Jerry 3.0/5. Módulo 4/1. Aula 01 - Parte 01- Tempo passado dos verbos básicos/1. parte.mp4,1. parte.mp4,1UaDBC26E4la_dVWA4R8uEiopDDm3s-Uv,video/mp4,51540432,2024-01-23T21:16:06.000Z
CURSOS/CURSOS DE INGLÊS/🎓 Ingles do Jerry 3.0/5. Módulo 4/2. Aula 01 - Parte 02/1. parte.mp4,1. parte.mp4,1BwzNzgGIAUMR8-fSFKnLCeQO-g4144Jp,video/mp4,63634501,2024-01-23T21:16:18.000Z
CURSOS/CURSOS DE INGLÊS/🎓 Ingles do Jerry 3.0/5. Módulo 4/3. Aula 02 - Parte 01- Do e make + Plural dos substantivos/1. parte.mp4,1. parte.mp4,1w-u4HSi4hQUACopwx1aUqVEC7q_M5Ao0,video/mp4,55185588,2024-01-23T21:16:10.000Z
CURSOS/CURSOS DE INGLÊS/🎓 Ingles do Jerry 3.0/5. Módulo 4/4. Aula 02 - Parte 02/1. parte.mp4,1. parte.mp4,13J1R7tJ-XDd1zvpJvOqxV2SILQ0Eob2K,video/mp4,62251684,2024-01-23T21:16:24.000Z
CURSOS/CURSOS DE INGLÊS/🎓 Ingles do Jerry 3.0/5. Módulo 4/5. Aula 03- Passado de To HAVE e terminação ED/1. parte.mp4,1. parte.mp4,1GWLmFh6Et0EsELtBI-NdO5NdtkU3p1tX,video/mp4,221151881,2024-01-23T21:16:22.000Z
CURSOS/CURSOS DE INGLÊS/🎓 Ingles do Jerry 3.0/5. Módulo 4/6. Aula 04- Números ordinais (TH)/1. parte.mp4,1. parte.mp4,1zCAjUUmGlYfhyy5CGF9kX-5aH6Vs3dqy,video/mp4,97656402,2024-01-23T21:16:04.000Z
CURSOS/CURSOS DE INGLÊS/🎓 Ingles do Jerry 3.0/5. Módulo 4/7. Exercícios do módulo/1. parte.mov,1. parte.mov,1INnJNaaxz8A5ZZbD077xZ7urLSsbB6yH,video/quicktime,8501464,2024-01-23T21:47:06.000Z
CURSOS/CURSOS DE INGLÊS/🎓 Ingles do Jerry 3.0/6. Módulo 5/1. Aula 01 - Parte 01-Plurais irregulares + To be/1. parte.mp4,1. parte.mp4,1aK8kKGjILA1_aYf9MKe8Y95Ui8in1PKF,video/mp4,79212669,2024-01-23T21:49:14.000Z
CURSOS/CURSOS DE INGLÊS/🎓 Ingles do Jerry 3.0/6. Módulo 5/2. Aula 01 - Parte 02/1. parte.mp4,1. parte.mp4,1GCi1Mh63Ek6MmNanDVB38ONN29cPHrfo,video/mp4,73190684,2024-01-23T21:16:18.000Z
CURSOS/CURSOS DE INGLÊS/🎓 Ingles do Jerry 3.0/6. Módulo 5/3. Aula 02- Terminações er e or + presente composto/1. parte.mp4,1. parte.mp4,1LY9WXnwxp-V-1U7dcXIt1_kLqRB74TyH,video/mp4,183346924,2024-01-23T21:16:16.000Z
CURSOS/CURSOS DE INGLÊS/🎓 Ingles do Jerry 3.0/6. Módulo 5/4. Exercícios do módulo/1. parte.mov,1. parte.mov,1EAperulgo7K-_HiQESJ4GrDDuiEAOufK,video/quicktime,10733782,2024-01-23T21:16:14.000Z
CURSOS/CURSOS DE INGLÊS/🎓 Ingles do Jerry 3.0/7. Módulo 6/1. Aula 01- Modo imperativo/1. parte.mp4,1. parte.mp4,1wWORM6SHe77Woe-uwM-8AD5UtWfzI9ZL,video/mp4,183497075,2024-01-23T21:16:18.000Z
"CURSOS/CURSOS DE INGLÊS/🎓 Ingles do Jerry 3.0/7. Módulo 6/2. Aula 02- THIS, THESE, THAT, THOSE/1. parte.mp4",1. parte.mp4,11l6VV_-85JpDgVw09LOBO67ManEPjXNM,video/mp4,184588467,2024-01-23T21:16:20.000Z
CURSOS/CURSOS DE INGLÊS/🎓 Ingles do Jerry 3.0/7. Módulo 6/3. Exercícios do módulo/1. parte.mov,1. parte.mov,1gIiM_Mqb8nJnUHzh8eoHEIpsmKX12drW,video/quicktime,44451774,2024-01-23T21:16:06.000Z
CURSOS/CURSOS DE INGLÊS/🎓 Ingles do Jerry 3.0/8. Módulo 7/1. Aula 01- Pronomes pessoais/1. parte.mp4,1. parte.mp4,116HGTzBvmrym3ymYl2RXDLITHD1DCngc,video/mp4,139117779,2024-01-23T21:16:02.000Z
"CURSOS/CURSOS DE INGLÊS/🎓 Ingles do Jerry 3.0/8. Módulo 7/2. Aula 02- HERE, THERE e Opostos/1. parte.mp4",1. parte.mp4,1B8IWqxkH4VwRMkzkJ0vfiCeBq65sD4PX,video/mp4,129150679,2024-01-23T21:16:20.000Z
"CURSOS/CURSOS DE INGLÊS/🎓 Ingles do Jerry 3.0/8. Módulo 7/3. Aula 03- Some, any e pronomes/1. parte.mp4",1. parte.mp4,1tGbgY1KoDaVjwBbLqiQPZeYAzIzIFGv0,video/mp4,176254319,2024-01-23T21:16:16.000Z
CURSOS/CURSOS DE INGLÊS/🎓 Ingles do Jerry 3.0/8. Módulo 7/4. Exercícios do módulo/1. parte.mov,1. parte.mov,1ODWD-MytssZUn0fg6nVtAeIAEbIHBpeD,video/quicktime,10089651,2024-01-23T21:14:30.000Z
"CURSOS/CURSOS DE INGLÊS/🎓 Ingles do Jerry 3.0/9. Módulo 8/1. Aula 01- tempo, comparativos, than e as/1. parte.mp4",1. parte.mp4,1-jIeqLeZD-zo19ZbVE8mps-HpLdiwQEA,video/mp4,165541935,2024-01-23T21:16:22.000Z
CURSOS/CURSOS DE INGLÊS/🎓 Ingles do Jerry 3.0/9. Módulo 8/2. Aula 02- negativas/1. parte.mp4,1. parte.mp4,1d2yHWAnvSgT-k0EQLP-L_RawmCV9yVDP,video/mp4,192004177,2024-01-23T21:16:16.000Z
CURSOS/CURSOS DE INGLÊS/🎓 Ingles do Jerry 3.0/9. Módulo 8/3. Exercícios do módulo/1. parte.mov,1. parte.mov,1Zo3bh3tijo1AJYhNt4Qc71fAi04fnuEA,video/quicktime,7626545,2024-01-23T21:16:18.000Z
CURSOS/FOCO - Conquer/1736168478780-872fe85d-b1f3-4426-888f-8058a0aa8bf6.png,1736168478780-872fe85d-b1f3-4426-888f-8058a0aa8bf6.png,1HEEUmXxNxD3PUp3QRor71tOSecV7IJIq,image/png,530464,2026-02-17T19:10:33.610Z
CURSOS/FOCO - Conquer/1736526581453-6ed37845-ac7e-40af-80e5-c5818a96e38e.jpg,1736526581453-6ed37845-ac7e-40af-80e5-c5818a96e38e.jpg,1uWDm4Mi6FiMgAlCMpRJuZ9rK8Eucqbl5,image/jpeg,468054,2026-02-16T12:53:44.919Z
CURSOS/FOCO - Conquer/1736868515925-92e6f35d-9aad-4686-8a5e-37513f941d48.jpg,1736868515925-92e6f35d-9aad-4686-8a5e-37513f941d48.jpg,1srUypvngjvYz7rQumjsnEHi5ZrdQXmj2,image/jpeg,507665,2026-02-17T02:10:53.270Z
CURSOS/FOCO - Conquer/1737035714770-68ec2801-24f7-49d4-83f1-864031bf482f.jpg,1737035714770-68ec2801-24f7-49d4-83f1-864031bf482f.jpg,1yC38iopIgAjo2yRNCD_V0fiWNwLFRmc6,image/jpeg,470752,2026-02-17T23:12:33.215Z
CURSOS/MATRIZ DE AIZEN HAWARD.png,MATRIZ DE AIZEN HAWARD.png,1rW-g4Ok-y2IqBArvGkIP8LOs380i1-Is,image/png,279060,2026-07-06T06:33:31.539Z
CURSOS/PRODUTIVIDADE COM IA - Conquer/1718030982444-c55026dc-f948-4f2b-bc67-2d6a8c83977b.jpeg,1718030982444-c55026dc-f948-4f2b-bc67-2d6a8c83977b.jpeg,1gKcN17NLTdZ3SyCfgeDnM8ZVdemx1FoZ,image/jpeg,275369,2026-02-18T03:36:18.451Z
CURSOS/💻 Curso Viver De Youtube - Peter Jordan/01. Introdução e Boas Vindas/Aula 01 - Apresentação ao curso #ZDMDIGITAL.COM.mp4,Aula 01 - Apresentação ao curso #ZDMDIGITAL.COM.mp4,1fIZo21zKwEEs963BXs1IbwspkF5PMk-u,video/mp4,225442037,2026-07-06T07:48:18.690Z
CURSOS/💻 Curso Viver De Youtube - Peter Jordan/01. Introdução e Boas Vindas/Aula 02 - Metodologia de Ensino #ZDMDIGITAL.COM.mp4,Aula 02 - Metodologia de Ensino #ZDMDIGITAL.COM.mp4,1tIW1l17S_zR0pVYfqTgS-y5HYkS9KEaJ,video/mp4,278910784,2026-07-06T07:48:29.684Z
CURSOS/💻 Curso Viver De Youtube - Peter Jordan/02. Mindset do Youtuber/Aula 01 - Qual pensamento de um youtuber de sucesso #ZDMDIGITAL.COM.mp4,Aula 01 - Qual pensamento de um youtuber de sucesso #ZDMDIGITAL.COM.mp4,1Oi6cANjSrwMVIABSTNVkO_mUQQPuNRR7,video/mp4,399055146,2026-07-06T07:48:44.282Z
CURSOS/💻 Curso Viver De Youtube - Peter Jordan/02. Mindset do Youtuber/Aula 02 - Como alcançar o sucesso #ZDMDIGITAL.COM.mp4,Aula 02 - Como alcançar o sucesso #ZDMDIGITAL.COM.mp4,15JtpsIKluixqHN1as6iuuSwmw-jTjoQo,video/mp4,660594207,2026-07-06T07:49:12.025Z
CURSOS/💻 Curso Viver De Youtube - Peter Jordan/02. Mindset do Youtuber/Aula 03 - Enfrentando as barreiras #ZDMDIGITAL.COM.mp4,Aula 03 - Enfrentando as barreiras #ZDMDIGITAL.COM.mp4,1EZ2BCuvp2sDMu52Ju03npI7HTtFw6-Pf,video/mp4,538355519,2026-07-06T07:49:31.329Z
CURSOS/💻 Curso Viver De Youtube - Peter Jordan/02. Mindset do Youtuber/Aula 04 - Persistencia #ZDMDIGITAL.COM.mp4,Aula 04 - Persistencia #ZDMDIGITAL.COM.mp4,1ojfxSw4sVKAKP6lSO811Gj3ybEfxcGTl,video/mp4,322458180,2026-07-06T07:49:43.376Z
CURSOS/💻 Curso Viver De Youtube - Peter Jordan/03. Visão Geral e Conhecendo a Plataforma/Aula 01 - Acessando o Youtube #ZDMDIGITAL.COM.mp4,Aula 01 - Acessando o Youtube #ZDMDIGITAL.COM.mp4,15aS9f3XPYUEwkz0NjIB9QEBbtWnmkk0_,video/mp4,548892757,2026-07-06T07:50:06.502Z
CURSOS/💻 Curso Viver De Youtube - Peter Jordan/03. Visão Geral e Conhecendo a Plataforma/Aula 02 - Como funciona o Youtube #ZDMDIGITAL.COM.mp4,Aula 02 - Como funciona o Youtube #ZDMDIGITAL.COM.mp4,14sSS_MJJ2IuXp8VbyKUj3ovYvR4U0vOk,video/mp4,327277750,2026-07-06T07:50:18.783Z
CURSOS/💻 Curso Viver De Youtube - Peter Jordan/03. Visão Geral e Conhecendo a Plataforma/Video 03 - Como funciona o algoritmo #ZDMDIGITAL.COM.mp4,Video 03 - Como funciona o algoritmo #ZDMDIGITAL.COM.mp4,1E9xrWubNq9WBpxf8klc8VdQtCI4uLioQ,video/mp4,424387184,2026-07-06T07:50:36.113Z
CURSOS/💻 Curso Viver De Youtube - Peter Jordan/04. Definindo Nicho do Seu Canal/Aula 02 - Dicas de Nicho #ZDMDIGITAL.COM.mp4,Aula 02 - Dicas de Nicho #ZDMDIGITAL.COM.mp4,1cvzAuRoGaFzizhI4qV5b073R0oULZavM,video/mp4,1290451717,2026-07-06T07:51:18.606Z
CURSOS/💻 Curso Viver De Youtube - Peter Jordan/05. Criando Seu Canal na Prática/Aula 01 - Como escolher o nome do canal #ZDMDIGITAL.COM.mp4,Aula 01 - Como escolher o nome do canal #ZDMDIGITAL.COM.mp4,1f9h97mk8ug0wyDuVNyvUKReiOZrJKEV6,video/mp4,456622869,2026-07-06T07:51:35.162Z
CURSOS/💻 Curso Viver De Youtube - Peter Jordan/05. Criando Seu Canal na Prática/Aula 02 - Como criar conta no Youtube #ZDMDIGITAL.COM.mp4,Aula 02 - Como criar conta no Youtube #ZDMDIGITAL.COM.mp4,1N9K6o_4yILQSk1puHKk6nJFF9ER9TAJz,video/mp4,308948584,2026-07-06T07:51:46.307Z
CURSOS/💻 Curso Viver De Youtube - Peter Jordan/05. Criando Seu Canal na Prática/Aula 03 - Como configurar o canal do Youtube #ZDMDIGITAL.COM.mp4,Aula 03 - Como configurar o canal do Youtube #ZDMDIGITAL.COM.mp4,1ey8bS6lxHDOa6DmUjK3n4UbEfMps8WKZ,video/mp4,153653515,2026-07-06T07:51:53.081Z
CURSOS/💻 Curso Viver De Youtube - Peter Jordan/06. Como Ganhar Dinheiro no Youtube/Aula 01 - Como funciona a monetização do youtube #ZDMDIGITAL.COM.mp4,Aula 01 - Como funciona a monetização do youtube #ZDMDIGITAL.COM.mp4,18hFb5yYxCJpKCmG_5WikumpWdm1qgk_O,video/mp4,766172707,2022-08-24T15:57:26.000Z
CURSOS/💻 Curso Viver De Youtube - Peter Jordan/06. Como Ganhar Dinheiro no Youtube/Aula 02 - ativando monetização do seu canal #ZDMDIGITAL.COM.mp4,Aula 02 - ativando monetização do seu canal #ZDMDIGITAL.COM.mp4,1-fK0AAI7KwWPO1V8WlQzaJrdC3uD_xy2,video/mp4,340282572,2022-08-24T15:57:22.000Z
CURSOS/💻 Curso Viver De Youtube - Peter Jordan/06. Como Ganhar Dinheiro no Youtube/Aula 03 - outras formas de monetizar o canal #ZDMDIGITAL.COM.mp4,Aula 03 - outras formas de monetizar o canal #ZDMDIGITAL.COM.mp4,1Jjf2bijRiRqJAmkX8yDq6X833k-Iypvf,video/mp4,641721787,2022-08-24T15:57:24.000Z
CURSOS/💻 Curso Viver De Youtube - Peter Jordan/07. Planejando Seus Conteúdos/Aula 01 - Planejamento e Esboço do canal #ZDMDIGITAL.COM.mp4,Aula 01 - Planejamento e Esboço do canal #ZDMDIGITAL.COM.mp4,18rUUnnDjU44DGh0Dooh1SvXQ9p9U7GXK,video/mp4,595687091,2026-07-06T07:53:14.818Z
CURSOS/💻 Curso Viver De Youtube - Peter Jordan/07. Planejando Seus Conteúdos/Aula 02 - Como ter ideias #ZDMDIGITAL.COM.mp4,Aula 02 - Como ter ideias #ZDMDIGITAL.COM.mp4,1fBhBh_3rHMi06XJPfLEhq_C7MMgp23rn,video/mp4,663262363,2026-07-06T07:53:37.648Z
CURSOS/💻 Curso Viver De Youtube - Peter Jordan/07. Planejando Seus Conteúdos/Aula 03 - Estrutura do roteiro #ZDMDIGITAL.COM.mp4,Aula 03 - Estrutura do roteiro #ZDMDIGITAL.COM.mp4,1tepae7Cjh6pH8gu0AQCSb80l7ytgQhF-,video/mp4,434768637,2026-07-06T07:53:53.078Z
CURSOS/💻 Curso Viver De Youtube - Peter Jordan/07. Planejando Seus Conteúdos/Aula 04 - Como escrever um roteiro #ZDMDIGITAL.COM.mp4,Aula 04 - Como escrever um roteiro #ZDMDIGITAL.COM.mp4,1JAoLN2GY856dWQ4fhmJ3bYwEUTttrzKa,video/mp4,728013219,2026-07-06T07:54:17.810Z
CURSOS/💻 Curso Viver De Youtube - Peter Jordan/07. Planejando Seus Conteúdos/Aula 05 - Como funciona o Ei Nerd #ZDMDIGITAL.COM.mp4,Aula 05 - Como funciona o Ei Nerd #ZDMDIGITAL.COM.mp4,1zM93q5QqTvfey31ZoV1ZCmNWf9zOExXY,video/mp4,519642676,2026-07-06T07:54:36.265Z
CURSOS/💻 Curso Viver De Youtube - Peter Jordan/08. Dicas de Performance/Aula 01 - Videos Não Apresentados #ZDMDIGITAL.COM.mp4,Aula 01 - Videos Não Apresentados #ZDMDIGITAL.COM.mp4,1FLAv_ViSUueauPCQFNqshBNioQaxFsSh,video/mp4,403086780,2026-07-06T07:54:50.780Z
CURSOS/💻 Curso Viver De Youtube - Peter Jordan/08. Dicas de Performance/Aula 02 - Como perder a timidez #ZDMDIGITAL.COM.mp4,Aula 02 - Como perder a timidez #ZDMDIGITAL.COM.mp4,18qZfPLE2o10vNjRYmgBgoI9rC264pc93,video/mp4,709497547,2026-07-06T07:55:15.377Z
CURSOS/💻 Curso Viver De Youtube - Peter Jordan/08. Dicas de Performance/Aula 03 - como funciona o teleprompter #ZDMDIGITAL.COM.mp4,Aula 03 - como funciona o teleprompter #ZDMDIGITAL.COM.mp4,1ih8VgEZJasqJAIUy_5JPzjtMn0Kx556A,video/mp4,628097581,2026-07-06T07:55:37.619Z
CURSOS/💻 Curso Viver De Youtube - Peter Jordan/08. Dicas de Performance/Aula 04 - como ler o teleprompter #ZDMDIGITAL.COM.mp4,Aula 04 - como ler o teleprompter #ZDMDIGITAL.COM.mp4,1A2YgJ9piQH-2Flp_Ur5TmAwjc2ctioYt,video/mp4,452645445,2026-07-06T07:55:54.894Z
CURSOS/💻 Curso Viver De Youtube - Peter Jordan/09. Produzindo e Publicando Seus Vídeos/Aula 01 - Dicas de equipamentos #ZDMDIGITAL.COM.mp4,Aula 01 - Dicas de equipamentos #ZDMDIGITAL.COM.mp4,1RGr8yLyLY5Evvyi1-81AckFEuEdbUUFN,video/mp4,402215112,2026-07-06T07:56:10.011Z
CURSOS/💻 Curso Viver De Youtube - Peter Jordan/09. Produzindo e Publicando Seus Vídeos/Aula 02 - Como editar um vídeo #ZDMDIGITAL.COM.mp4,Aula 02 - Como editar um vídeo #ZDMDIGITAL.COM.mp4,1creahihqjCZgjM1Iu9tdJnOc64EQQOzr,video/mp4,165861874,2026-07-06T07:56:17.147Z
CURSOS/💻 Curso Viver De Youtube - Peter Jordan/09. Produzindo e Publicando Seus Vídeos/Aula 03 - Como publicar um video #ZDMDIGITAL.COM.mp4,Aula 03 - Como publicar um video #ZDMDIGITAL.COM.mp4,1eB87kdjlUx2zyw-nN00xA_KA9bEuYA9e,video/mp4,146414206,2026-07-06T07:56:23.275Z
CURSOS/💻 Curso Viver De Youtube - Peter Jordan/09. Produzindo e Publicando Seus Vídeos/Aula 04 - Dicas de SEO #ZDMDIGITAL.COM.mp4,Aula 04 - Dicas de SEO #ZDMDIGITAL.COM.mp4,1FCJ0tdpCNFP-16zQRy0Yhn8cVppZfZ8o,video/mp4,759316991,2026-07-06T07:56:48.576Z
CURSOS/💻 Curso Viver De Youtube - Peter Jordan/10. Conhecendo e Dominando Analytics/Aula 01 - Visão geral do Youtube Analytics #ZDMDIGITAL.COM.mp4,Aula 01 - Visão geral do Youtube Analytics #ZDMDIGITAL.COM.mp4,17va5i3kzFKe1Hr03sgQRgGS5ciM2WD9H,video/mp4,337817512,2026-07-06T07:57:00.952Z
CURSOS/💻 Curso Viver De Youtube - Peter Jordan/10. Conhecendo e Dominando Analytics/Aula 02 - Usando o analytics para linkar videos #ZDMDIGITAL.COM.mp4,Aula 02 - Usando o analytics para linkar videos #ZDMDIGITAL.COM.mp4,1ADKaf3NkNy8CmXHVIPA1MEnMkB4H0Aun,video/mp4,218695659,2026-07-06T07:57:10.118Z
CURSOS/💻 Curso Viver De Youtube - Peter Jordan/10. Conhecendo e Dominando Analytics/Aula 03 - Melhorando a performance dos seus vídeos usando o analytics #ZDMDIGITAL.COM.mp4,Aula 03 - Melhorando a performance dos seus vídeos usando o analytics #ZDMDIGITAL.COM.mp4,1RVh8pqqXZU5B3g85h09Bn8AbtYsruTDD,video/mp4,106375491,2026-07-06T07:57:15.839Z
CURSOS/💻 Curso Viver De Youtube - Peter Jordan/11. Materiais Premium para Download/Video - Arquivos para download #ZDMDIGITAL.COM.mp4,Video - Arquivos para download #ZDMDIGITAL.COM.mp4,1Z1S-MtAOHUKxPO0tC3e2F_y_3UQQTDUN,video/mp4,105788503,2026-07-06T08:01:27.143Z
CURSOS/💻 Curso Viver De Youtube - Peter Jordan/12. Dicas Complementares/Aula 01 - Dicas para iniciantes - diversificação de conteudo #ZDMDIGITAL.COM.mp4,Aula 01 - Dicas para iniciantes - diversificação de conteudo #ZDMDIGITAL.COM.mp4,1akqyMYRy5_lrtqc3tTUfpuOvQ73H7QbE,video/mp4,406929466,2026-07-06T08:01:41.894Z
CURSOS/💻 Curso Viver De Youtube - Peter Jordan/12. Dicas Complementares/Aula 02 - Dicas para Explosão de Views #ZDMDIGITAL.COM.mp4,Aula 02 - Dicas para Explosão de Views #ZDMDIGITAL.COM.mp4,1o7FrOKuK7UtnORrOlNM9Tb3WJq8x9yms,video/mp4,689653125,2026-07-06T08:02:07.054Z
2026/07-Julho/02-Comprovantes-Pagos/2026-07-06__AGUA__conta-atrasada-01__R-76-87__PAGO.jpg,2026-07-06__AGUA__conta-atrasada-01__R-76-87__PAGO.jpg,177O51rqOvR0F7nTBgxK_QVon9AnRyCum,image/jpeg,50758,2026-07-07T04:33:35.577Z
2026/07-Julho/02-Comprovantes-Pagos/2026-07-06__AGUA__conta-atrasada-02__R-89-77__PAGO.jpg,2026-07-06__AGUA__conta-atrasada-02__R-89-77__PAGO.jpg,1XpKH71vQitFVkvESPUOwgWav38WXUqot,image/jpeg,50542,2026-07-07T04:33:37.964Z
2026/07-Julho/02-Comprovantes-Pagos/2026-07-06__AGUA__conta-atrasada-03__R-100-60__PAGO.jpg,2026-07-06__AGUA__conta-atrasada-03__R-100-60__PAGO.jpg,199Z3EqO2X5l_cvd1LvdtqqKxGL-mJd4a,image/jpeg,51223,2026-07-07T04:33:40.861Z
2026/07-Julho/02-Comprovantes-Pagos/2026-07-06__CARRO__bradesco-financiamento-geraldo-jose-dos-santos__R-1041-07__PAGO.jpg,2026-07-06__CARRO__bradesco-financiamento-geraldo-jose-dos-santos__R-1041-07__PAGO.jpg,1nlWhlkWCZqgeTDh8Yh9SjfeJeXS2xXsn,image/jpeg,47054,2026-07-07T04:33:43.776Z
2026/07-Julho/02-Comprovantes-Pagos/2026-07-06__CASA__prestacao-casa-debito-automatico__R-535-25__PAGO.jpg,2026-07-06__CASA__prestacao-casa-debito-automatico__R-535-25__PAGO.jpg,1eHOEx0AxSIK-jrT64hwNiuT8xj8uONTi,image/jpeg,40782,2026-07-07T04:33:46.647Z
2026/07-Julho/02-Comprovantes-Pagos/2026-07-06__LUZ__equatorial-alagoas__R-159-77__PAGO.jpg,2026-07-06__LUZ__equatorial-alagoas__R-159-77__PAGO.jpg,1VXxUoTRgv98GgIOkZmEU1banq41ne33k,image/jpeg,40268,2026-07-07T04:33:50.203Z
2026/07-Julho/02-Comprovantes-Pagos/2026-07-06__MERCADO__compras-cartao-sogra__R-639-57__PAGO.jpg,2026-07-06__MERCADO__compras-cartao-sogra__R-639-57__PAGO.jpg,1TnIGs_rIU6bApEfmLkKsar62oF4EEEFy,image/jpeg,39588,2026-07-07T04:33:53.144Z
IMG_20250731_0001.pdf,IMG_20250731_0001.pdf,1uS-zOCM1V8HKUXFrOaZFAggw6Jdl9jHI,application/pdf,705265,2025-08-13T18:33:16.000Z
IMG_20250731_0002.pdf,IMG_20250731_0002.pdf,175X01-JEIc7cX7TgFrqSl6Q8RinR-O08,application/pdf,678426,2025-08-13T18:33:18.000Z
MATERIAL IDV - LÓGIKA CREATIVE-20250915T204950Z-1-001/BOTTOM/BOTTOM - IMAGEM.png,BOTTOM - IMAGEM.png,1UnVmhXHTGr_VlZlKAlcC0bI5YlcpsXOQ,image/png,10196920,2025-09-03T13:58:36.000Z
MATERIAL IDV - LÓGIKA CREATIVE-20250915T204950Z-1-001/CANECA/CANECA - IMAGEM.png,CANECA - IMAGEM.png,1JTMXU_soCmCbeD56RRNlhMagmpMlchKD,image/png,14147555,2025-09-03T14:05:47.000Z
MATERIAL IDV - LÓGIKA CREATIVE-20250915T204950Z-1-001/LOGOS/LOGO 01 - BRANCA FUNDO MAGENTA.png,LOGO 01 - BRANCA FUNDO MAGENTA.png,1xN_ozjyQNkMlcJi_Dwi98yM5cZ75kYkV,image/png,124380,2025-09-10T12:20:07.000Z
MATERIAL IDV - LÓGIKA CREATIVE-20250915T204950Z-1-001/LOGOS/LOGO 01 - BRANCA FUNDO PRETO.png,LOGO 01 - BRANCA FUNDO PRETO.png,1wo7CWe_z4KOTYxePg4lOgx2Pv2NPC8df,image/png,136002,2025-09-10T12:18:16.000Z
MATERIAL IDV - LÓGIKA CREATIVE-20250915T204950Z-1-001/LOGOS/LOGO 01 - BRANCA SEM FUNDO.png,LOGO 01 - BRANCA SEM FUNDO.png,17-HBBTSJKiKoZ1KkLnrly1sOrWzRs2EF,image/png,108168,2025-09-10T12:18:23.000Z
MATERIAL IDV - LÓGIKA CREATIVE-20250915T204950Z-1-001/LOGOS/LOGO 01 - COLORIDA 1 SEM FUNDO.png,LOGO 01 - COLORIDA 1 SEM FUNDO.png,1DFsxMBVDVXlxEK8TM5dJuRfDovLq1aET,image/png,105260,2025-09-10T12:22:23.000Z
MATERIAL IDV - LÓGIKA CREATIVE-20250915T204950Z-1-001/LOGOS/LOGO 01 - COLORIDA 2 SEM FUNDO.png,LOGO 01 - COLORIDA 2 SEM FUNDO.png,1yATQkjcwxMwKZGDLqgds5JCG9zm58Fpf,image/png,110108,2025-09-10T12:22:31.000Z
MATERIAL IDV - LÓGIKA CREATIVE-20250915T204950Z-1-001/LOGOS/LOGO 01 - COLORIDA FUNDO BRANCO.png,LOGO 01 - COLORIDA FUNDO BRANCO.png,1YfkGmZbvkmvsJ03quu4uXeZFNqPhan7g,image/png,127082,2025-09-10T12:22:14.000Z
MATERIAL IDV - LÓGIKA CREATIVE-20250915T204950Z-1-001/LOGOS/LOGO 01 - COLORIDA FUNDO PRETO.png,LOGO 01 - COLORIDA FUNDO PRETO.png,1KxDe3JwCWC7FBhBcdMcQJji7Dfm2x3hf,image/png,135915,2025-09-10T12:21:50.000Z
MATERIAL IDV - LÓGIKA CREATIVE-20250915T204950Z-1-001/LOGOS/LOGO 01 - MAGENTA FUNDO BRANCO.png,LOGO 01 - MAGENTA FUNDO BRANCO.png,1xUeFtICFKl-H1FW33IaoeavXAyb-vfFu,image/png,123909,2025-09-10T12:20:36.000Z
MATERIAL IDV - LÓGIKA CREATIVE-20250915T204950Z-1-001/LOGOS/LOGO 01 - MAGENTA FUNDO PRETO.png,LOGO 01 - MAGENTA FUNDO PRETO.png,1eDJDZki1Mts-V8i0b_G4ep3Q3-_Y5JLA,image/png,124439,2025-09-10T12:20:26.000Z
MATERIAL IDV - LÓGIKA CREATIVE-20250915T204950Z-1-001/LOGOS/LOGO 01 - MAGENTA SEM FUNDO.png,LOGO 01 - MAGENTA SEM FUNDO.png,10kHR9GJ3O_Mfi-Um_LvUaRhEn3aaD2Xk,image/png,98107,2025-09-10T12:20:46.000Z
MATERIAL IDV - LÓGIKA CREATIVE-20250915T204950Z-1-001/LOGOS/LOGO 01 - PRETA FUNDO BRANCO.png,LOGO 01 - PRETA FUNDO BRANCO.png,1_KW8pyT1q7V70cDmA130i7QojNXa-FqP,image/png,126264,2025-09-10T12:18:48.000Z
MATERIAL IDV - LÓGIKA CREATIVE-20250915T204950Z-1-001/LOGOS/LOGO 01 - PRETA FUNDO MAGENTA_.png,LOGO 01 - PRETA FUNDO MAGENTA_.png,1RiEP7jWTO0a8RLOKIp0oReUTXU3fi8DI,image/png,124575,2025-09-10T12:19:50.000Z
MATERIAL IDV - LÓGIKA CREATIVE-20250915T204950Z-1-001/LOGOS/LOGO 01 - PRETA SEM FUNDO.png,LOGO 01 - PRETA SEM FUNDO.png,19uERIIvUywB3KH7PU2UlKJnvaAaY_9x2,image/png,98563,2025-09-10T12:18:35.000Z
MATERIAL IDV - LÓGIKA CREATIVE-20250915T204950Z-1-001/LOGOS/LOGO 02 - BRANCA FUNDO PRETO.png,LOGO 02 - BRANCA FUNDO PRETO.png,1m35PH7YyfI_nMUMG0HfaHkAvdWoLVSfy,image/png,148778,2025-09-10T12:22:51.000Z
MATERIAL IDV - LÓGIKA CREATIVE-20250915T204950Z-1-001/LOGOS/LOGO 02 - BRANCA SEM FUNDO.png,LOGO 02 - BRANCA SEM FUNDO.png,1D31kVYmN-T0Rm5uJAjVPl6hY9N6K_hhV,image/png,108595,2025-09-10T12:22:58.000Z
MATERIAL IDV - LÓGIKA CREATIVE-20250915T204950Z-1-001/LOGOS/LOGO 02 - COLORIDA 1 FUNDO PRETO.png,LOGO 02 - COLORIDA 1 FUNDO PRETO.png,1BYJAhzwsVYIyeGcYPIk6KY4FSLEKCZXz,image/png,146475,2025-09-10T12:24:12.000Z
MATERIAL IDV - LÓGIKA CREATIVE-20250915T204950Z-1-001/LOGOS/LOGO 02 - COLORIDA 1 SEM FUNDO.png,LOGO 02 - COLORIDA 1 SEM FUNDO.png,1WegUlItYvunF4WQWaV3RTughbKfH1vCe,image/png,127924,2025-09-10T12:24:48.000Z
MATERIAL IDV - LÓGIKA CREATIVE-20250915T204950Z-1-001/LOGOS/LOGO 02 - COLORIDA 2 FUNDO BRANCO.png,LOGO 02 - COLORIDA 2 FUNDO BRANCO.png,1jouYMsDXQ-88f0jGAhxWTzCV-3HLJ_h2,image/png,146863,2025-09-10T12:24:31.000Z
MATERIAL IDV - LÓGIKA CREATIVE-20250915T204950Z-1-001/LOGOS/LOGO 02 - COLORIDA 2 SEM FUNDO.png,LOGO 02 - COLORIDA 2 SEM FUNDO.png,1lLnUO5Tavzv9KoRIF_dwBCfpAFHvEu87,image/png,131216,2025-09-10T12:24:40.000Z
MATERIAL IDV - LÓGIKA CREATIVE-20250915T204950Z-1-001/LOGOS/LOGO 02 - MAGENTA FUNDO BRANCO.png,LOGO 02 - MAGENTA FUNDO BRANCO.png,1QGr0xRcpxZqIVySPA0WKoHfqeAD1M1E_,image/png,140348,2025-09-10T12:26:30.000Z
MATERIAL IDV - LÓGIKA CREATIVE-20250915T204950Z-1-001/LOGOS/LOGO 02 - MAGENTA FUNDO PRETO.png,LOGO 02 - MAGENTA FUNDO PRETO.png,1E-AgFdBZzHRudaKonDPfjy90BvzYQpff,image/png,139093,2025-09-10T12:26:37.000Z
MATERIAL IDV - LÓGIKA CREATIVE-20250915T204950Z-1-001/LOGOS/LOGO 02 - MAGENTA SEM FUNDO.png,LOGO 02 - MAGENTA SEM FUNDO.png,1B6GB4PO8HejjHZI9jvlJpndFj7AMMcBk,image/png,115498,2025-09-10T12:26:46.000Z
MATERIAL IDV - LÓGIKA CREATIVE-20250915T204950Z-1-001/PAPEL DE PAREDE - MACBOOK/PAPEL DE PAREDE - LOGIKA CREATIVE.png,PAPEL DE PAREDE - LOGIKA CREATIVE.png,1ZJHtiUIMqCLjRk6-Ea31eua0jyNWZnsJ,image/png,173327,2025-09-03T12:41:49.000Z
MATERIAL IDV - LÓGIKA CREATIVE-20250915T204950Z-1-001/PLACA/PLACA LOGIKA - IMAGEM.png,PLACA LOGIKA - IMAGEM.png,1VWzlJM-pF01OAjsrpWTBvfPHYkEidE3r,image/png,20332306,2025-09-03T14:10:36.000Z
