grupo,nome_normalizado,size,ocorrencias,path,id,mimeType
1,leia-me.pdf,154159,26,JADIELSON/EBOOK's/LEIA-ME (1).pdf,1BItenyifluoT_ppZNx6G_rqyxDfOpM6y,application/pdf
1,leia-me.pdf,154159,26,CURSOS/💻 Curso Viver De Youtube - Peter Jordan/01. Introdução e Boas Vindas/LEIA-ME (1).pdf,1rC7WHi_zfTwNElnJ3eiTJM2S1vQVlfpd,application/pdf
1,leia-me.pdf,154159,26,CURSOS/💻 Curso Viver De Youtube - Peter Jordan/01. Introdução e Boas Vindas/LEIA-ME.pdf,1WTD-p5aPFTRdbZHa77vU0lqh86gc9G_X,application/pdf
1,leia-me.pdf,154159,26,CURSOS/💻 Curso Viver De Youtube - Peter Jordan/02. Mindset do Youtuber/LEIA-ME (1).pdf,1cVvJg6K3JY41Quc76rWSVF49-bm45O6Z,application/pdf
1,leia-me.pdf,154159,26,CURSOS/💻 Curso Viver De Youtube - Peter Jordan/02. Mindset do Youtuber/LEIA-ME.pdf,1Yd-PF8kCzzxbXZHDj4SzA9tACvUvT9iJ,application/pdf
1,leia-me.pdf,154159,26,CURSOS/💻 Curso Viver De Youtube - Peter Jordan/03. Visão Geral e Conhecendo a Plataforma/LEIA-ME (1).pdf,1ORgs20Zg8TlwqpnKCIrFhkWmtQTelO2v,application/pdf
1,leia-me.pdf,154159,26,CURSOS/💻 Curso Viver De Youtube - Peter Jordan/03. Visão Geral e Conhecendo a Plataforma/LEIA-ME.pdf,1R3zcjM1E9WkYvzLe10SnMUXpDJSpMT-8,application/pdf
1,leia-me.pdf,154159,26,CURSOS/💻 Curso Viver De Youtube - Peter Jordan/04. Definindo Nicho do Seu Canal/LEIA-ME (1).pdf,1bioOZi1zy9YDcaEAKM2MHAyV_wzrtKms,application/pdf
1,leia-me.pdf,154159,26,CURSOS/💻 Curso Viver De Youtube - Peter Jordan/04. Definindo Nicho do Seu Canal/LEIA-ME.pdf,1geIf6IPsgyLyBPCWUUJj4ymKyqENulIK,application/pdf
1,leia-me.pdf,154159,26,CURSOS/💻 Curso Viver De Youtube - Peter Jordan/05. Criando Seu Canal na Prática/LEIA-ME (1).pdf,1nGfOKQ5wnMynrpko38aCY0sye9Qvte5j,application/pdf
1,leia-me.pdf,154159,26,CURSOS/💻 Curso Viver De Youtube - Peter Jordan/05. Criando Seu Canal na Prática/LEIA-ME.pdf,1SdpBCkLrfYR5FEnR5YwS0tCLtSb20SnA,application/pdf
1,leia-me.pdf,154159,26,CURSOS/💻 Curso Viver De Youtube - Peter Jordan/06. Como Ganhar Dinheiro no Youtube/LEIA-ME (1).pdf,1_S1ctj2feXABLiKP74-Qk5ye_-mRXt35,application/pdf
1,leia-me.pdf,154159,26,CURSOS/💻 Curso Viver De Youtube - Peter Jordan/06. Como Ganhar Dinheiro no Youtube/LEIA-ME.pdf,1FS-FZhxT-EGm921ExdQsakYqX87EqqOy,application/pdf
1,leia-me.pdf,154159,26,CURSOS/💻 Curso Viver De Youtube - Peter Jordan/07. Planejando Seus Conteúdos/LEIA-ME (1).pdf,12kY51jZrZ96PchYBUZs8nyTdrAEu-YEf,application/pdf
1,leia-me.pdf,154159,26,CURSOS/💻 Curso Viver De Youtube - Peter Jordan/07. Planejando Seus Conteúdos/LEIA-ME.pdf,1ik87238EcV7BgDqIOQ1zV0LvgkrILc4M,application/pdf
1,leia-me.pdf,154159,26,CURSOS/💻 Curso Viver De Youtube - Peter Jordan/08. Dicas de Performance/LEIA-ME (1).pdf,1r9QkIsKfDsELNC4T3PW4zqu1uTFpAuFr,application/pdf
1,leia-me.pdf,154159,26,CURSOS/💻 Curso Viver De Youtube - Peter Jordan/08. Dicas de Performance/LEIA-ME.pdf,14goVfmXrUq3SACtFXdRjUCty4CKpmBlo,application/pdf
1,leia-me.pdf,154159,26,CURSOS/💻 Curso Viver De Youtube - Peter Jordan/09. Produzindo e Publicando Seus Vídeos/LEIA-ME.pdf,12-L7b3wdanargr9Im9JMoummiaolNjXT,application/pdf
1,leia-me.pdf,154159,26,CURSOS/💻 Curso Viver De Youtube - Peter Jordan/10. Conhecendo e Dominando Analytics/LEIA-ME (1).pdf,1zw9d0Cn0JkKLIiJg8SD3LhfUY9-K8-hP,application/pdf
1,leia-me.pdf,154159,26,CURSOS/💻 Curso Viver De Youtube - Peter Jordan/10. Conhecendo e Dominando Analytics/LEIA-ME.pdf,1tgmRzcdyRg1NU6FXNnxMTV8btpl3dhnB,application/pdf
1,leia-me.pdf,154159,26,CURSOS/💻 Curso Viver De Youtube - Peter Jordan/11. Materiais Premium para Download/LEIA-ME (1).pdf,101PDRTYSW0b-mdz9makRI_z28SGVEo9c,application/pdf
1,leia-me.pdf,154159,26,CURSOS/💻 Curso Viver De Youtube - Peter Jordan/11. Materiais Premium para Download/LEIA-ME.pdf,1NkuXtEFPwRiVSZnTTEiMVFmjmTEtdb2J,application/pdf
1,leia-me.pdf,154159,26,CURSOS/💻 Curso Viver De Youtube - Peter Jordan/12. Dicas Complementares/LEIA-ME (1).pdf,15bTPy-quYDNJLKDoBQtKXhRUtPY9EvPL,application/pdf
1,leia-me.pdf,154159,26,CURSOS/💻 Curso Viver De Youtube - Peter Jordan/12. Dicas Complementares/LEIA-ME.pdf,12xtzMc18qJ-12bMyA62hjWUFVIFStII2,application/pdf
1,leia-me.pdf,154159,26,CURSOS/💻 Curso Viver De Youtube - Peter Jordan/LEIA-ME.pdf,19YXBt0jKWUXPgEdDnc1byBAd-nR5EN4N,application/pdf
1,leia-me.pdf,154159,26,EBOOKs/LEIA-ME (1).pdf,1Kvn-dAZrLz5bewtHvIBgPGTp4twQ4sxF,application/pdf
2,desc.html,279,11,CURSOS_EBOOKS/EXECUÇÃO MÁXIMA - Luana Carolina/2. 3 armas do longo prazo/2. 3 armas do longo prazo/1. Introdução ao módulo/desc.html,1uOceA8B9ys4aJcj8YkuusfbNkJL3epi8,text/html
2,desc.html,279,11,CURSOS_EBOOKS/EXECUÇÃO MÁXIMA - Luana Carolina/2. 3 armas do longo prazo/2. 3 armas do longo prazo/2. Confiança em si mesmo/desc.html,1XODptUwhMjiHtG1dLLWwZq_5T8UCJDA2,text/html
2,desc.html,279,11,CURSOS_EBOOKS/EXECUÇÃO MÁXIMA - Luana Carolina/2. 3 armas do longo prazo/2. 3 armas do longo prazo/3. As pequenas vitórias/desc.html,1vpT_5BOHf2OB6WjR8ndKhHgbshVx5IjD,text/html
2,desc.html,279,11,"CURSOS_EBOOKS/EXECUÇÃO MÁXIMA - Luana Carolina/2. 3 armas do longo prazo/2. 3 armas do longo prazo/4. Excelência como fim, não meio/desc.html",1b7S9Eeiu2AXtRA30crOZR36isPVR1UFR,text/html
2,desc.html,279,11,CURSOS_EBOOKS/EXECUÇÃO MÁXIMA - Luana Carolina/3. Foco vs Procrastinação/3. Foco vs Procrastinação/1. Como ter foco/desc.html,15KE-pPncxV_WotCfBfZBxBwU5_3658SQ,text/html
2,desc.html,279,11,CURSOS_EBOOKS/EXECUÇÃO MÁXIMA - Luana Carolina/3. Foco vs Procrastinação/3. Foco vs Procrastinação/2. Busca pela autorresponsabilidade/desc.html,1S8nO4tCNx5QJ36fICRbsqQAwZufueOVB,text/html
2,desc.html,279,11,CURSOS_EBOOKS/EXECUÇÃO MÁXIMA - Luana Carolina/3. Foco vs Procrastinação/3. Foco vs Procrastinação/3. Desenvolvendo bons hábitos/desc.html,1cEq8HOwmGHO70zHPOSHCKZ7Av7biJF-P,text/html
2,desc.html,279,11,CURSOS_EBOOKS/EXECUÇÃO MÁXIMA - Luana Carolina/3. Foco vs Procrastinação/3. Foco vs Procrastinação/4. O monstro da procrastinação/desc.html,1jXJoWRoUXn5kR8DDEe9QH-ODTX8_kk9H,text/html
2,desc.html,279,11,CURSOS_EBOOKS/EXECUÇÃO MÁXIMA - Luana Carolina/O INÍCIO - 4 MITOS DA PRODUTIVIDADE/2.ESFORÇO/desc.html,1yb0JkXsJYKRxzDp_8d3j27tb3q_LtBpo,text/html
2,desc.html,279,11,CURSOS_EBOOKS/EXECUÇÃO MÁXIMA - Luana Carolina/O INÍCIO - 4 MITOS DA PRODUTIVIDADE/3. Quantidade x Qualidade/3. Quantidade x Qualidade/desc.html,1H5K5P0FN_KPop1bQx7525GpjnGM3wvQm,text/html
2,desc.html,279,11,CURSOS_EBOOKS/EXECUÇÃO MÁXIMA - Luana Carolina/O INÍCIO - 4 MITOS DA PRODUTIVIDADE/4. Eu não tenho tempo/4. Eu não tenho tempo/desc.html,1MzmwZeF4-gJa_UGg8_BqVQMJQTgU_Zqv,text/html
3,trilhas retiradas da plataforma-20260528t150600z-3-001.zip,2147429188,6,CURSOS/ASIMOV/TRILHAS RETIRADAS DA PLATAFORMA-20260528T150600Z-3-001 (2).zip,17SGVHIH7L7p_scjIKpU3ZODMEBlLIhMk,application/zip
3,trilhas retiradas da plataforma-20260528t150600z-3-001.zip,2147429188,6,CURSOS/ASIMOV/TRILHAS RETIRADAS DA PLATAFORMA-20260528T150600Z-3-001.zip,18JVzKIAYEH_Yw8W2tpKfSDDE9OIcb6Sk,application/zip
3,trilhas retiradas da plataforma-20260528t150600z-3-001.zip,2147429188,6,CURSOS/ASIMOV/TRILHAS RETIRADAS DA PLATAFORMA/TRILHAS RETIRADAS DA PLATAFORMA-20260528T150600Z-3-001 (2).zip,1I0j3yx4E5SA4gaJtCTVEP0SQ3CcKbbYN,application/zip
3,trilhas retiradas da plataforma-20260528t150600z-3-001.zip,2147429188,6,CURSOS/ASIMOV/TRILHAS RETIRADAS DA PLATAFORMA/TRILHAS RETIRADAS DA PLATAFORMA-20260528T150600Z-3-001 (2).zip,1j1A8VPhs2wB9mUTZEQ3tF591pG04PQVa,application/zip
3,trilhas retiradas da plataforma-20260528t150600z-3-001.zip,2147429188,6,CURSOS/ASIMOV/TRILHAS RETIRADAS DA PLATAFORMA/TRILHAS RETIRADAS DA PLATAFORMA-20260528T150600Z-3-001.zip,1hmdHLO9xMqlKfOGw2290xV3IbjjtXu6A,application/zip
3,trilhas retiradas da plataforma-20260528t150600z-3-001.zip,2147429188,6,CURSOS/ASIMOV/TRILHAS RETIRADAS DA PLATAFORMA/TRILHAS RETIRADAS DA PLATAFORMA-20260528T150600Z-3-001.zip,1HYreRy_0qWGERbr9y_gEuparsPlp2o8n,application/zip
4,roube como um artista - austin kleon.epub,2033998,6,JADIELSON/EBOOK's/CONVERTIDOS EM EPUB/Roube Como Um Artista - Austin Kleon.epub,1y2Qi0Knuk29gsoNCx28BKALjkPDVBCa4,application/epub+zip
4,roube como um artista - austin kleon.epub,2033998,6,EBOOKs/CONVERTIDOS EM EPUB/Roube Como Um Artista - Austin Kleon.epub,1uhx7x7MZiF9z4G5tnNt7Oz-h_8bX74mm,application/epub+zip
4,roube como um artista - austin kleon.epub,2033998,6,EBOOKs/Roube Como Um Artista - Austin Kleon.epub,1oGz5IQQDUxo5DZwBIQL86M-ABHr_wLkF,application/epub+zip
4,roube como um artista - austin kleon.epub,2033998,6,EBOOKs/Roube Como Um Artista - Austin Kleon.epub,1_odscCbUZtLQb59XZM4D2zYcK3ycm0EI,application/epub+zip
4,roube como um artista - austin kleon.epub,2033998,6,EBOOKs/Roube Como Um Artista - Austin Kleon.epub,1fUlFVghse8Z74sRkDX7CzNvbNmMOs_ci,application/epub+zip
4,roube como um artista - austin kleon.epub,2033998,6,EBOOKs/Roube Como Um Artista - Austin Kleon.epub,13mLs6d7DNI8QH57nY9zEDJbT2XPUXEB5,application/epub+zip
5,a carta de vendas de 16 palavras.epub,1488543,5,JADIELSON/EBOOK's/CONVERTIDOS EM EPUB/A CARTA DE VENDAS DE 16 PALAVRAS.epub,1pTZp6wSNSqY2uiT8AgmIoUqowoOtcf_B,application/epub+zip
5,a carta de vendas de 16 palavras.epub,1488543,5,EBOOKs/A CARTA DE VENDAS DE 16 PALAVRAS.epub,1C0O6eNDtz_3Q8A-Psf01X_U2stQ82AVU,application/epub+zip
5,a carta de vendas de 16 palavras.epub,1488543,5,EBOOKs/A CARTA DE VENDAS DE 16 PALAVRAS.epub,1fuoY-Krd7Fnx3eeUNt7aZzMUTMxoIUNV,application/epub+zip
5,a carta de vendas de 16 palavras.epub,1488543,5,EBOOKs/A CARTA DE VENDAS DE 16 PALAVRAS.epub,10mOuup8VILhxdRTU-U8k_0hdXEgTScOa,application/epub+zip
5,a carta de vendas de 16 palavras.epub,1488543,5,EBOOKs/CONVERTIDOS EM EPUB/A CARTA DE VENDAS DE 16 PALAVRAS.epub,1tSmy936KSXcCBOIoOyrroAWD-C7Mguek,application/epub+zip
6,como faturar 3k vendendo produtos de social media.epub,1095934,5,JADIELSON/EBOOK's/CONVERTIDOS EM EPUB/Como faturar 3k vendendo produtos de Social Media.epub,1jBihdnj4vuWlKquqxxVV2WkHGv7h-xU4,application/epub+zip
6,como faturar 3k vendendo produtos de social media.epub,1095934,5,EBOOKs/CONVERTIDOS EM EPUB/Como faturar 3k vendendo produtos de Social Media.epub,183e7j31eoAmhW-Fn3LXsFu17u767u4zG,application/epub+zip
6,como faturar 3k vendendo produtos de social media.epub,1095934,5,EBOOKs/Como faturar 3k vendendo produtos de Social Media.epub,1JdvU_9c7QGc3L1Q1I8jgX8M9zkPDXjK3,application/epub+zip
6,como faturar 3k vendendo produtos de social media.epub,1095934,5,EBOOKs/Como faturar 3k vendendo produtos de Social Media.epub,1aO2FIkddtYY9Zt3nCC3tnPAOSlVxwA6H,application/epub+zip
6,como faturar 3k vendendo produtos de social media.epub,1095934,5,EBOOKs/Como faturar 3k vendendo produtos de Social Media.epub,1ZOaXBCyWc347cZAWJgUa1ijH_HzCAuMP,application/epub+zip
7,acesso vitalicio - hoodcursos.pdf,775986,5,CURSOS_EBOOKS/Acesso Vitalicio - HoodCursos.pdf,1HRLPo-pmM_aodTiVzNE-riu9LXYTnCDg,application/pdf
7,acesso vitalicio - hoodcursos.pdf,775986,5,CURSOS_EBOOKS/MEGABOX/Acesso Vitalicio - HoodCursos.pdf,1raxp960TCbqgEQ8yeWl-Gz7hz-GsWcQo,application/pdf
7,acesso vitalicio - hoodcursos.pdf,775986,5,JADIELSON/EBOOK's/Acesso Vitalicio - HoodCursos.pdf,1eh4aU0mXxWsj23bgV3ArzwJURH4wvviw,application/pdf
7,acesso vitalicio - hoodcursos.pdf,775986,5,CURSOS/ACERVO DE CURSOS/Acesso Vitalicio - HoodCursos (2).pdf,1uQYZjOoUkAIeIK67ZW2dDQa-grPB1xM-,application/pdf
7,acesso vitalicio - hoodcursos.pdf,775986,5,EBOOKs/Acesso Vitalicio - HoodCursos.pdf,1WGELexbL-S3c4BqcJapLkQfml1yOpwHt,application/pdf
8,escolha voce - james altucher.epub,605676,5,JADIELSON/EBOOK's/CONVERTIDOS EM EPUB/Escolha Voce - James Altucher.epub,1ZYEqT6AysedFcxti0ZE8MDh7lHyJm4uC,application/epub+zip
8,escolha voce - james altucher.epub,605676,5,EBOOKs/CONVERTIDOS EM EPUB/Escolha Voce - James Altucher.epub,1wb-S3rjzUMY620p6WxuuCGYnGaZU3zE4,application/epub+zip
8,escolha voce - james altucher.epub,605676,5,EBOOKs/Escolha Voce - James Altucher.epub,1AaoXCisB_KRhPy6PYFlWwgXLKI0UZeLu,application/epub+zip
8,escolha voce - james altucher.epub,605676,5,EBOOKs/Escolha Voce - James Altucher.epub,1O7BwwLxkx6hLzotG8nI_-Nx55QHFE8Mr,application/epub+zip
8,escolha voce - james altucher.epub,605676,5,EBOOKs/Escolha Voce - James Altucher.epub,11fMadiQvnbXVzGQcaS1S8e6Ds1z3UE3k,application/epub+zip
9,fora de serie - outliers - malcolm gladwell.epub,479684,5,JADIELSON/EBOOK's/CONVERTIDOS EM EPUB/Fora de Serie - Outliers - Malcolm Gladwell.epub,1Eo4opnIcDddJNYLcMGA2LwsL8Wvgzq0F,application/epub+zip
9,fora de serie - outliers - malcolm gladwell.epub,479684,5,EBOOKs/CONVERTIDOS EM EPUB/Fora de Serie - Outliers - Malcolm Gladwell.epub,1KdJMqwOqMyoFCLrEZVTz1v1xqLGYO9it,application/epub+zip
9,fora de serie - outliers - malcolm gladwell.epub,479684,5,EBOOKs/Fora de Serie - Outliers - Malcolm Gladwell.epub,1pV4aGIy-QSoCiQOw-UztGsKfRaJW1Ycb,application/epub+zip
9,fora de serie - outliers - malcolm gladwell.epub,479684,5,EBOOKs/Fora de Serie - Outliers - Malcolm Gladwell.epub,1AEY95cKYSrhd6nR9ECHXlv3e8sHavBSQ,application/epub+zip
9,fora de serie - outliers - malcolm gladwell.epub,479684,5,EBOOKs/Fora de Serie - Outliers - Malcolm Gladwell.epub,11zlm3Q3ybJaInNKAcxFNFcmuoQUNfdeL,application/epub+zip
10,mario schwartzmann - de olhos abertos.epub,217899,5,JADIELSON/EBOOK's/CONVERTIDOS EM EPUB/Mario Schwartzmann - De Olhos Abertos.epub,1ovedcBsuS4UfybsauRhamqcQt0P3jLcG,application/epub+zip
10,mario schwartzmann - de olhos abertos.epub,217899,5,EBOOKs/CONVERTIDOS EM EPUB/Mario Schwartzmann - De Olhos Abertos.epub,1bxVjn36O6v0VfqZO3mrxnznC2G2Tjgvs,application/epub+zip
10,mario schwartzmann - de olhos abertos.epub,217899,5,EBOOKs/Mario Schwartzmann - De Olhos Abertos.epub,1uYIaMFqdHM9vE-fweDF7w-k2lgy26vSv,application/epub+zip
10,mario schwartzmann - de olhos abertos.epub,217899,5,EBOOKs/Mario Schwartzmann - De Olhos Abertos.epub,1f3KBXDlLd_SCYQ1z0my9YyQIq7tvMgiw,application/epub+zip
10,mario schwartzmann - de olhos abertos.epub,217899,5,EBOOKs/Mario Schwartzmann - De Olhos Abertos.epub,1AA-nphfKyc0inUrKQPYoinUqcLLg9AqS,application/epub+zip
11,100 títulos que chamam a atenção.epub,26715996,4,EBOOKs/100 Títulos Que Chamam a Atenção.epub,1KUIUH7C4uIWYSAf9t1Z2hRNu03U7D_mB,application/epub+zip
11,100 títulos que chamam a atenção.epub,26715996,4,EBOOKs/100 Títulos Que Chamam a Atenção.epub,12wlJPiA4WEjuzGEqEw4HF4qDQWTKr45q,application/epub+zip
11,100 títulos que chamam a atenção.epub,26715996,4,EBOOKs/100 Títulos Que Chamam a Atenção.epub,1fVOfFtvWvybaSYP8f8e2qIyKCDok-bfM,application/epub+zip
11,100 títulos que chamam a atenção.epub,26715996,4,EBOOKs/CONVERTIDOS EM EPUB/100 Títulos Que Chamam a Atenção.epub,1sQXBDlsX6QnVyzmCeuaCTOq9k1za6tUA,application/epub+zip
12,hackeando o conteúdo - rafael marques.epub,10460061,4,EBOOKs/CONVERTIDOS EM EPUB/Hackeando o Conteúdo - Rafael Marques.epub,1wC89bshgc2R0Bsm71cqm69uZy8pJPv3d,application/epub+zip
12,hackeando o conteúdo - rafael marques.epub,10460061,4,EBOOKs/Hackeando o Conteúdo - Rafael Marques.epub,1mYS9Q9jmFdIyq_jBInbJMlDDsIUJADF1,application/epub+zip
12,hackeando o conteúdo - rafael marques.epub,10460061,4,EBOOKs/Hackeando o Conteúdo - Rafael Marques.epub,1alWCfSmhG5-PuJ77_ITOwTR1MIbU4Mkb,application/epub+zip
12,hackeando o conteúdo - rafael marques.epub,10460061,4,EBOOKs/Hackeando o Conteúdo - Rafael Marques.epub,1oDXEE9wB_dRpGVCuIVu6F20k8Rqh_ixf,application/epub+zip
13,profissão social media.epub,1632269,4,EBOOKs/CONVERTIDOS EM EPUB/Profissão Social Media.epub,1CGxmvYXyhJ3e84GU0kiC11vMafeSlyrj,application/epub+zip
13,profissão social media.epub,1632269,4,EBOOKs/Profissão Social Media.epub,1lvQbFVo7S1b8gcArQlOAq7iq-vl8O9oS,application/epub+zip
13,profissão social media.epub,1632269,4,EBOOKs/Profissão Social Media.epub,1guLSO39AddR5McuRq89ff6xWwSXe6BXh,application/epub+zip
13,profissão social media.epub,1632269,4,EBOOKs/Profissão Social Media.epub,1Pcls5i8pvsAFPjk2n7SGLYBBWV6aqlDs,application/epub+zip
14,armas da persuasão - robert b. cialdini .epub.epub,552420,4,EBOOKs/Armas da persuasão - Robert B. Cialdini .epub.epub,1WAA6c68Zbt7MiXlwpQLYXHo_uOw8MUwK,application/epub+zip
14,armas da persuasão - robert b. cialdini .epub.epub,552420,4,EBOOKs/Armas da persuasão - Robert B. Cialdini .epub.epub,1Rk3J_dXqJAJVDXpOhYItW5VeKssUJkhU,application/epub+zip
14,armas da persuasão - robert b. cialdini .epub.epub,552420,4,EBOOKs/Armas da persuasão - Robert B. Cialdini .epub.epub,1T52vDmscKhdXy3AtZu-LTmT0ngzJKT3K,application/epub+zip
14,armas da persuasão - robert b. cialdini .epub.epub,552420,4,EBOOKs/CONVERTIDOS EM EPUB/Armas da persuasão - Robert B. Cialdini .epub.epub,174g0CXgaYmeT-QKXq64jxkmQ1sU1qwRv,application/epub+zip
15,trilhas retiradas da plataforma-20260528t150600z-3-016.zip,2147391507,3,CURSOS/ASIMOV/TRILHAS RETIRADAS DA PLATAFORMA-20260528T150600Z-3-016.zip,1gee5DboL_sUyRTPW3fiTQh5LGbRdi88Q,application/zip
15,trilhas retiradas da plataforma-20260528t150600z-3-016.zip,2147391507,3,CURSOS/ASIMOV/TRILHAS RETIRADAS DA PLATAFORMA/TRILHAS RETIRADAS DA PLATAFORMA-20260528T150600Z-3-016.zip,100pOUqgCvz13reYNWZBVQRSNcPNG5MmU,application/zip
15,trilhas retiradas da plataforma-20260528t150600z-3-016.zip,2147391507,3,CURSOS/ASIMOV/TRILHAS RETIRADAS DA PLATAFORMA/TRILHAS RETIRADAS DA PLATAFORMA-20260528T150600Z-3-016.zip,1CLe1HTq6vamK699YPKuFZQbFRAag6PRg,application/zip
16,trilhas retiradas da plataforma-20260529t041136z-3-004.zip,2147341509,3,CURSOS/ASIMOV/TRILHAS RETIRADAS DA PLATAFORMA-20260529T041136Z-3-004.zip,1dwjWQKFJUvGZ1QxThTosP1LLD1hjQcd2,application/zip
16,trilhas retiradas da plataforma-20260529t041136z-3-004.zip,2147341509,3,CURSOS/ASIMOV/TRILHAS RETIRADAS DA PLATAFORMA/TRILHAS RETIRADAS DA PLATAFORMA-20260529T041136Z-3-004.zip,1oK69ozLtItgmI6NLnNYbjUsTKbAahJEt,application/zip
16,trilhas retiradas da plataforma-20260529t041136z-3-004.zip,2147341509,3,CURSOS/ASIMOV/TRILHAS RETIRADAS DA PLATAFORMA/TRILHAS RETIRADAS DA PLATAFORMA-20260529T041136Z-3-004.zip,1YPA2H6MlsgRAyCyT5EkbxLQJ1-t24FKT,application/zip
17,trilhas retiradas da plataforma-20260529t041136z-3-001.zip,2147327512,3,CURSOS/ASIMOV/TRILHAS RETIRADAS DA PLATAFORMA-20260529T041136Z-3-001.zip,1gLG9CVC4lsvQaRj4iCdrMAHWKFKpO9OG,application/zip
17,trilhas retiradas da plataforma-20260529t041136z-3-001.zip,2147327512,3,CURSOS/ASIMOV/TRILHAS RETIRADAS DA PLATAFORMA/TRILHAS RETIRADAS DA PLATAFORMA-20260529T041136Z-3-001.zip,1n0xt4gZWptr92XKmU-it_oQ50q3wcW_-,application/zip
17,trilhas retiradas da plataforma-20260529t041136z-3-001.zip,2147327512,3,CURSOS/ASIMOV/TRILHAS RETIRADAS DA PLATAFORMA/TRILHAS RETIRADAS DA PLATAFORMA-20260529T041136Z-3-001.zip,1iynwFf3nYu9u1onUusWHZ5FdEtn8kg2X,application/zip
18,trilhas retiradas da plataforma-20260528t150600z-3-009.zip,2147164401,3,CURSOS/ASIMOV/TRILHAS RETIRADAS DA PLATAFORMA-20260528T150600Z-3-009.zip,1W-7hKjdG-xTG0u4us0YsYZyebok6y5Gk,application/zip
18,trilhas retiradas da plataforma-20260528t150600z-3-009.zip,2147164401,3,CURSOS/ASIMOV/TRILHAS RETIRADAS DA PLATAFORMA/TRILHAS RETIRADAS DA PLATAFORMA-20260528T150600Z-3-009.zip,14QEjGJRPas4XAX_TwrNzEWuhBDqF7beM,application/zip
18,trilhas retiradas da plataforma-20260528t150600z-3-009.zip,2147164401,3,CURSOS/ASIMOV/TRILHAS RETIRADAS DA PLATAFORMA/TRILHAS RETIRADAS DA PLATAFORMA-20260528T150600Z-3-009.zip,1lvb9nGWrTFleKAtEB93PDKbuJjd0cZfW,application/zip
19,trilhas retiradas da plataforma-20260529t041136z-3-002.zip,2147003886,3,CURSOS/ASIMOV/TRILHAS RETIRADAS DA PLATAFORMA-20260529T041136Z-3-002.zip,1ROf8gIJLJfpxMMj6O-MM9idYeOZbG3mi,application/zip
19,trilhas retiradas da plataforma-20260529t041136z-3-002.zip,2147003886,3,CURSOS/ASIMOV/TRILHAS RETIRADAS DA PLATAFORMA/TRILHAS RETIRADAS DA PLATAFORMA-20260529T041136Z-3-002.zip,1GpSKbmuSyUxPr3intlN-NEuKykVedZOc,application/zip
19,trilhas retiradas da plataforma-20260529t041136z-3-002.zip,2147003886,3,CURSOS/ASIMOV/TRILHAS RETIRADAS DA PLATAFORMA/TRILHAS RETIRADAS DA PLATAFORMA-20260529T041136Z-3-002.zip,1wMp3MjB5kYFUu_1gaF2k2zkxyLrTiFcp,application/zip
20,trilhas retiradas da plataforma-20260529t041136z-3-014.zip,2146359623,3,CURSOS/ASIMOV/TRILHAS RETIRADAS DA PLATAFORMA-20260529T041136Z-3-014.zip,1Q5-bOx1wPcT0Vy7tP5v23S3qz98vnWWr,application/zip
20,trilhas retiradas da plataforma-20260529t041136z-3-014.zip,2146359623,3,CURSOS/ASIMOV/TRILHAS RETIRADAS DA PLATAFORMA/TRILHAS RETIRADAS DA PLATAFORMA-20260529T041136Z-3-014.zip,1uScNLGknZaAoSaw1dMkxsbLldI_SsZ4k,application/zip
20,trilhas retiradas da plataforma-20260529t041136z-3-014.zip,2146359623,3,CURSOS/ASIMOV/TRILHAS RETIRADAS DA PLATAFORMA/TRILHAS RETIRADAS DA PLATAFORMA-20260529T041136Z-3-014.zip,1-Y4ax00ZSzqAVGKh4J72jYs3LBwVlUNn,application/zip
21,trilhas retiradas da plataforma-20260528t150600z-3-006.zip,2146057306,3,CURSOS/ASIMOV/TRILHAS RETIRADAS DA PLATAFORMA-20260528T150600Z-3-006.zip,1b9FzMUDqmaAX_iQvSnD6C_upPYspuhaB,application/zip
21,trilhas retiradas da plataforma-20260528t150600z-3-006.zip,2146057306,3,CURSOS/ASIMOV/TRILHAS RETIRADAS DA PLATAFORMA/TRILHAS RETIRADAS DA PLATAFORMA-20260528T150600Z-3-006.zip,1iMDjSrYb1ww83LE5ukA-QIn8n1LikDfS,application/zip
21,trilhas retiradas da plataforma-20260528t150600z-3-006.zip,2146057306,3,CURSOS/ASIMOV/TRILHAS RETIRADAS DA PLATAFORMA/TRILHAS RETIRADAS DA PLATAFORMA-20260528T150600Z-3-006.zip,1eXWdACxD-0aGhofi5orouM3hw1e-x_WK,application/zip
22,trilhas retiradas da plataforma-20260528t150600z-3-008.zip,2145914106,3,CURSOS/ASIMOV/TRILHAS RETIRADAS DA PLATAFORMA-20260528T150600Z-3-008.zip,1d1iHOwLPhRE_I6AFmxda_EslahwCCpmZ,application/zip
22,trilhas retiradas da plataforma-20260528t150600z-3-008.zip,2145914106,3,CURSOS/ASIMOV/TRILHAS RETIRADAS DA PLATAFORMA/TRILHAS RETIRADAS DA PLATAFORMA-20260528T150600Z-3-008.zip,1BX_O9UTilQ2olGcUzVL5ttRV4j3Zmyjc,application/zip
22,trilhas retiradas da plataforma-20260528t150600z-3-008.zip,2145914106,3,CURSOS/ASIMOV/TRILHAS RETIRADAS DA PLATAFORMA/TRILHAS RETIRADAS DA PLATAFORMA-20260528T150600Z-3-008.zip,1U9wsL5D_a4ym2RsQ2hayJeIgIhbOX585,application/zip
23,trilhas retiradas da plataforma-20260528t150600z-3-017.zip,2145625447,3,CURSOS/ASIMOV/TRILHAS RETIRADAS DA PLATAFORMA-20260528T150600Z-3-017.zip,1AzI0vYns1BSz0nnsATut4df7SEbsfdA7,application/zip
23,trilhas retiradas da plataforma-20260528t150600z-3-017.zip,2145625447,3,CURSOS/ASIMOV/TRILHAS RETIRADAS DA PLATAFORMA/TRILHAS RETIRADAS DA PLATAFORMA-20260528T150600Z-3-017.zip,12RoZb6dwCL8ltaIXJMsw7gFZEwoM1dT8,application/zip
23,trilhas retiradas da plataforma-20260528t150600z-3-017.zip,2145625447,3,CURSOS/ASIMOV/TRILHAS RETIRADAS DA PLATAFORMA/TRILHAS RETIRADAS DA PLATAFORMA-20260528T150600Z-3-017.zip,1TtQF-IJOwDDS9TYvoUVyl_JsIjcD-glf,application/zip
24,trilhas retiradas da plataforma-20260529t041136z-3-003.zip,2145543674,3,CURSOS/ASIMOV/TRILHAS RETIRADAS DA PLATAFORMA-20260529T041136Z-3-003.zip,1pBEfWFy9BmEXnRyfG-ppSMRZxtSjJUJu,application/zip
24,trilhas retiradas da plataforma-20260529t041136z-3-003.zip,2145543674,3,CURSOS/ASIMOV/TRILHAS RETIRADAS DA PLATAFORMA/TRILHAS RETIRADAS DA PLATAFORMA-20260529T041136Z-3-003.zip,1hnf-9PVKXUDb1X_xHop8HZw4gt1AyZaP,application/zip
24,trilhas retiradas da plataforma-20260529t041136z-3-003.zip,2145543674,3,CURSOS/ASIMOV/TRILHAS RETIRADAS DA PLATAFORMA/TRILHAS RETIRADAS DA PLATAFORMA-20260529T041136Z-3-003.zip,1aRvGbaUifaBIkuMHL-xwwWPyCsjTinbA,application/zip
25,trilhas retiradas da plataforma-20260528t150600z-3-005.zip,2144908535,3,CURSOS/ASIMOV/TRILHAS RETIRADAS DA PLATAFORMA-20260528T150600Z-3-005.zip,1dZcCMYXr3AGzm7bMnxt-YryT13jw-gdT,application/zip
25,trilhas retiradas da plataforma-20260528t150600z-3-005.zip,2144908535,3,CURSOS/ASIMOV/TRILHAS RETIRADAS DA PLATAFORMA/TRILHAS RETIRADAS DA PLATAFORMA-20260528T150600Z-3-005.zip,1tcS6Z6zZ1ONLeFI3AAhVVald5OSYKoBi,application/zip
25,trilhas retiradas da plataforma-20260528t150600z-3-005.zip,2144908535,3,CURSOS/ASIMOV/TRILHAS RETIRADAS DA PLATAFORMA/TRILHAS RETIRADAS DA PLATAFORMA-20260528T150600Z-3-005.zip,1wJc9CIWx0ENoibUrPThAvTc65XhRDxXu,application/zip
26,trilhas retiradas da plataforma-20260529t041136z-3-006.zip,2144477713,3,CURSOS/ASIMOV/TRILHAS RETIRADAS DA PLATAFORMA-20260529T041136Z-3-006.zip,1-vv6CjIR9IdH9wDjiEdqqxo99HmqLT9x,application/zip
26,trilhas retiradas da plataforma-20260529t041136z-3-006.zip,2144477713,3,CURSOS/ASIMOV/TRILHAS RETIRADAS DA PLATAFORMA/TRILHAS RETIRADAS DA PLATAFORMA-20260529T041136Z-3-006.zip,1rbEIkj7wlkPI4zP0H_zkUMi1dIuEGuas,application/zip
26,trilhas retiradas da plataforma-20260529t041136z-3-006.zip,2144477713,3,CURSOS/ASIMOV/TRILHAS RETIRADAS DA PLATAFORMA/TRILHAS RETIRADAS DA PLATAFORMA-20260529T041136Z-3-006.zip,1F4Bif0PRw_-HypiB7Z7A5UNKb5sDpzyh,application/zip
27,trilhas retiradas da plataforma-20260528t150600z-3-014.zip,2141460048,3,CURSOS/ASIMOV/TRILHAS RETIRADAS DA PLATAFORMA-20260528T150600Z-3-014.zip,1AXwO3ehChNoFwiWBUZv47K4-5z9BA6Fd,application/zip
27,trilhas retiradas da plataforma-20260528t150600z-3-014.zip,2141460048,3,CURSOS/ASIMOV/TRILHAS RETIRADAS DA PLATAFORMA/TRILHAS RETIRADAS DA PLATAFORMA-20260528T150600Z-3-014.zip,1vy4VDvFrdToRYlHdZrcPZ1ZUkN8ZKRRw,application/zip
27,trilhas retiradas da plataforma-20260528t150600z-3-014.zip,2141460048,3,CURSOS/ASIMOV/TRILHAS RETIRADAS DA PLATAFORMA/TRILHAS RETIRADAS DA PLATAFORMA-20260528T150600Z-3-014.zip,1DC0_lbNynU8F_AVXG6L5IC7aVAKBwZgv,application/zip
28,trilhas retiradas da plataforma-20260528t150600z-3-019.zip,2139652464,3,CURSOS/ASIMOV/TRILHAS RETIRADAS DA PLATAFORMA-20260528T150600Z-3-019.zip,1zlqAeDBIhs2y8fIVF2CF3TdA8IdN-jlZ,application/zip
28,trilhas retiradas da plataforma-20260528t150600z-3-019.zip,2139652464,3,CURSOS/ASIMOV/TRILHAS RETIRADAS DA PLATAFORMA/TRILHAS RETIRADAS DA PLATAFORMA-20260528T150600Z-3-019.zip,16XHaqStZD8OkZaKSkEBgjVLcY9-aFQvr,application/zip
28,trilhas retiradas da plataforma-20260528t150600z-3-019.zip,2139652464,3,CURSOS/ASIMOV/TRILHAS RETIRADAS DA PLATAFORMA/TRILHAS RETIRADAS DA PLATAFORMA-20260528T150600Z-3-019.zip,1_Mq8ur--L4OzlmJAnPw1XdC8UZac86xH,application/zip
29,trilhas retiradas da plataforma-20260529t041136z-3-011.zip,2135761864,3,CURSOS/ASIMOV/TRILHAS RETIRADAS DA PLATAFORMA-20260529T041136Z-3-011.zip,1JjPntq7OfTlW1RnSaP-Zizjy3cAnKeGF,application/zip
29,trilhas retiradas da plataforma-20260529t041136z-3-011.zip,2135761864,3,CURSOS/ASIMOV/TRILHAS RETIRADAS DA PLATAFORMA/TRILHAS RETIRADAS DA PLATAFORMA-20260529T041136Z-3-011.zip,1Dmr66z1KFNyKO0ca4osmkT6IeENhNuoV,application/zip
29,trilhas retiradas da plataforma-20260529t041136z-3-011.zip,2135761864,3,CURSOS/ASIMOV/TRILHAS RETIRADAS DA PLATAFORMA/TRILHAS RETIRADAS DA PLATAFORMA-20260529T041136Z-3-011.zip,1OLd19daJCwgdZynngqvQ37uIBreM8FU-,application/zip
30,trilhas retiradas da plataforma-20260528t150600z-3-022.zip,2134024220,3,CURSOS/ASIMOV/TRILHAS RETIRADAS DA PLATAFORMA-20260528T150600Z-3-022.zip,1xpPkv2gOPaaoca1Tcgp-2Sii8JH73oHi,application/zip
30,trilhas retiradas da plataforma-20260528t150600z-3-022.zip,2134024220,3,CURSOS/ASIMOV/TRILHAS RETIRADAS DA PLATAFORMA/TRILHAS RETIRADAS DA PLATAFORMA-20260528T150600Z-3-022.zip,1_ZSUOqYOK5lfF_sSKvnEfvffAj4__zuc,application/zip
30,trilhas retiradas da plataforma-20260528t150600z-3-022.zip,2134024220,3,CURSOS/ASIMOV/TRILHAS RETIRADAS DA PLATAFORMA/TRILHAS RETIRADAS DA PLATAFORMA-20260528T150600Z-3-022.zip,1y9POv259QBmLowM7u2elRK0nGKhJJs6H,application/zip
31,trilhas retiradas da plataforma-20260529t041136z-3-007.zip,2133836070,3,CURSOS/ASIMOV/TRILHAS RETIRADAS DA PLATAFORMA-20260529T041136Z-3-007.zip,1uOu45n5NYyjD2JwPzkYAuLV6sEezCsMt,application/zip
31,trilhas retiradas da plataforma-20260529t041136z-3-007.zip,2133836070,3,CURSOS/ASIMOV/TRILHAS RETIRADAS DA PLATAFORMA/TRILHAS RETIRADAS DA PLATAFORMA-20260529T041136Z-3-007.zip,1kPC16S-9_WlegLhJnboPC3S17UOXEwcm,application/zip
31,trilhas retiradas da plataforma-20260529t041136z-3-007.zip,2133836070,3,CURSOS/ASIMOV/TRILHAS RETIRADAS DA PLATAFORMA/TRILHAS RETIRADAS DA PLATAFORMA-20260529T041136Z-3-007.zip,1p00EQYrfaQ_2R_oYionqMks5fD9foLYT,application/zip
32,trilhas retiradas da plataforma-20260529t041136z-3-013.zip,2132841523,3,CURSOS/ASIMOV/TRILHAS RETIRADAS DA PLATAFORMA-20260529T041136Z-3-013.zip,11crpNhSoyNrUNYeYrSWdl8pCb8cb1bP8,application/zip
32,trilhas retiradas da plataforma-20260529t041136z-3-013.zip,2132841523,3,CURSOS/ASIMOV/TRILHAS RETIRADAS DA PLATAFORMA/TRILHAS RETIRADAS DA PLATAFORMA-20260529T041136Z-3-013.zip,1-W5XG1xZ2lkBGyCKtVynoccJRbrVShUm,application/zip
32,trilhas retiradas da plataforma-20260529t041136z-3-013.zip,2132841523,3,CURSOS/ASIMOV/TRILHAS RETIRADAS DA PLATAFORMA/TRILHAS RETIRADAS DA PLATAFORMA-20260529T041136Z-3-013.zip,1eUV5zW38CAvYbqJxFC1qJsmoRjYMKD2u,application/zip
33,trilhas retiradas da plataforma-20260529t041136z-3-009.zip,2132372564,3,CURSOS/ASIMOV/TRILHAS RETIRADAS DA PLATAFORMA-20260529T041136Z-3-009.zip,1S_ajp1PKsoy0LEtZf-wXM92_eQvlGJ3i,application/zip
33,trilhas retiradas da plataforma-20260529t041136z-3-009.zip,2132372564,3,CURSOS/ASIMOV/TRILHAS RETIRADAS DA PLATAFORMA/TRILHAS RETIRADAS DA PLATAFORMA-20260529T041136Z-3-009.zip,1kO9J7fq6SKLvd-e3PAwFVuhMfRPYPEVt,application/zip
33,trilhas retiradas da plataforma-20260529t041136z-3-009.zip,2132372564,3,CURSOS/ASIMOV/TRILHAS RETIRADAS DA PLATAFORMA/TRILHAS RETIRADAS DA PLATAFORMA-20260529T041136Z-3-009.zip,1N_utMofhlYLiYNjqlzP39H5oQPsm_RZU,application/zip
34,trilhas retiradas da plataforma-20260529t041136z-3-012.zip,2131903666,3,CURSOS/ASIMOV/TRILHAS RETIRADAS DA PLATAFORMA-20260529T041136Z-3-012.zip,1l1o4V_Ivz8O-HuYK2uqc1J08z4tGR1ax,application/zip
34,trilhas retiradas da plataforma-20260529t041136z-3-012.zip,2131903666,3,CURSOS/ASIMOV/TRILHAS RETIRADAS DA PLATAFORMA/TRILHAS RETIRADAS DA PLATAFORMA-20260529T041136Z-3-012.zip,1BGDzGXhETH-Txj2GWC38hyrXeGOPBnJK,application/zip
34,trilhas retiradas da plataforma-20260529t041136z-3-012.zip,2131903666,3,CURSOS/ASIMOV/TRILHAS RETIRADAS DA PLATAFORMA/TRILHAS RETIRADAS DA PLATAFORMA-20260529T041136Z-3-012.zip,1rjReFjv_cKToL5_WOOj28i5Drrah2lA3,application/zip
35,trilhas retiradas da plataforma-20260529t041136z-3-017.zip,2131777817,3,CURSOS/ASIMOV/TRILHAS RETIRADAS DA PLATAFORMA-20260529T041136Z-3-017.zip,1VWiki-2YBuQJVQ8vEWtTzN-HElVYWfXl,application/zip
35,trilhas retiradas da plataforma-20260529t041136z-3-017.zip,2131777817,3,CURSOS/ASIMOV/TRILHAS RETIRADAS DA PLATAFORMA/TRILHAS RETIRADAS DA PLATAFORMA-20260529T041136Z-3-017.zip,18FSR9ifsbRdLNu1XVacmYt6G4Ywcw5JP,application/zip
35,trilhas retiradas da plataforma-20260529t041136z-3-017.zip,2131777817,3,CURSOS/ASIMOV/TRILHAS RETIRADAS DA PLATAFORMA/TRILHAS RETIRADAS DA PLATAFORMA-20260529T041136Z-3-017.zip,1Rymfe3VGDRxxjUvZUctY2L82vKMftvCv,application/zip
36,trilhas retiradas da plataforma-20260529t041136z-3-016.zip,2131668859,3,CURSOS/ASIMOV/TRILHAS RETIRADAS DA PLATAFORMA-20260529T041136Z-3-016.zip,1s9IdtCmVrAJgaUPnfEnMeE6n3XKjY2Wd,application/zip
36,trilhas retiradas da plataforma-20260529t041136z-3-016.zip,2131668859,3,CURSOS/ASIMOV/TRILHAS RETIRADAS DA PLATAFORMA/TRILHAS RETIRADAS DA PLATAFORMA-20260529T041136Z-3-016.zip,1uI0uCCOGygAV9SCfgzyhWZIVP-JxmSt0,application/zip
36,trilhas retiradas da plataforma-20260529t041136z-3-016.zip,2131668859,3,CURSOS/ASIMOV/TRILHAS RETIRADAS DA PLATAFORMA/TRILHAS RETIRADAS DA PLATAFORMA-20260529T041136Z-3-016.zip,1f2BbpcY-9eonphgDbt-ZaDthz6mjnaYG,application/zip
37,trilhas retiradas da plataforma-20260529t041136z-3-005.zip,2129985594,3,CURSOS/ASIMOV/TRILHAS RETIRADAS DA PLATAFORMA-20260529T041136Z-3-005.zip,1Ta1odSpTqgRMWJT-s3o7ORnSimG3QR7p,application/zip
37,trilhas retiradas da plataforma-20260529t041136z-3-005.zip,2129985594,3,CURSOS/ASIMOV/TRILHAS RETIRADAS DA PLATAFORMA/TRILHAS RETIRADAS DA PLATAFORMA-20260529T041136Z-3-005.zip,17H_l47wtcWXrCzXxvN7pNA_L5As9XOXi,application/zip
37,trilhas retiradas da plataforma-20260529t041136z-3-005.zip,2129985594,3,CURSOS/ASIMOV/TRILHAS RETIRADAS DA PLATAFORMA/TRILHAS RETIRADAS DA PLATAFORMA-20260529T041136Z-3-005.zip,1WbgnPIy3pEHg0sggAgXw_HkiEznNhHlh,application/zip
38,trilhas retiradas da plataforma-20260529t041136z-3-010.zip,2129530571,3,CURSOS/ASIMOV/TRILHAS RETIRADAS DA PLATAFORMA-20260529T041136Z-3-010.zip,1PRPKqQvwuwCRtnH4n_defTNbA0-4U3sH,application/zip
38,trilhas retiradas da plataforma-20260529t041136z-3-010.zip,2129530571,3,CURSOS/ASIMOV/TRILHAS RETIRADAS DA PLATAFORMA/TRILHAS RETIRADAS DA PLATAFORMA-20260529T041136Z-3-010.zip,12FMvRVYyaeztf-dsDlSPkMYdV0sdC_FW,application/zip
38,trilhas retiradas da plataforma-20260529t041136z-3-010.zip,2129530571,3,CURSOS/ASIMOV/TRILHAS RETIRADAS DA PLATAFORMA/TRILHAS RETIRADAS DA PLATAFORMA-20260529T041136Z-3-010.zip,1ij7P_sxTI-I2bR-vANl9-TBXjLTDr-8k,application/zip
39,trilhas retiradas da plataforma-20260529t041136z-3-018.zip,2128442561,3,CURSOS/ASIMOV/TRILHAS RETIRADAS DA PLATAFORMA-20260529T041136Z-3-018.zip,1zamj-yMVhdt6hdXLj8bFJO4VWIckXHl3,application/zip
39,trilhas retiradas da plataforma-20260529t041136z-3-018.zip,2128442561,3,CURSOS/ASIMOV/TRILHAS RETIRADAS DA PLATAFORMA/TRILHAS RETIRADAS DA PLATAFORMA-20260529T041136Z-3-018.zip,1IrOzYBpVT6pLCxy9O31H8DaKyOmk8S07,application/zip
39,trilhas retiradas da plataforma-20260529t041136z-3-018.zip,2128442561,3,CURSOS/ASIMOV/TRILHAS RETIRADAS DA PLATAFORMA/TRILHAS RETIRADAS DA PLATAFORMA-20260529T041136Z-3-018.zip,1P-cnRxBEj6lo24QLBqenOsDOYLbaHMdt,application/zip
40,trilhas retiradas da plataforma-20260529t041136z-3-015.zip,2128087517,3,CURSOS/ASIMOV/TRILHAS RETIRADAS DA PLATAFORMA-20260529T041136Z-3-015.zip,1bsRX-zfcOLygdBnWOaRboAgk9GYr81w2,application/zip
40,trilhas retiradas da plataforma-20260529t041136z-3-015.zip,2128087517,3,CURSOS/ASIMOV/TRILHAS RETIRADAS DA PLATAFORMA/TRILHAS RETIRADAS DA PLATAFORMA-20260529T041136Z-3-015.zip,1PRtjZfLTUwVfnPPPdnh86PLAQf9Izy0N,application/zip
40,trilhas retiradas da plataforma-20260529t041136z-3-015.zip,2128087517,3,CURSOS/ASIMOV/TRILHAS RETIRADAS DA PLATAFORMA/TRILHAS RETIRADAS DA PLATAFORMA-20260529T041136Z-3-015.zip,1h14s5WHU9UfE1iwfHwbJ1xBgIi8Zq972,application/zip
41,trilhas retiradas da plataforma-20260528t150600z-3-023.zip,2127071886,3,CURSOS/ASIMOV/TRILHAS RETIRADAS DA PLATAFORMA-20260528T150600Z-3-023.zip,1OmF1PxNZ6dOmK5Lw-yHUJ3D0ShxTnSd3,application/zip
41,trilhas retiradas da plataforma-20260528t150600z-3-023.zip,2127071886,3,CURSOS/ASIMOV/TRILHAS RETIRADAS DA PLATAFORMA/TRILHAS RETIRADAS DA PLATAFORMA-20260528T150600Z-3-023.zip,1uYWhh9zxE9t-gSqn7McEq41ofX7tl51O,application/zip
41,trilhas retiradas da plataforma-20260528t150600z-3-023.zip,2127071886,3,CURSOS/ASIMOV/TRILHAS RETIRADAS DA PLATAFORMA/TRILHAS RETIRADAS DA PLATAFORMA-20260528T150600Z-3-023.zip,1N9R-XVbk5nreGK_2vJ7-PTXMxTHkqGG_,application/zip
42,trilhas retiradas da plataforma-20260529t041136z-3-008.zip,2125768495,3,CURSOS/ASIMOV/TRILHAS RETIRADAS DA PLATAFORMA-20260529T041136Z-3-008.zip,1S9IXlCAz3hALgno45jbsQU1ci4yJVItc,application/zip
42,trilhas retiradas da plataforma-20260529t041136z-3-008.zip,2125768495,3,CURSOS/ASIMOV/TRILHAS RETIRADAS DA PLATAFORMA/TRILHAS RETIRADAS DA PLATAFORMA-20260529T041136Z-3-008.zip,18n-KCELi8QX7CLcRiNgZYxQfQyaghkDD,application/zip
42,trilhas retiradas da plataforma-20260529t041136z-3-008.zip,2125768495,3,CURSOS/ASIMOV/TRILHAS RETIRADAS DA PLATAFORMA/TRILHAS RETIRADAS DA PLATAFORMA-20260529T041136Z-3-008.zip,1OuBr9RGjoqN9n_nidChEOk8L3OBCK_Rs,application/zip
43,trilhas retiradas da plataforma-20260528t150600z-3-018.zip,2121888058,3,CURSOS/ASIMOV/TRILHAS RETIRADAS DA PLATAFORMA-20260528T150600Z-3-018.zip,1p0SqjdpXO9zIzvqc8Fq09t1yrnqEc_9W,application/zip
43,trilhas retiradas da plataforma-20260528t150600z-3-018.zip,2121888058,3,CURSOS/ASIMOV/TRILHAS RETIRADAS DA PLATAFORMA/TRILHAS RETIRADAS DA PLATAFORMA-20260528T150600Z-3-018.zip,1ARCmdqhZjLw5rerNd4WMr2qQAdmUygb8,application/zip
43,trilhas retiradas da plataforma-20260528t150600z-3-018.zip,2121888058,3,CURSOS/ASIMOV/TRILHAS RETIRADAS DA PLATAFORMA/TRILHAS RETIRADAS DA PLATAFORMA-20260528T150600Z-3-018.zip,1bHWTAOf97v4A3vFN4W0vFbpZB_waP2iV,application/zip
44,trilhas retiradas da plataforma-20260528t150600z-3-026.zip,2089050293,3,CURSOS/ASIMOV/TRILHAS RETIRADAS DA PLATAFORMA-20260528T150600Z-3-026.zip,1LMsuBUCJlwfe2xbGujQWZRkKxHjHscy7,application/zip
44,trilhas retiradas da plataforma-20260528t150600z-3-026.zip,2089050293,3,CURSOS/ASIMOV/TRILHAS RETIRADAS DA PLATAFORMA/TRILHAS RETIRADAS DA PLATAFORMA-20260528T150600Z-3-026.zip,10VXU5sEfBGO0lbhvhiGg3HNRc32MRHLV,application/zip
44,trilhas retiradas da plataforma-20260528t150600z-3-026.zip,2089050293,3,CURSOS/ASIMOV/TRILHAS RETIRADAS DA PLATAFORMA/TRILHAS RETIRADAS DA PLATAFORMA-20260528T150600Z-3-026.zip,1Os1yq9WckTV0V97uyhIfKDj1FE2ftHrd,application/zip
45,trilhas retiradas da plataforma-20260528t150600z-3-015.zip,2080608997,3,CURSOS/ASIMOV/TRILHAS RETIRADAS DA PLATAFORMA-20260528T150600Z-3-015.zip,1y_WZvSOGACrTv_oMlgyUlqB1qvEHguQq,application/zip
45,trilhas retiradas da plataforma-20260528t150600z-3-015.zip,2080608997,3,CURSOS/ASIMOV/TRILHAS RETIRADAS DA PLATAFORMA/TRILHAS RETIRADAS DA PLATAFORMA-20260528T150600Z-3-015.zip,1tbBoYlA_4Y_B7eq9fU2DZd-AZgVvWlQk,application/zip
45,trilhas retiradas da plataforma-20260528t150600z-3-015.zip,2080608997,3,CURSOS/ASIMOV/TRILHAS RETIRADAS DA PLATAFORMA/TRILHAS RETIRADAS DA PLATAFORMA-20260528T150600Z-3-015.zip,1deTdOHy1fgZeK9mB3jzslcPGV5WQAjrZ,application/zip
46,trilhas retiradas da plataforma-20260528t150600z-3-020.zip,2078344935,3,CURSOS/ASIMOV/TRILHAS RETIRADAS DA PLATAFORMA-20260528T150600Z-3-020.zip,1L0KlPhMeADcnBSJ9QcW0hYZ9ABmhlpAi,application/zip
46,trilhas retiradas da plataforma-20260528t150600z-3-020.zip,2078344935,3,CURSOS/ASIMOV/TRILHAS RETIRADAS DA PLATAFORMA/TRILHAS RETIRADAS DA PLATAFORMA-20260528T150600Z-3-020.zip,1vRy1ZDIZfQpMN6XKC6C9CLwPGcxemdtp,application/zip
46,trilhas retiradas da plataforma-20260528t150600z-3-020.zip,2078344935,3,CURSOS/ASIMOV/TRILHAS RETIRADAS DA PLATAFORMA/TRILHAS RETIRADAS DA PLATAFORMA-20260528T150600Z-3-020.zip,1iw7S-5SbmG3VAlJh2KhROTI9vnY4TURY,application/zip
47,trilhas retiradas da plataforma-20260529t041136z-3-021.zip,2065572269,3,CURSOS/ASIMOV/TRILHAS RETIRADAS DA PLATAFORMA-20260529T041136Z-3-021.zip,1ERBBookUaD6bxfPhpfbDDoFDHRVtzC8M,application/zip
47,trilhas retiradas da plataforma-20260529t041136z-3-021.zip,2065572269,3,CURSOS/ASIMOV/TRILHAS RETIRADAS DA PLATAFORMA/TRILHAS RETIRADAS DA PLATAFORMA-20260529T041136Z-3-021.zip,1v7xPVNHdx5e2ysRKpeexVOCk9oeGDnFe,application/zip
47,trilhas retiradas da plataforma-20260529t041136z-3-021.zip,2065572269,3,CURSOS/ASIMOV/TRILHAS RETIRADAS DA PLATAFORMA/TRILHAS RETIRADAS DA PLATAFORMA-20260529T041136Z-3-021.zip,1yKAJF84qtiijB16HMKCNJPPL-SieEfIH,application/zip
48,apostilaengenhariaprompts.pdf,596647,3,CURSOS/ASIMOV/TRILHAS RETIRADAS DA PLATAFORMA/TRILHAS RETIRADAS DA PLATAFORMA/04 - [TRILHA] Aplicações IA - Multi-agent Systems com CrewAI/07 - Engenharia de Prompts/ApostilaEngenhariaPrompts.pdf,1NGzcYyGJmpSPKMegOKWTZ3hsfn3KPaDY,application/pdf
48,apostilaengenhariaprompts.pdf,596647,3,CURSOS/ASIMOV/TRILHAS RETIRADAS DA PLATAFORMA/TRILHAS RETIRADAS DA PLATAFORMA/05 - [TRILHA] Modelos Alternativos com Hugging Face/06 - Engenharia de Prompts/ApostilaEngenhariaPrompts.pdf,13Nn7SZn2kVxorqZU_f2h_jPGuPxEIARz,application/pdf
48,apostilaengenhariaprompts.pdf,596647,3,CURSOS/ASIMOV/TRILHAS RETIRADAS DA PLATAFORMA/TRILHAS RETIRADAS DA PLATAFORMA/06 - [TRILHA] Aplicações IA - Criação de Agents com LangChain/06  - Engenharia de Prompts/ApostilaEngenhariaPrompts.pdf,1LbG-mLU8b1LbrOz3wNElpyuPescuqFGL,application/pdf
49,._apostilaengenhariaprompts.pdf,4096,3,CURSOS/ASIMOV/TRILHAS RETIRADAS DA PLATAFORMA/TRILHAS RETIRADAS DA PLATAFORMA/04 - [TRILHA] Aplicações IA - Multi-agent Systems com CrewAI/07 - Engenharia de Prompts/._ApostilaEngenhariaPrompts.pdf,1pf5RrHgn-NHKqzKe9vHbCYVSbAc1Reqn,application/pdf
49,._apostilaengenhariaprompts.pdf,4096,3,CURSOS/ASIMOV/TRILHAS RETIRADAS DA PLATAFORMA/TRILHAS RETIRADAS DA PLATAFORMA/05 - [TRILHA] Modelos Alternativos com Hugging Face/06 - Engenharia de Prompts/._ApostilaEngenhariaPrompts.pdf,17JPd345sNAEOjJ_RIn55tBOWBLzL2r5r,application/pdf
49,._apostilaengenhariaprompts.pdf,4096,3,CURSOS/ASIMOV/TRILHAS RETIRADAS DA PLATAFORMA/TRILHAS RETIRADAS DA PLATAFORMA/06 - [TRILHA] Aplicações IA - Criação de Agents com LangChain/06  - Engenharia de Prompts/._ApostilaEngenhariaPrompts.pdf,1aRI300GSOxNgUmbC2HqqDH3f01f8TCWZ,application/pdf
50,._slidesengenhariaprompts.pdf,4096,3,CURSOS/ASIMOV/TRILHAS RETIRADAS DA PLATAFORMA/TRILHAS RETIRADAS DA PLATAFORMA/04 - [TRILHA] Aplicações IA - Multi-agent Systems com CrewAI/07 - Engenharia de Prompts/._SlidesEngenhariaPrompts.pdf,1UUYvJUs8qB4kC0LL5_S95Pr1LGnoMf4o,application/pdf
50,._slidesengenhariaprompts.pdf,4096,3,CURSOS/ASIMOV/TRILHAS RETIRADAS DA PLATAFORMA/TRILHAS RETIRADAS DA PLATAFORMA/05 - [TRILHA] Modelos Alternativos com Hugging Face/06 - Engenharia de Prompts/._SlidesEngenhariaPrompts.pdf,1SkvhqQyXhWHAJ9RGLnA3N3noKpeGbIq8,application/pdf
50,._slidesengenhariaprompts.pdf,4096,3,CURSOS/ASIMOV/TRILHAS RETIRADAS DA PLATAFORMA/TRILHAS RETIRADAS DA PLATAFORMA/06 - [TRILHA] Aplicações IA - Criação de Agents com LangChain/06  - Engenharia de Prompts/._SlidesEngenhariaPrompts.pdf,1MwuUh33Catzg9aFkzaAnaV7qV2uPBDSU,application/pdf
51,trilhas retiradas da plataforma-20260529t041136z-3-022.zip,2130264860,2,CURSOS/ASIMOV/TRILHAS RETIRADAS DA PLATAFORMA-20260529T041136Z-3-022.zip,1OxyGEKAxLfz96lEkA5h5L3CXHeiE8OBe,application/zip
51,trilhas retiradas da plataforma-20260529t041136z-3-022.zip,2130264860,2,CURSOS/ASIMOV/TRILHAS RETIRADAS DA PLATAFORMA/TRILHAS RETIRADAS DA PLATAFORMA-20260529T041136Z-3-022.zip,1d81O9sVFWpw2tonsP1ogDLG1vaqG9Mmk,application/zip
52,trilhas retiradas da plataforma-20260529t041136z-3-026.zip,2113412372,2,CURSOS/ASIMOV/TRILHAS RETIRADAS DA PLATAFORMA-20260529T041136Z-3-026.zip,1kRv0Rwl-L_y-OmFLN9bQArpaaREXrgvd,application/zip
52,trilhas retiradas da plataforma-20260529t041136z-3-026.zip,2113412372,2,CURSOS/ASIMOV/TRILHAS RETIRADAS DA PLATAFORMA/TRILHAS RETIRADAS DA PLATAFORMA-20260529T041136Z-3-026.zip,1WowHIGjEWCKEIq9LyN4YUedllLKFSeU5,application/zip
53,trilhas retiradas da plataforma-20260529t041136z-3-020.zip,2055373197,2,CURSOS/ASIMOV/TRILHAS RETIRADAS DA PLATAFORMA-20260529T041136Z-3-020.zip,1OK0oD-e2TbGtJV7LgsGWXeAvbbq4Cjzk,application/zip
53,trilhas retiradas da plataforma-20260529t041136z-3-020.zip,2055373197,2,CURSOS/ASIMOV/TRILHAS RETIRADAS DA PLATAFORMA/TRILHAS RETIRADAS DA PLATAFORMA-20260529T041136Z-3-020.zip,1qih8V83utZsVLA5rp-t5kv4miVvFQDBg,application/zip
54,pack - efeitos sonoros #zdmdigital.com.rar,2045244450,2,CURSOS/💻 Curso Viver De Youtube - Peter Jordan/11. Materiais Premium para Download/PACK - EFEITOS SONOROS #ZDMDIGITAL.COM (1).rar,1lSD9VzvArJG8vXofZxN71SgJpCQiTJYJ,application/x-rar
54,pack - efeitos sonoros #zdmdigital.com.rar,2045244450,2,CURSOS/💻 Curso Viver De Youtube - Peter Jordan/11. Materiais Premium para Download/PACK - EFEITOS SONOROS #ZDMDIGITAL.COM.rar,1GBermZMm6DU5f-AtYNnhWuXcOj4fD5Hk,application/x-rar
55,pack memes #zdmdigital.com.rar,863871766,2,CURSOS/💻 Curso Viver De Youtube - Peter Jordan/11. Materiais Premium para Download/PACK MEMES #ZDMDIGITAL.COM (1).rar,179gMpcH868zt8UoDfKFqYenUtnnVE4TV,application/x-rar
55,pack memes #zdmdigital.com.rar,863871766,2,CURSOS/💻 Curso Viver De Youtube - Peter Jordan/11. Materiais Premium para Download/PACK MEMES #ZDMDIGITAL.COM.rar,12ivO3EjxcxYY0eSK1dYjCfayFREaOss2,application/x-rar
56,pack inscreva-se e transições #zdmdigital.com.rar,577319648,2,CURSOS/💻 Curso Viver De Youtube - Peter Jordan/11. Materiais Premium para Download/PACK INSCREVA-SE E TRANSIÇÕES #ZDMDIGITAL.COM (1).rar,1Pdb74KMXjBsGt289iuk53eGD6wMmY_vp,application/x-rar
56,pack inscreva-se e transições #zdmdigital.com.rar,577319648,2,CURSOS/💻 Curso Viver De Youtube - Peter Jordan/11. Materiais Premium para Download/PACK INSCREVA-SE E TRANSIÇÕES #ZDMDIGITAL.COM.rar,1r7x9Xw3MaWFhN7d0gt5l1lALZ2qA1ihs,application/x-rar
57,tracking.mp4,220089261,2,CURSOS_EBOOKS/VIDEO AULAS/⭐️ Me Ensina AE! Curso de After Effects - Brainstorm Academy/Módulo 06 - VFX/Materiais/48 Tracking/Tracking.MP4,1XB0892-oC96naB79kP-vB6zIBrDlhySP,video/mp4
57,tracking.mp4,220089261,2,CURSOS_EBOOKS/VIDEO AULAS/⭐️ Me Ensina AE! Curso de After Effects - Brainstorm Academy/Módulo 09 - Motion 3D/Materiais/Tracking.MP4,1QTb9yw4CZaSoujTDfsToqaZ6scPugEv8,video/mp4
58,10 ebooks start-20220224t214417z-001.zip,82444387,2,JADIELSON/PESSOAIS - JADIELSON/EBOOKs/10 EBOOKS START-20220224T214417Z-001.zip,1v9ErF1WcbS-oPspiSqQhT_-CBHKDA75K,application/zip
58,10 ebooks start-20220224t214417z-001.zip,82444387,2,EBOOKs/EBOOKs/10 EBOOKS START-20220224T214417Z-001.zip,18Z2vrQzEZMuvQO9cXSa_e2PeU3PjeSmK,application/zip
59,as 48 leis do poder (robert greene) (z-lib.org).pdf,30319892,2,JADIELSON/EBOOK's/As 48 leis do poder (Robert Greene) (z-lib.org).pdf,1MHtNboqC53RqNNj4Q1WK-VHGqlzhkh1S,application/pdf
59,as 48 leis do poder (robert greene) (z-lib.org).pdf,30319892,2,EBOOKs/As 48 leis do poder (Robert Greene) (z-lib.org).pdf,1jzXpguOl9OGjRc6sqP4wPivGNfPh46ZU,application/pdf
60,ebook.pdf,12754131,2,CURSOS_EBOOKS/A CIÊNCIA E ESTRATÉGIA DE VENDAS/EBOOK.pdf,1KGhOgmsx5fLe9AnxWEH71YDqEJy1gAK8,application/pdf
60,ebook.pdf,12754131,2,CURSOS/A CIÊNCIA E ESTRATÉGIA DE VENDAS/EBOOK.pdf,15uyhXuA2KuXQGb7dDp8c9_9aXNNnq1T_,application/pdf
61,croqui rotina.png,6340587,2,JADIELSON/ROTINAS/CROQUI ROTINA.png,1oRKtl_nHivbKd6CbNaQ72Mqh47-E9ldP,image/png
61,croqui rotina.png,6340587,2,ROTINAS/CROQUI ROTINA.png,1vloh3YI7D8WXjQJvveSlmC71PeR39Oni,image/png
62,aula_o+de+planejamento+-+slides+.pdf,6062634,2,CURSOS_EBOOKS/AULAO DE PLANEJAMENTO/Aula_o+de+Planejamento+-+Slides+(1).pdf,17ITk5ZNRAI8FXv8ORwIfnpWgaMj9L1LO,application/pdf
62,aula_o+de+planejamento+-+slides+.pdf,6062634,2,CURSOS/AULAO DE PLANEJAMENTO/Aula_o+de+Planejamento+-+Slides+(1).pdf,1qU5Z43WCmyzZv2ic3KbqaLchV53eQwsu,application/pdf
63,como faturar 3k vendendo produtos de social media.pdf,5579866,2,JADIELSON/EBOOK's/Como faturar 3k vendendo produtos de Social Media.pdf,1G_6ikByUMoHdZkRbe1RvSwJeW_HdtfzX,application/pdf
63,como faturar 3k vendendo produtos de social media.pdf,5579866,2,EBOOKs/Como faturar 3k vendendo produtos de Social Media.pdf,1OzhWvlefhxkrUFgwibQ5QtCDd0eduO_X,application/pdf
64,1736257559456-3938ac34-b2d8-4423-a3ab-de8bb939b48d.pdf,5051974,2,CURSOS/FOCO - Conquer/1736257559456-3938ac34-b2d8-4423-a3ab-de8bb939b48d.pdf,1i-caowAJzA5qIUb1WTaUzeuMjm0DGSCd,application/pdf
64,1736257559456-3938ac34-b2d8-4423-a3ab-de8bb939b48d.pdf,5051974,2,1736257559456-3938ac34-b2d8-4423-a3ab-de8bb939b48d.pdf,1Je62KfKGWeXOGrJmDgoZU1582gbzgdaj,application/pdf
65,bonus-marcas-que-davi-laranjeira-indica-e-nao-267ea5e1d4b404e0be8cbcd6fcbbea67.pdf,3594481,2,CURSOS_EBOOKS/Método Cozinha Mais Fácil do Mundo/bonus-marcas-que-davi-laranjeira-indica-e-nao-267ea5e1d4b404e0be8cbcd6fcbbea67.pdf,1kpsvT1NYzmgz9j4Ypi5wm9aPA9b1qhN2,application/pdf
65,bonus-marcas-que-davi-laranjeira-indica-e-nao-267ea5e1d4b404e0be8cbcd6fcbbea67.pdf,3594481,2,JADIELSON/CURSOS/Método Cozinha Mais Fácil do Mundo/bonus-marcas-que-davi-laranjeira-indica-e-nao-267ea5e1d4b404e0be8cbcd6fcbbea67.pdf,1dGKWl5GWI_JJbyDgVAR4fEt323QLkacq,application/pdf
66,mes-9-tabela-dinamica-dos-alimentos-aaf341a0fb530803eca0e375d8de06cb.pdf,3594186,2,CURSOS_EBOOKS/Método Cozinha Mais Fácil do Mundo/Passos 1 e 2/mes-9-tabela-dinamica-dos-alimentos-aaf341a0fb530803eca0e375d8de06cb.pdf,1KNPBHpk4Hy75Q2DAJbSMPbkqoBEGZOh5,application/pdf
66,mes-9-tabela-dinamica-dos-alimentos-aaf341a0fb530803eca0e375d8de06cb.pdf,3594186,2,JADIELSON/CURSOS/Método Cozinha Mais Fácil do Mundo/Passos 1 e 2/mes-9-tabela-dinamica-dos-alimentos-aaf341a0fb530803eca0e375d8de06cb.pdf,1I8ZtFEPq9g1ENaW9agCgm5EpLMGXVJtb,application/pdf
67,mes-2-tabela-dinamica-dos-alimentos-39bfecbdd71458860ce585f84097d05b.pdf,3499087,2,CURSOS_EBOOKS/Método Cozinha Mais Fácil do Mundo/Passos 1 e 2/mes-2-tabela-dinamica-dos-alimentos-39bfecbdd71458860ce585f84097d05b.pdf,1JbtfccBEEsyP92_dKWcDFwcbjUK1J2J0,application/pdf
67,mes-2-tabela-dinamica-dos-alimentos-39bfecbdd71458860ce585f84097d05b.pdf,3499087,2,JADIELSON/CURSOS/Método Cozinha Mais Fácil do Mundo/Passos 1 e 2/mes-2-tabela-dinamica-dos-alimentos-39bfecbdd71458860ce585f84097d05b.pdf,12k0Gldgers7o08w0vEPIQZ0iiG_ZnsJe,application/pdf
68,mes-6-tabela-dinamica-dos-alimentos-a3fa8fca1b255ab552f31e6d0e3b2512.pdf,3477469,2,CURSOS_EBOOKS/Método Cozinha Mais Fácil do Mundo/Passos 1 e 2/mes-6-tabela-dinamica-dos-alimentos-a3fa8fca1b255ab552f31e6d0e3b2512.pdf,1Xa4-4acIIhfe45DOvhF303OzDWzLsXOv,application/pdf
68,mes-6-tabela-dinamica-dos-alimentos-a3fa8fca1b255ab552f31e6d0e3b2512.pdf,3477469,2,JADIELSON/CURSOS/Método Cozinha Mais Fácil do Mundo/Passos 1 e 2/mes-6-tabela-dinamica-dos-alimentos-a3fa8fca1b255ab552f31e6d0e3b2512.pdf,1432xnrjtoITPYJ7_R5ee3DQk8s2DKCLY,application/pdf
69,mes-10-tabela-dinamica-dos-alimentos-18ad08ecc8beef116e521b8a322091e2.pdf,3464968,2,CURSOS_EBOOKS/Método Cozinha Mais Fácil do Mundo/Passos 1 e 2/mes-10-tabela-dinamica-dos-alimentos-18ad08ecc8beef116e521b8a322091e2.pdf,1eZgxejQq7ycFz-sTsVBAZfVvNyI_knj4,application/pdf
69,mes-10-tabela-dinamica-dos-alimentos-18ad08ecc8beef116e521b8a322091e2.pdf,3464968,2,JADIELSON/CURSOS/Método Cozinha Mais Fácil do Mundo/Passos 1 e 2/mes-10-tabela-dinamica-dos-alimentos-18ad08ecc8beef116e521b8a322091e2.pdf,1LCglIfGzGYycyh7VIe3ZbxjzYT0ghXaH,application/pdf
70,mes-7-tabela-dinamica-dos-alimentos-cef64fc41480b113faf00bd4ad462081.pdf,3463384,2,CURSOS_EBOOKS/Método Cozinha Mais Fácil do Mundo/Passos 1 e 2/mes-7-tabela-dinamica-dos-alimentos-cef64fc41480b113faf00bd4ad462081.pdf,15EUjlVwYVpB7ZoS5mBhrZjCvpjz76jz7,application/pdf
70,mes-7-tabela-dinamica-dos-alimentos-cef64fc41480b113faf00bd4ad462081.pdf,3463384,2,JADIELSON/CURSOS/Método Cozinha Mais Fácil do Mundo/Passos 1 e 2/mes-7-tabela-dinamica-dos-alimentos-cef64fc41480b113faf00bd4ad462081.pdf,1J2qPTktu0h6fnriHITJA3f3ywaxopcMP,application/pdf
71,mes-1-tabela-dinamica-dos-alimentos-docx-06120791f7ceec60efa183c619658f6a.pdf,3460013,2,CURSOS_EBOOKS/Método Cozinha Mais Fácil do Mundo/Passos 1 e 2/mes-1-tabela-dinamica-dos-alimentos-docx-06120791f7ceec60efa183c619658f6a.pdf,1xIFjsBeMUynBj1AJNJ2hqnTtYwlWtNZA,application/pdf
71,mes-1-tabela-dinamica-dos-alimentos-docx-06120791f7ceec60efa183c619658f6a.pdf,3460013,2,JADIELSON/CURSOS/Método Cozinha Mais Fácil do Mundo/Passos 1 e 2/mes-1-tabela-dinamica-dos-alimentos-docx-06120791f7ceec60efa183c619658f6a.pdf,1qmL_bZiZyUS2zE4u3Pv6kLzZStjpEB3z,application/pdf
72,mes-4-tabela-dinamica-dos-alimentos-e7172b026cc737de9fdf95129d7bb711.pdf,3459713,2,CURSOS_EBOOKS/Método Cozinha Mais Fácil do Mundo/Passos 1 e 2/mes-4-tabela-dinamica-dos-alimentos-e7172b026cc737de9fdf95129d7bb711.pdf,1kF7FPpoJmfBQK_vHrjyyN0doMJKBskC0,application/pdf
72,mes-4-tabela-dinamica-dos-alimentos-e7172b026cc737de9fdf95129d7bb711.pdf,3459713,2,JADIELSON/CURSOS/Método Cozinha Mais Fácil do Mundo/Passos 1 e 2/mes-4-tabela-dinamica-dos-alimentos-e7172b026cc737de9fdf95129d7bb711.pdf,1lkMiCSCX8X1Imh-oCq90SB5LN8l_aYRA,application/pdf
73,mes-11-tabela-dinamica-dos-alimentos-b1c0f49777e3245e5fafcaf9176abbb4.pdf,3458392,2,CURSOS_EBOOKS/Método Cozinha Mais Fácil do Mundo/Passos 1 e 2/mes-11-tabela-dinamica-dos-alimentos-b1c0f49777e3245e5fafcaf9176abbb4.pdf,1-EkFlhBKp48AJ9Xbi-l8bkIkUshRzfFV,application/pdf
73,mes-11-tabela-dinamica-dos-alimentos-b1c0f49777e3245e5fafcaf9176abbb4.pdf,3458392,2,JADIELSON/CURSOS/Método Cozinha Mais Fácil do Mundo/Passos 1 e 2/mes-11-tabela-dinamica-dos-alimentos-b1c0f49777e3245e5fafcaf9176abbb4.pdf,1M03_yjrxovwXgs1YOMBbJXmcIPzuB7Vn,application/pdf
74,mes-5-tabela-dinamica-dos-alimentos-66df7e5b1adc396d2c713cee7bbfc238.pdf,3455536,2,CURSOS_EBOOKS/Método Cozinha Mais Fácil do Mundo/Passos 1 e 2/mes-5-tabela-dinamica-dos-alimentos-66df7e5b1adc396d2c713cee7bbfc238.pdf,1DSwnoew1V5PeSY1dV2hfv2rv6rRjLggO,application/pdf
74,mes-5-tabela-dinamica-dos-alimentos-66df7e5b1adc396d2c713cee7bbfc238.pdf,3455536,2,JADIELSON/CURSOS/Método Cozinha Mais Fácil do Mundo/Passos 1 e 2/mes-5-tabela-dinamica-dos-alimentos-66df7e5b1adc396d2c713cee7bbfc238.pdf,1MmYMsjHSd04vxqnSOj_NMnuXrNoBj2WL,application/pdf
75,mes-8-tabela-dinamica-dos-alimentos-f5d26585e95d18938379671eac02c883.pdf,3451072,2,CURSOS_EBOOKS/Método Cozinha Mais Fácil do Mundo/Passos 1 e 2/mes-8-tabela-dinamica-dos-alimentos-f5d26585e95d18938379671eac02c883.pdf,1-vTvcbzW6-fzrIAKW0smiaxASO9jRYz9,application/pdf
75,mes-8-tabela-dinamica-dos-alimentos-f5d26585e95d18938379671eac02c883.pdf,3451072,2,JADIELSON/CURSOS/Método Cozinha Mais Fácil do Mundo/Passos 1 e 2/mes-8-tabela-dinamica-dos-alimentos-f5d26585e95d18938379671eac02c883.pdf,17S0-fKgFMqR0_hGdGGxMUr1y_JuTyMWL,application/pdf
76,como-usar-a-tabela-dinamica-dos-alimentos.pdf,3449669,2,CURSOS_EBOOKS/Método Cozinha Mais Fácil do Mundo/Passos 1 e 2/como-usar-a-tabela-dinamica-dos-alimentos.pdf,10y-7A6mGc6bax5c21VS3DVQkqy55-kZN,application/pdf
76,como-usar-a-tabela-dinamica-dos-alimentos.pdf,3449669,2,JADIELSON/CURSOS/Método Cozinha Mais Fácil do Mundo/Passos 1 e 2/como-usar-a-tabela-dinamica-dos-alimentos.pdf,1V7C5QJen-OOduGCPZJeEKR-KvybzuD_Y,application/pdf
77,mes-12-tabela-dinamica-dos-alimentos-19a95d94726e9c96280abdff1a12e02a.pdf,3436788,2,CURSOS_EBOOKS/Método Cozinha Mais Fácil do Mundo/Passos 1 e 2/mes-12-tabela-dinamica-dos-alimentos-19a95d94726e9c96280abdff1a12e02a.pdf,1VQLTYrC2exib_7HM1Uuiwagl7WIuxSZ1,application/pdf
77,mes-12-tabela-dinamica-dos-alimentos-19a95d94726e9c96280abdff1a12e02a.pdf,3436788,2,JADIELSON/CURSOS/Método Cozinha Mais Fácil do Mundo/Passos 1 e 2/mes-12-tabela-dinamica-dos-alimentos-19a95d94726e9c96280abdff1a12e02a.pdf,1Ifnel_dlPfEevBCU4MBVbvLjRFtE_MIB,application/pdf
78,mes-10-lista-de-compras-64445b2f8df9d579530581e6cd67b3f1.pdf,3436263,2,CURSOS_EBOOKS/Método Cozinha Mais Fácil do Mundo/Passo 3/mes-10-lista-de-compras-64445b2f8df9d579530581e6cd67b3f1.pdf,1sk0x1fsDBvb5KV73mvSglV3qY5vO9eDq,application/pdf
78,mes-10-lista-de-compras-64445b2f8df9d579530581e6cd67b3f1.pdf,3436263,2,JADIELSON/CURSOS/Método Cozinha Mais Fácil do Mundo/Passo 3/mes-10-lista-de-compras-64445b2f8df9d579530581e6cd67b3f1.pdf,1hUdddTUAtZNcurAieyDKMFJJENYyiCGD,application/pdf
79,mes-3-tabela-dinamica-dos-alimentos-54eb54fb1517baeb3ac43246d730e621.pdf,3434610,2,CURSOS_EBOOKS/Método Cozinha Mais Fácil do Mundo/Passos 1 e 2/mes-3-tabela-dinamica-dos-alimentos-54eb54fb1517baeb3ac43246d730e621.pdf,1jxdunBWFG1khA-ZXzRVRgbKi4Bb4wZ8R,application/pdf
79,mes-3-tabela-dinamica-dos-alimentos-54eb54fb1517baeb3ac43246d730e621.pdf,3434610,2,JADIELSON/CURSOS/Método Cozinha Mais Fácil do Mundo/Passos 1 e 2/mes-3-tabela-dinamica-dos-alimentos-54eb54fb1517baeb3ac43246d730e621.pdf,1GydhRkDrfNxECRie0LhmoIdbr-_mH_GV,application/pdf
80,mes-11-lista-de-compras-c17750c8cb26e29de2c9b314c985ed12.pdf,3434370,2,CURSOS_EBOOKS/Método Cozinha Mais Fácil do Mundo/Passo 3/mes-11-lista-de-compras-c17750c8cb26e29de2c9b314c985ed12.pdf,1sl8yuPNUA27oriJyGToSLUFApRPzAqLE,application/pdf
80,mes-11-lista-de-compras-c17750c8cb26e29de2c9b314c985ed12.pdf,3434370,2,JADIELSON/CURSOS/Método Cozinha Mais Fácil do Mundo/Passo 3/mes-11-lista-de-compras-c17750c8cb26e29de2c9b314c985ed12.pdf,1R_TPX-fHwJNiWKykxOzW4ToqBEQKjSxh,application/pdf
81,mes-12-lista-de-compras-1789019ca6e88bdd059cb6285f1d82b7.pdf,3433255,2,CURSOS_EBOOKS/Método Cozinha Mais Fácil do Mundo/Passo 3/mes-12-lista-de-compras-1789019ca6e88bdd059cb6285f1d82b7.pdf,1F0U8l-o-B0MTAf8NLCrX7FrNDQaDQBka,application/pdf
81,mes-12-lista-de-compras-1789019ca6e88bdd059cb6285f1d82b7.pdf,3433255,2,JADIELSON/CURSOS/Método Cozinha Mais Fácil do Mundo/Passo 3/mes-12-lista-de-compras-1789019ca6e88bdd059cb6285f1d82b7.pdf,1CRIZFp6eLPKhXJ_ydEIqgoTK_pPduYaX,application/pdf
82,mes-09-lista-de-compras-5604ae0b93f5f27bbd119f98c529f649.pdf,3432738,2,CURSOS_EBOOKS/Método Cozinha Mais Fácil do Mundo/Passo 3/mes-09-lista-de-compras-5604ae0b93f5f27bbd119f98c529f649.pdf,11BmBMXKeWck7X-olDE44423CLJhAJtoG,application/pdf
82,mes-09-lista-de-compras-5604ae0b93f5f27bbd119f98c529f649.pdf,3432738,2,JADIELSON/CURSOS/Método Cozinha Mais Fácil do Mundo/Passo 3/mes-09-lista-de-compras-5604ae0b93f5f27bbd119f98c529f649.pdf,10LoWYtnYEmkX63PHtJ4igawW5jKhGHYY,application/pdf
83,mes-08-lista-de-compras-tabela-dinamica-dos-0ca7ab624cf8230049f21f2d27c7dfa7.pdf,3378538,2,CURSOS_EBOOKS/Método Cozinha Mais Fácil do Mundo/Passo 3/mes-08-lista-de-compras-tabela-dinamica-dos-0ca7ab624cf8230049f21f2d27c7dfa7.pdf,1eHbJ1EZTTpUMM6nOGEc9ywaT-ys2QZun,application/pdf
83,mes-08-lista-de-compras-tabela-dinamica-dos-0ca7ab624cf8230049f21f2d27c7dfa7.pdf,3378538,2,JADIELSON/CURSOS/Método Cozinha Mais Fácil do Mundo/Passo 3/mes-08-lista-de-compras-tabela-dinamica-dos-0ca7ab624cf8230049f21f2d27c7dfa7.pdf,12RsDhHW1ZMroJ9pVYxG9RWTTG16BNfi2,application/pdf
84,mes-03-lista-de-compras-tabela-dinamica-dos-733d4b121645da76e008bc4f23758368.pdf,3377472,2,CURSOS_EBOOKS/Método Cozinha Mais Fácil do Mundo/Passo 3/mes-03-lista-de-compras-tabela-dinamica-dos-733d4b121645da76e008bc4f23758368.pdf,1iTscj71VayY-CgX-ifYuVfmPhJQj6OQK,application/pdf
84,mes-03-lista-de-compras-tabela-dinamica-dos-733d4b121645da76e008bc4f23758368.pdf,3377472,2,JADIELSON/CURSOS/Método Cozinha Mais Fácil do Mundo/Passo 3/mes-03-lista-de-compras-tabela-dinamica-dos-733d4b121645da76e008bc4f23758368.pdf,12hvvI5CEnWxNvpSXXLFy4guXzMh9qCnQ,application/pdf
85,mes-01-lista-de-compras-tabela-dinamica-dos-06601e0c129cdd17899bb60626bd92c3.pdf,3374083,2,CURSOS_EBOOKS/Método Cozinha Mais Fácil do Mundo/Passo 3/mes-01-lista-de-compras-tabela-dinamica-dos-06601e0c129cdd17899bb60626bd92c3.pdf,1pe0s2uSQvadcUJ69IPO4AWPTPA_T1rTm,application/pdf
85,mes-01-lista-de-compras-tabela-dinamica-dos-06601e0c129cdd17899bb60626bd92c3.pdf,3374083,2,JADIELSON/CURSOS/Método Cozinha Mais Fácil do Mundo/Passo 3/mes-01-lista-de-compras-tabela-dinamica-dos-06601e0c129cdd17899bb60626bd92c3.pdf,1qDfYOFyummMqORvVthRiaq_2pWiMibYv,application/pdf
86,mes-06-lista-de-compras-tabela-dinamica-dos-c3c4cbd4492c99f8fc9eff4168a4788c.pdf,3373446,2,CURSOS_EBOOKS/Método Cozinha Mais Fácil do Mundo/Passo 3/mes-06-lista-de-compras-tabela-dinamica-dos-c3c4cbd4492c99f8fc9eff4168a4788c.pdf,1MW03Bg4YOBNWr9u4g709YNHsrQWGfDEz,application/pdf
86,mes-06-lista-de-compras-tabela-dinamica-dos-c3c4cbd4492c99f8fc9eff4168a4788c.pdf,3373446,2,JADIELSON/CURSOS/Método Cozinha Mais Fácil do Mundo/Passo 3/mes-06-lista-de-compras-tabela-dinamica-dos-c3c4cbd4492c99f8fc9eff4168a4788c.pdf,1CajaqENZzVA-bjaOs330WgSmHhvagktS,application/pdf
87,mes-05-lista-de-compras-tabela-dinamica-dos-8b3fe5a162e0c14585f57d421ef6e5e8.pdf,3373122,2,CURSOS_EBOOKS/Método Cozinha Mais Fácil do Mundo/Passo 3/mes-05-lista-de-compras-tabela-dinamica-dos-8b3fe5a162e0c14585f57d421ef6e5e8.pdf,1YyFZy51jeGeNc70LgQJHrlgHLr_sKk2H,application/pdf
87,mes-05-lista-de-compras-tabela-dinamica-dos-8b3fe5a162e0c14585f57d421ef6e5e8.pdf,3373122,2,JADIELSON/CURSOS/Método Cozinha Mais Fácil do Mundo/Passo 3/mes-05-lista-de-compras-tabela-dinamica-dos-8b3fe5a162e0c14585f57d421ef6e5e8.pdf,1eoKz1Cbyl_xe1VPOsA86D7ZxDXvdvkbL,application/pdf
88,mes-07-lista-de-compras-tabela-dinamica-dos-145bfbf9fc1799f35a9efc8d4dffc56d.pdf,3372978,2,CURSOS_EBOOKS/Método Cozinha Mais Fácil do Mundo/Passo 3/mes-07-lista-de-compras-tabela-dinamica-dos-145bfbf9fc1799f35a9efc8d4dffc56d.pdf,1_u6mTlK7H52o5YlyujI2JKXo0Rn9Yvnj,application/pdf
88,mes-07-lista-de-compras-tabela-dinamica-dos-145bfbf9fc1799f35a9efc8d4dffc56d.pdf,3372978,2,JADIELSON/CURSOS/Método Cozinha Mais Fácil do Mundo/Passo 3/mes-07-lista-de-compras-tabela-dinamica-dos-145bfbf9fc1799f35a9efc8d4dffc56d.pdf,1w9dogaPEWWihN8jegakQ9TZkd7wFLY2h,application/pdf
89,mes-02-lista-de-compras-tabela-dinamica-dos-03b66a82221ef36dd8b1b4eb91a390d1.pdf,3372637,2,CURSOS_EBOOKS/Método Cozinha Mais Fácil do Mundo/Passo 3/mes-02-lista-de-compras-tabela-dinamica-dos-03b66a82221ef36dd8b1b4eb91a390d1.pdf,11JbiI2rdEGIyR76x2VdHgQO6QNB5KtOg,application/pdf
89,mes-02-lista-de-compras-tabela-dinamica-dos-03b66a82221ef36dd8b1b4eb91a390d1.pdf,3372637,2,JADIELSON/CURSOS/Método Cozinha Mais Fácil do Mundo/Passo 3/mes-02-lista-de-compras-tabela-dinamica-dos-03b66a82221ef36dd8b1b4eb91a390d1.pdf,1xd8M7-WoYPST6iBtnxHIh9Ap3iYM1L8j,application/pdf
90,mes-04-lista-de-compras-tabela-dinamica-dos-b9a0dbf25f2ad7e5675104c8079dacad.pdf,3370946,2,CURSOS_EBOOKS/Método Cozinha Mais Fácil do Mundo/Passo 3/mes-04-lista-de-compras-tabela-dinamica-dos-b9a0dbf25f2ad7e5675104c8079dacad.pdf,1qxS6_8aK3TDOAQWWuruZV9F3EMD_i_5H,application/pdf
90,mes-04-lista-de-compras-tabela-dinamica-dos-b9a0dbf25f2ad7e5675104c8079dacad.pdf,3370946,2,JADIELSON/CURSOS/Método Cozinha Mais Fácil do Mundo/Passo 3/mes-04-lista-de-compras-tabela-dinamica-dos-b9a0dbf25f2ad7e5675104c8079dacad.pdf,1V0pYndunPbJ22K_IIkUM1aQWNfX2c-B0,application/pdf
91,como-finalizar-seu-prato-em-15-minutos-docx-f0f418092e0a2c04853075dbf1f77585.pdf,3346593,2,CURSOS_EBOOKS/Método Cozinha Mais Fácil do Mundo/Passo 5/como-finalizar-seu-prato-em-15-minutos-docx-f0f418092e0a2c04853075dbf1f77585.pdf,1Rj5pGryhmrwsnVi4J0iIfTkNVh8Av494,application/pdf
91,como-finalizar-seu-prato-em-15-minutos-docx-f0f418092e0a2c04853075dbf1f77585.pdf,3346593,2,JADIELSON/CURSOS/Método Cozinha Mais Fácil do Mundo/Passo 5/como-finalizar-seu-prato-em-15-minutos-docx-f0f418092e0a2c04853075dbf1f77585.pdf,1jh6z_HE1Nxocu2qQNBosJ7HCv1gxBINt,application/pdf
92,lista-de-substituicao-f7a55fe051aab9b67bc93554cd16fc79.pdf,3223243,2,CURSOS_EBOOKS/Método Cozinha Mais Fácil do Mundo/Passos 1 e 2/lista-de-substituicao-f7a55fe051aab9b67bc93554cd16fc79.pdf,1_2Y1qlQ0BY74pVKTI8LI6R9kXLf9KLQF,application/pdf
92,lista-de-substituicao-f7a55fe051aab9b67bc93554cd16fc79.pdf,3223243,2,JADIELSON/CURSOS/Método Cozinha Mais Fácil do Mundo/Passos 1 e 2/lista-de-substituicao-f7a55fe051aab9b67bc93554cd16fc79.pdf,1Ca8tyF8LlNzAJtCM-35xGmz6UEtkKoFX,application/pdf
93,trabalhe 4 horas por semana - timothy ferriss.pdf,3044027,2,JADIELSON/EBOOK's/Trabalhe 4 Horas por Semana - Timothy Ferriss.pdf,1pZ2UFCGqH5zdASx9bc9-A9X_vivE0kkf,application/pdf
93,trabalhe 4 horas por semana - timothy ferriss.pdf,3044027,2,EBOOKs/Trabalhe 4 Horas por Semana - Timothy Ferriss.pdf,1Bc3xQybSGqF4fKZ8iuufqvaJXpKkRuSN,application/pdf
94,roube como um artista - austin kleon.pdf,2869198,2,JADIELSON/EBOOK's/Roube Como Um Artista - Austin Kleon.pdf,1twy3VeyVoVoyXYRjfl9fF8ZXm3fbkoLD,application/pdf
94,roube como um artista - austin kleon.pdf,2869198,2,EBOOKs/Roube Como Um Artista - Austin Kleon.pdf,193yF8kdyhygfo4F3FHhYapx-v17zRey1,application/pdf
95,o poder sem limites v1 - tony robbins.pdf,2290783,2,JADIELSON/EBOOK's/O Poder Sem Limites v1 - Tony Robbins.pdf,1Gr0fZP038C5T13qej8mQZO7_Rh-Xvhgl,application/pdf
95,o poder sem limites v1 - tony robbins.pdf,2290783,2,EBOOKs/O Poder Sem Limites v1 - Tony Robbins.pdf,11X6BZ73-Xk4sVbc25XWYOv8EPcRbbYrU,application/pdf
96,roube-como-um-artista-austin-kleon.azw3,2080971,2,JADIELSON/EBOOK's/CONVERTIDOS EM AZW3/Roube-Como-Um-Artista-Austin-Kleon.azw3,16mVCcYOn2VfXjEkCaFlQT7TP5kchGVxi,application/octet-stream
96,roube-como-um-artista-austin-kleon.azw3,2080971,2,EBOOKs/CONVERTIDOS EM AZW3/Roube-Como-Um-Artista-Austin-Kleon.azw3,1jmgoPTgx51nhPZFMuE2-uvapYYOpEPwA,application/octet-stream
97,o poder sem limites v2 - tony robbins.pdf,1948932,2,JADIELSON/EBOOK's/O Poder Sem Limites v2 - Tony Robbins.pdf,12Z_Adn1v8Ty_ZFveHvs-iASb3fTPmpFr,application/pdf
97,o poder sem limites v2 - tony robbins.pdf,1948932,2,EBOOKs/O Poder Sem Limites v2 - Tony Robbins.pdf,1ghY9lpojgfv2glcJ7Nsatd3LmhArEyXw,application/pdf
98,a carta de vendas de 16 palavras.pdf,1879486,2,JADIELSON/EBOOK's/A CARTA DE VENDAS DE 16 PALAVRAS.pdf,12s79WNjdXSxCNhmSctF--GI1XcxrVdcE,application/pdf
98,a carta de vendas de 16 palavras.pdf,1879486,2,EBOOKs/A CARTA DE VENDAS DE 16 PALAVRAS.pdf,1H_qM3_cP1Wx_I6gRORXdOlmglyHCSn-b,application/pdf
99,quem pensa enriquece legado v1 - napoleon hill.pdf,1810890,2,JADIELSON/EBOOK's/Quem Pensa Enriquece LEGADO V1 - Napoleon Hill.pdf,19WNSAtJZwKRQMN7-5p2B1M7J0IQI-rfS,application/pdf
99,quem pensa enriquece legado v1 - napoleon hill.pdf,1810890,2,EBOOKs/Quem Pensa Enriquece LEGADO V1 - Napoleon Hill.pdf,1yHBN5aH6-qIOCzBKF34nLiCYQKMy0w2M,application/pdf
100,escolha voce - james altucher.pdf,1710374,2,JADIELSON/EBOOK's/Escolha Voce - James Altucher.pdf,1j0L_QH__W8XY7HLAZWtqwUPB13_bQaO8,application/pdf
100,escolha voce - james altucher.pdf,1710374,2,EBOOKs/Escolha Voce - James Altucher.pdf,1-pklA1vsVtopnqiiSpTes3aTUv0ZB90p,application/pdf
101,quem pensa enriquece legado v3 - napoleon hill.pdf,1540966,2,JADIELSON/EBOOK's/Quem Pensa Enriquece LEGADO V3 - Napoleon Hill.pdf,1EoLYtYvL8QK1hplKYjCN3JltZ-lehoxz,application/pdf
101,quem pensa enriquece legado v3 - napoleon hill.pdf,1540966,2,EBOOKs/Quem Pensa Enriquece LEGADO V3 - Napoleon Hill.pdf,1pHsnpPcAFVnLZRX8BXLH31TE6VLLq8bB,application/pdf
102,a-carta-de-vendas-de-16-palavras.azw3,1501541,2,JADIELSON/EBOOK's/CONVERTIDOS EM AZW3/A-CARTA-DE-VENDAS-DE-16-PALAVRAS.azw3,1Inw6XVEbejd6s1zmM4qw8JduwbVKmqVB,application/octet-stream
102,a-carta-de-vendas-de-16-palavras.azw3,1501541,2,EBOOKs/CONVERTIDOS EM AZW3/A-CARTA-DE-VENDAS-DE-16-PALAVRAS.azw3,1x-Byr3IC_jPwrk51NGdlli1CLUJqlJvi,application/octet-stream
103,fora de serie - outliers - malcolm gladwell.pdf,1230905,2,JADIELSON/EBOOK's/Fora de Serie - Outliers - Malcolm Gladwell.PDF,18i8zKqDgbEYfDBqqJnWyLWnTs7j_Oj2q,application/pdf
103,fora de serie - outliers - malcolm gladwell.pdf,1230905,2,EBOOKs/Fora de Serie - Outliers - Malcolm Gladwell.PDF,1VPq66ouylA-D-t2yOT7L7lH1dKHUztEt,application/pdf
104,quem pensa enriquece legado v2 - napoleon hill.pdf,1208849,2,JADIELSON/EBOOK's/Quem Pensa Enriquece LEGADO V2 - Napoleon Hill.pdf,1t5wn3zf9CdvV77QVDAY-Ba6GPapCpYW3,application/pdf
104,quem pensa enriquece legado v2 - napoleon hill.pdf,1208849,2,EBOOKs/Quem Pensa Enriquece LEGADO V2 - Napoleon Hill.pdf,1dDnLecpgNf82mIyF9GUujXy6HOAwm8sg,application/pdf
105,como-faturar-3k-vendendo-produtos-de-social-media.azw3,1191080,2,JADIELSON/EBOOK's/CONVERTIDOS EM AZW3/Como-faturar-3k-vendendo-produtos-de-Social-Media.azw3,14cT1vOLNwtwvy22lJLBW7ShYleB6H3ld,application/octet-stream
105,como-faturar-3k-vendendo-produtos-de-social-media.azw3,1191080,2,EBOOKs/CONVERTIDOS EM AZW3/Como-faturar-3k-vendendo-produtos-de-Social-Media.azw3,1hRpen2Aw0qrARCZ-cZsFAmcP3NpxdAJh,application/octet-stream
106,dialogue_aula16.mp3,865027,2,"CURSOS/CURSOS DE INGLÊS/🎓 Curso de Inglês Junior Silveira 2.0/MODULO 3/Modulo 3 material/Modulo 3/Aula16HOMEWORK If I go to the gym every day, my legs hurt!/dialogue_aula16.mp3",1PUty4ykwjNlrVMp1kmQpxGVdP__C01jV,audio/mpeg
106,dialogue_aula16.mp3,865027,2,CURSOS/CURSOS DE INGLÊS/🎓 Curso de Inglês Junior Silveira 2.0/MODULO 3/Modulo 3 material/Modulo 3/Aula17HOMEWORK/dialogue_aula16.mp3,1f0qJQWvI1ubADMSvFmcomYXJEqnKQR4F,audio/mpeg
107,escolha-voce-james-altucher.azw3,820254,2,JADIELSON/EBOOK's/CONVERTIDOS EM AZW3/Escolha-Voce-James-Altucher.azw3,1RIYyaucTZTWI3duqM_IHluVSuLfU4mWO,application/octet-stream
107,escolha-voce-james-altucher.azw3,820254,2,EBOOKs/CONVERTIDOS EM AZW3/Escolha-Voce-James-Altucher.azw3,1IOflDdfsMfLM2B9rLxve7zNUus2uQeqp,application/octet-stream
108,fora-de-serie-outliers-malcolm-gladwell.azw3,549420,2,JADIELSON/EBOOK's/CONVERTIDOS EM AZW3/Fora-de-Serie-Outliers-Malcolm-Gladwell.azw3,1x11ZtnO_cnFhUCnN4-nanN24gJ0pgE7L,application/octet-stream
108,fora-de-serie-outliers-malcolm-gladwell.azw3,549420,2,EBOOKs/CONVERTIDOS EM AZW3/Fora-de-Serie-Outliers-Malcolm-Gladwell.azw3,1qPHEY1UcMqUvM6T2OE2jone9OboXWlNb,application/octet-stream
109,homework15_ex3.mp3,540348,2,CURSOS/CURSOS DE INGLÊS/🎓 Curso de Inglês Junior Silveira 2.0/MODULO 1/Modulo 3-Delighted/Aula 13 – Sometimes I meet my friends for a coffee/homework15_ex3.mp3,1xXWh59US08EZgep-C-HFXOf_lG3C50WP,audio/mpeg
109,homework15_ex3.mp3,540348,2,CURSOS/CURSOS DE INGLÊS/🎓 Curso de Inglês Junior Silveira 2.0/MODULO 1/Modulo 3-Delighted/Aula 15 - My grandfather was Irish WasWere/homework15_ex3.mp3,1K2y1fSsHGrug_pNnhiRa1by1DBAtgRkq,audio/mpeg
110,cartao_anti_estresse_operacao_do_dia.png,529489,2,JADIELSON/ROTINAS/cartao_anti_estresse_operacao_do_dia.png,1NTPTF6dPcCKx0lP61c6w7PBvtHSyEEq1,image/png
110,cartao_anti_estresse_operacao_do_dia.png,529489,2,ROTINAS/cartao_anti_estresse_operacao_do_dia.png,1agstGE37vUto3jpKLJKe7GXtCEnxytKe,image/png
111,6739242d27122036.css,528244,2,CURSOS_EBOOKS/A CIÊNCIA E ESTRATÉGIA DE VENDAS/MEU PERFIL DE VENDEDOR_files/6739242d27122036.css,1vWjss0mAY8oLV3Qw91mtfRvThr89LDk_,text/css
111,6739242d27122036.css,528244,2,CURSOS/A CIÊNCIA E ESTRATÉGIA DE VENDAS/MEU PERFIL DE VENDEDOR_files/6739242d27122036.css,16CpoypLbg4ggCetH4yCOuWpTBDOETvq9,text/css
112,homework4_ex5.mp3,373690,2,CURSOS/CURSOS DE INGLÊS/🎓 Curso de Inglês Junior Silveira 2.0/MODULO 2/Aula 3 - Where do you go/homework4_ex5.mp3,1tgBspAoPAaIKgTjXG0NxPJCaBgwFyA0H,audio/mpeg
112,homework4_ex5.mp3,373690,2,CURSOS/CURSOS DE INGLÊS/🎓 Curso de Inglês Junior Silveira 2.0/MODULO 2/Aula 4 - Action or passion/homework4_ex5.mp3,17dpPdUSERHVxf4vNueM_9BM20_viGnw6,audio/mpeg
113,mario schwartzmann - de olhos abertos.pdf,340389,2,JADIELSON/EBOOK's/Mario Schwartzmann - De Olhos Abertos.pdf,1hqx4UlXhQQZLczuVTYdgiUL36jJuZJKU,application/pdf
113,mario schwartzmann - de olhos abertos.pdf,340389,2,EBOOKs/Mario Schwartzmann - De Olhos Abertos.pdf,1BlFCm8MdNoTcv9wO_b1k9KohIVshWP0P,application/pdf
114,matriz de aizen haward.png,279060,2,CURSOS_EBOOKS/MATRIZ DE AIZEN HAWARD.png,1jxuYOt8-xiu-7K90ghllWxQ-oVOrOUDB,image/png
114,matriz de aizen haward.png,279060,2,CURSOS/MATRIZ DE AIZEN HAWARD.png,1rW-g4Ok-y2IqBArvGkIP8LOs380i1-Is,image/png
115,304-d2f779a0835524f8.js,148246,2,CURSOS_EBOOKS/A CIÊNCIA E ESTRATÉGIA DE VENDAS/MEU PERFIL DE VENDEDOR_files/304-d2f779a0835524f8.js,19c_Yv3UV3Yup7yu6lC2J6ExI41wZ67sy,text/javascript
115,304-d2f779a0835524f8.js,148246,2,CURSOS/A CIÊNCIA E ESTRATÉGIA DE VENDAS/MEU PERFIL DE VENDEDOR_files/304-d2f779a0835524f8.js,1gy0LafTXiSeouag-sFJEft_O-1cGhXXn,text/javascript
116,croqui.pdf,144922,2,CURSOS_EBOOKS/A CIÊNCIA E ESTRATÉGIA DE VENDAS/CROQUI.pdf,1THgcFJadp9ubztLb9opcMPcmPM2rNW9s,application/pdf
116,croqui.pdf,144922,2,CURSOS/A CIÊNCIA E ESTRATÉGIA DE VENDAS/CROQUI.pdf,1wnKmjlqGi5dGWMfHusQxzXNk9KSibq0B,application/pdf
117,framework-5429a50ba5373c56.js,140984,2,CURSOS_EBOOKS/A CIÊNCIA E ESTRATÉGIA DE VENDAS/MEU PERFIL DE VENDEDOR_files/framework-5429a50ba5373c56.js,1FOra_Fd4C8l38ihTOdKSMc8avbh0m15q,text/javascript
117,framework-5429a50ba5373c56.js,140984,2,CURSOS/A CIÊNCIA E ESTRATÉGIA DE VENDAS/MEU PERFIL DE VENDEDOR_files/framework-5429a50ba5373c56.js,1Vidqfd296rTzQqOA2ReAnGVhouPx1qkh,text/javascript
118,"anexo-102 template de viabilidade comercial, financeira e dimensionamento .xlsx",126282,2,"Anexo-102	Template de Viabilidade comercial, financeira e dimensionamento .xlsx",1HDmk-Bw7nm_kli4mWVmgUdjgCUyFALUb,application/vnd.openxmlformats-officedocument.spreadsheetml.sheet
118,"anexo-102 template de viabilidade comercial, financeira e dimensionamento .xlsx",126282,2,"Cópia de Anexo-102	Template de Viabilidade comercial, financeira e dimensionamento .xlsx",1EwTiHAZkhH9bF3yZIn3fv0jSr1D7UIGk,application/vnd.openxmlformats-officedocument.spreadsheetml.sheet
119,main-a25bb6cd49197ab7.js,109206,2,CURSOS_EBOOKS/A CIÊNCIA E ESTRATÉGIA DE VENDAS/MEU PERFIL DE VENDEDOR_files/main-a25bb6cd49197ab7.js,1gmKYLtxztompKZHIPiBP7ESoKfWstrHS,text/javascript
119,main-a25bb6cd49197ab7.js,109206,2,CURSOS/A CIÊNCIA E ESTRATÉGIA DE VENDAS/MEU PERFIL DE VENDEDOR_files/main-a25bb6cd49197ab7.js,125koFRP2bH8_4n84U4DwJNH-dWIqxY7G,text/javascript
120,polyfills-c67a75d1b6f99dc8.js,91460,2,CURSOS_EBOOKS/A CIÊNCIA E ESTRATÉGIA DE VENDAS/MEU PERFIL DE VENDEDOR_files/polyfills-c67a75d1b6f99dc8.js,1JrWGfQVySdh8N7JGHLabsjUsjLMb1PuU,text/javascript
120,polyfills-c67a75d1b6f99dc8.js,91460,2,CURSOS/A CIÊNCIA E ESTRATÉGIA DE VENDAS/MEU PERFIL DE VENDEDOR_files/polyfills-c67a75d1b6f99dc8.js,1rgob2mm5Z9Dr6J8dygdDzI3t2RiTdB2U,text/javascript
121,_app-a05de0f473d7d14f.js,83033,2,CURSOS_EBOOKS/A CIÊNCIA E ESTRATÉGIA DE VENDAS/MEU PERFIL DE VENDEDOR_files/_app-a05de0f473d7d14f.js,1GBfzbMpBTm6yWxeRBF-jEzBO4uARdigV,text/javascript
121,_app-a05de0f473d7d14f.js,83033,2,CURSOS/A CIÊNCIA E ESTRATÉGIA DE VENDAS/MEU PERFIL DE VENDEDOR_files/_app-a05de0f473d7d14f.js,1Ydjy-nP_LwKeMIBBoN-LKkxmRm3swYw-,text/javascript
122,[id]-662865ad383088b8.js,74209,2,CURSOS_EBOOKS/A CIÊNCIA E ESTRATÉGIA DE VENDAS/MEU PERFIL DE VENDEDOR_files/[id]-662865ad383088b8.js,1ICWX5UQN1iHZPCBx3UIz_MTG6IealJ2d,text/javascript
122,[id]-662865ad383088b8.js,74209,2,CURSOS/A CIÊNCIA E ESTRATÉGIA DE VENDAS/MEU PERFIL DE VENDEDOR_files/[id]-662865ad383088b8.js,1BbIx4QWv7P6yMiGHK9woCA3lpw1iPnIO,text/javascript
123,75fc9c18-af385d3bdb0a9ad1.js,59307,2,CURSOS_EBOOKS/A CIÊNCIA E ESTRATÉGIA DE VENDAS/MEU PERFIL DE VENDEDOR_files/75fc9c18-af385d3bdb0a9ad1.js,1fJve4bNVXGdJhorNBAE1bZl1Is6a587b,text/javascript
123,75fc9c18-af385d3bdb0a9ad1.js,59307,2,CURSOS/A CIÊNCIA E ESTRATÉGIA DE VENDAS/MEU PERFIL DE VENDEDOR_files/75fc9c18-af385d3bdb0a9ad1.js,1ZAqMKTKiTt3qot4sKCaeTqgaOU3ovHk0,text/javascript
124,meu perfil de vendedor.html,59277,2,CURSOS_EBOOKS/A CIÊNCIA E ESTRATÉGIA DE VENDAS/MEU PERFIL DE VENDEDOR.html,1Fo92AHkcDWKw-Vyn5uPg9VdZHfyYEvH3,text/html
124,meu perfil de vendedor.html,59277,2,CURSOS/A CIÊNCIA E ESTRATÉGIA DE VENDAS/MEU PERFIL DE VENDEDOR.html,1E5Ehhv9MFPkB8N7k-7kzMSxY250uKTKx,text/html
125,index-42b82c524878b434.js,37349,2,CURSOS_EBOOKS/A CIÊNCIA E ESTRATÉGIA DE VENDAS/MEU PERFIL DE VENDEDOR_files/index-42b82c524878b434.js,1PwDiVYlaK_or5zR46hFO3tDQqq0eB7Ys,text/javascript
125,index-42b82c524878b434.js,37349,2,CURSOS/A CIÊNCIA E ESTRATÉGIA DE VENDAS/MEU PERFIL DE VENDEDOR_files/index-42b82c524878b434.js,1llBXEnveaLibyhJEozuVVYw81tl0UebH,text/javascript
126,agenda semanal 7.0_02.11.2025.docx,32197,2,JADIELSON/ROTINAS/AGENDA SEMANAL 7.0_02.11.2025.docx,1YlfrW7vZsVPFpARAmygZ_L2QYrJ_wFxS,application/vnd.openxmlformats-officedocument.wordprocessingml.document
126,agenda semanal 7.0_02.11.2025.docx,32197,2,ROTINAS/AGENDA SEMANAL 7.0_02.11.2025.docx,16xzMqfS4iDEKfay1x5V6k_3LRWQ5zH4q,application/vnd.openxmlformats-officedocument.wordprocessingml.document
127,agenda semanal_21.09.2025.docx,26084,2,JADIELSON/ROTINAS/AGENDA SEMANAL_21.09.2025.docx,1Ya3wM5ao_nc9WgnQN_SH82J8x69TWknR,application/vnd.openxmlformats-officedocument.wordprocessingml.document
127,agenda semanal_21.09.2025.docx,26084,2,ROTINAS/AGENDA SEMANAL_21.09.2025.docx,1SI-qjRzm_RdRGUpuX3ygXRJKF4v9qhZ5,application/vnd.openxmlformats-officedocument.wordprocessingml.document
128,nova rotina_21.09.2025.docx,20463,2,JADIELSON/ROTINAS/NOVA ROTINA_21.09.2025.docx,1RNf1N14RhmYiptWtK4owdVEmsL7ZzZs2,application/vnd.openxmlformats-officedocument.wordprocessingml.document
128,nova rotina_21.09.2025.docx,20463,2,ROTINAS/NOVA ROTINA_21.09.2025.docx,1KArDmEq4zm9aiA7ZvkFiV-pRK7cWR944,application/vnd.openxmlformats-officedocument.wordprocessingml.document
129,quando usar o pomodoro_21.09.2025.docx,18662,2,JADIELSON/ROTINAS/QUANDO USAR O POMODORO_21.09.2025.docx,1pDhQmL17d6YEoyuZyCF74451KE13TRAU,application/vnd.openxmlformats-officedocument.wordprocessingml.document
129,quando usar o pomodoro_21.09.2025.docx,18662,2,ROTINAS/QUANDO USAR O POMODORO_21.09.2025.docx,13wCHXQbYsEMbI9-BX-SrrxMQ1nkuUz22,application/vnd.openxmlformats-officedocument.wordprocessingml.document
130,637-4fa1f162165cdea8.js,12247,2,CURSOS_EBOOKS/A CIÊNCIA E ESTRATÉGIA DE VENDAS/MEU PERFIL DE VENDEDOR_files/637-4fa1f162165cdea8.js,13RtABOxWkwIzs4jzwUuxzsGUS7VnmCin,text/javascript
130,637-4fa1f162165cdea8.js,12247,2,CURSOS/A CIÊNCIA E ESTRATÉGIA DE VENDAS/MEU PERFIL DE VENDEDOR_files/637-4fa1f162165cdea8.js,1yEyqoxc37uuOgBi0Wblj1f88SfnPQSYr,text/javascript
131,04. criando prompts claros e específicos.md,9863,2,CURSOS/ASIMOV/TRILHAS RETIRADAS DA PLATAFORMA/TRILHAS RETIRADAS DA PLATAFORMA/04 - [TRILHA] Aplicações IA - Multi-agent Systems com CrewAI/07 - Engenharia de Prompts/apostilas_em_markdown/04. Criando prompts claros e específicos.md,1gyS200a3P-dx4WB72lcGAMHpxc-TkF9d,text/markdown
131,04. criando prompts claros e específicos.md,9863,2,CURSOS/ASIMOV/TRILHAS RETIRADAS DA PLATAFORMA/TRILHAS RETIRADAS DA PLATAFORMA/05 - [TRILHA] Modelos Alternativos com Hugging Face/06 - Engenharia de Prompts/apostilas_em_markdown/04. Criando prompts claros e específicos.md,1r_GEE6SY7wsv260HG9L3y1k5kNqoncIT,text/markdown
132,675-9fcdb742a32f88a7.js,9137,2,CURSOS_EBOOKS/A CIÊNCIA E ESTRATÉGIA DE VENDAS/MEU PERFIL DE VENDEDOR_files/675-9fcdb742a32f88a7.js,1sQ6Po-J_-TJgmuRKGjr6ck8IkEitgAqU,text/javascript
132,675-9fcdb742a32f88a7.js,9137,2,CURSOS/A CIÊNCIA E ESTRATÉGIA DE VENDAS/MEU PERFIL DE VENDEDOR_files/675-9fcdb742a32f88a7.js,1CG0wFANdmv7qdp9uhqSYnAwqUCX-uH8d,text/javascript
133,02. conceitos gerais de llms.md,7318,2,CURSOS/ASIMOV/TRILHAS RETIRADAS DA PLATAFORMA/TRILHAS RETIRADAS DA PLATAFORMA/04 - [TRILHA] Aplicações IA - Multi-agent Systems com CrewAI/07 - Engenharia de Prompts/apostilas_em_markdown/02. Conceitos Gerais de LLMs.md,17M9hTNKdx5Q_j5n5ZaJV3hCyANN4vlII,text/markdown
133,02. conceitos gerais de llms.md,7318,2,CURSOS/ASIMOV/TRILHAS RETIRADAS DA PLATAFORMA/TRILHAS RETIRADAS DA PLATAFORMA/05 - [TRILHA] Modelos Alternativos com Hugging Face/06 - Engenharia de Prompts/apostilas_em_markdown/02. Conceitos Gerais de LLMs.md,1Z17aP9pgKFmnx-Bn-8USqWr6lBAuPk-l,text/markdown
134,planner_semanal_diario_modelo_neutro_html_para_pdf.html,7275,2,JADIELSON/ROTINAS/planner_semanal_diario_modelo_neutro_html_para_pdf.html,1EYSwZ72d6gAL73n3VeFtlgPRwFB9yP6S,text/html
134,planner_semanal_diario_modelo_neutro_html_para_pdf.html,7275,2,ROTINAS/planner_semanal_diario_modelo_neutro_html_para_pdf.html,12WoFNlQXilBlr0Sre7KcJHyS2Z6cDo2q,text/html
135,10. encadeamento (chaining).md,7171,2,CURSOS/ASIMOV/TRILHAS RETIRADAS DA PLATAFORMA/TRILHAS RETIRADAS DA PLATAFORMA/04 - [TRILHA] Aplicações IA - Multi-agent Systems com CrewAI/07 - Engenharia de Prompts/apostilas_em_markdown/10. Encadeamento (Chaining).md,10cXnewFiBuBlf_wfkRD1Mjff8IqYexUO,text/markdown
135,10. encadeamento (chaining).md,7171,2,CURSOS/ASIMOV/TRILHAS RETIRADAS DA PLATAFORMA/TRILHAS RETIRADAS DA PLATAFORMA/05 - [TRILHA] Modelos Alternativos com Hugging Face/06 - Engenharia de Prompts/apostilas_em_markdown/10. Encadeamento (Chaining).md,1hcA_1f0n7xaQ5GapmWFJJV4m44Efkqzd,text/markdown
136,03. os princípios de um bom prompt.md,6643,2,CURSOS/ASIMOV/TRILHAS RETIRADAS DA PLATAFORMA/TRILHAS RETIRADAS DA PLATAFORMA/04 - [TRILHA] Aplicações IA - Multi-agent Systems com CrewAI/07 - Engenharia de Prompts/apostilas_em_markdown/03. Os princípios de um bom prompt.md,1c_PDciX5Mv4nt1E4vT2gAys2I2HP-szn,text/markdown
136,03. os princípios de um bom prompt.md,6643,2,CURSOS/ASIMOV/TRILHAS RETIRADAS DA PLATAFORMA/TRILHAS RETIRADAS DA PLATAFORMA/05 - [TRILHA] Modelos Alternativos com Hugging Face/06 - Engenharia de Prompts/apostilas_em_markdown/03. Os princípios de um bom prompt.md,1Y85RXAd3T1XrFmQqWqenTGY1Qx4wi6W5,text/markdown
137,12. inferência e análise de sentimento.md,6191,2,CURSOS/ASIMOV/TRILHAS RETIRADAS DA PLATAFORMA/TRILHAS RETIRADAS DA PLATAFORMA/04 - [TRILHA] Aplicações IA - Multi-agent Systems com CrewAI/07 - Engenharia de Prompts/apostilas_em_markdown/12. Inferência e Análise de Sentimento.md,1W2HyZxjR_LVXuef-kyosG9E12qBn4a6r,text/markdown
137,12. inferência e análise de sentimento.md,6191,2,CURSOS/ASIMOV/TRILHAS RETIRADAS DA PLATAFORMA/TRILHAS RETIRADAS DA PLATAFORMA/05 - [TRILHA] Modelos Alternativos com Hugging Face/06 - Engenharia de Prompts/apostilas_em_markdown/12. Inferência e Análise de Sentimento.md,1AEDYAm0R6AxbjlSlszNmyBCmp1o9bPG6,text/markdown
138,09. dando tempo para o modelo pensar (cot).md,5540,2,CURSOS/ASIMOV/TRILHAS RETIRADAS DA PLATAFORMA/TRILHAS RETIRADAS DA PLATAFORMA/04 - [TRILHA] Aplicações IA - Multi-agent Systems com CrewAI/07 - Engenharia de Prompts/apostilas_em_markdown/09. Dando tempo para o modelo pensar (COT).md,1ICfVCEnwTkosPGzEJLEqJPgw65KX0yCN,text/markdown
138,09. dando tempo para o modelo pensar (cot).md,5540,2,CURSOS/ASIMOV/TRILHAS RETIRADAS DA PLATAFORMA/TRILHAS RETIRADAS DA PLATAFORMA/05 - [TRILHA] Modelos Alternativos com Hugging Face/06 - Engenharia de Prompts/apostilas_em_markdown/09. Dando tempo para o modelo pensar (COT).md,1oqr75nV2nvU8acvWY9cKVEUNACuL9zB6,text/markdown
139,07. delimitadores e saídas estruturadas.md,5382,2,CURSOS/ASIMOV/TRILHAS RETIRADAS DA PLATAFORMA/TRILHAS RETIRADAS DA PLATAFORMA/04 - [TRILHA] Aplicações IA - Multi-agent Systems com CrewAI/07 - Engenharia de Prompts/apostilas_em_markdown/07. Delimitadores e Saídas Estruturadas.md,1u4nuCFT9AFTSq_yW9PeHLaFMgasuZAYU,text/markdown
139,07. delimitadores e saídas estruturadas.md,5382,2,CURSOS/ASIMOV/TRILHAS RETIRADAS DA PLATAFORMA/TRILHAS RETIRADAS DA PLATAFORMA/05 - [TRILHA] Modelos Alternativos com Hugging Face/06 - Engenharia de Prompts/apostilas_em_markdown/07. Delimitadores e Saídas Estruturadas.md,1lMCHx1Sij4Or9hK7P2fZfk3VUjjZLoZP,text/markdown
140,05. elementos de um prompt.md,5039,2,CURSOS/ASIMOV/TRILHAS RETIRADAS DA PLATAFORMA/TRILHAS RETIRADAS DA PLATAFORMA/04 - [TRILHA] Aplicações IA - Multi-agent Systems com CrewAI/07 - Engenharia de Prompts/apostilas_em_markdown/05. Elementos de um Prompt.md,1uGhEA28uj6vKsmlvwrLp1l2OB97TsEa2,text/markdown
140,05. elementos de um prompt.md,5039,2,CURSOS/ASIMOV/TRILHAS RETIRADAS DA PLATAFORMA/TRILHAS RETIRADAS DA PLATAFORMA/05 - [TRILHA] Modelos Alternativos com Hugging Face/06 - Engenharia de Prompts/apostilas_em_markdown/05. Elementos de um Prompt.md,1ceGg-u7a9_LY5EbWRPuj_GIXhoRETGDR,text/markdown
141,"08. zero, one e few-shot.md",4278,2,"CURSOS/ASIMOV/TRILHAS RETIRADAS DA PLATAFORMA/TRILHAS RETIRADAS DA PLATAFORMA/04 - [TRILHA] Aplicações IA - Multi-agent Systems com CrewAI/07 - Engenharia de Prompts/apostilas_em_markdown/08. Zero, One e Few-Shot.md",16G5nLZrADV39YRkZvN4sm4luDUlbESiU,text/markdown
141,"08. zero, one e few-shot.md",4278,2,"CURSOS/ASIMOV/TRILHAS RETIRADAS DA PLATAFORMA/TRILHAS RETIRADAS DA PLATAFORMA/05 - [TRILHA] Modelos Alternativos com Hugging Face/06 - Engenharia de Prompts/apostilas_em_markdown/08. Zero, One e Few-Shot.md",1Ur2UF2f6scLKEf0A_-xsR3FImOc0Ss9E,text/markdown
142,"06. público, persona e exemplo.md",4225,2,"CURSOS/ASIMOV/TRILHAS RETIRADAS DA PLATAFORMA/TRILHAS RETIRADAS DA PLATAFORMA/04 - [TRILHA] Aplicações IA - Multi-agent Systems com CrewAI/07 - Engenharia de Prompts/apostilas_em_markdown/06. Público, persona e exemplo.md",1yKdj3NR1CHHMycnGu0W_HkEoGlnMH4iA,text/markdown
142,"06. público, persona e exemplo.md",4225,2,"CURSOS/ASIMOV/TRILHAS RETIRADAS DA PLATAFORMA/TRILHAS RETIRADAS DA PLATAFORMA/05 - [TRILHA] Modelos Alternativos com Hugging Face/06 - Engenharia de Prompts/apostilas_em_markdown/06. Público, persona e exemplo.md",1dKmxdGhaQ18RA3U-fJC97kYK9hFiSt4z,text/markdown
143,._.ds_store,4096,2,CURSOS/A CIÊNCIA E ESTRATÉGIA DE VENDAS/._.DS_Store,1j75MV8gCYp6CaPqlbT1vk2JxpSAcvlbX,application/octet-stream
143,._.ds_store,4096,2,EBOOKs/CONVERTIDOS EM AZW3/._.DS_Store,1ktPZzSQ0ESZU62XgXEY3TCkJwZ_XvQBq,application/octet-stream
144,._trilhas retiradas da plataforma-20260528t150600z-3-001.zip,4096,2,CURSOS/ASIMOV/TRILHAS RETIRADAS DA PLATAFORMA/._TRILHAS RETIRADAS DA PLATAFORMA-20260528T150600Z-3-001 (2).zip,17s8K2e1imUcMdvSWUORr0AaBByDALfgn,application/zip
144,._trilhas retiradas da plataforma-20260528t150600z-3-001.zip,4096,2,CURSOS/ASIMOV/TRILHAS RETIRADAS DA PLATAFORMA/._TRILHAS RETIRADAS DA PLATAFORMA-20260528T150600Z-3-001.zip,1gZ5n4YyNmh-w9xI7iEMwGmiSQ78Tx9Ar,application/zip
145,._00 - ordem cursos e projetos,4096,2,CURSOS/ASIMOV/TRILHAS RETIRADAS DA PLATAFORMA/TRILHAS RETIRADAS DA PLATAFORMA/04 - [TRILHA] Aplicações IA - Multi-agent Systems com CrewAI/._00 - Ordem Cursos e Projetos,12NTqwqO7vC4g5ndP0AABLo_17YDWUwdw,application/octet-stream
145,._00 - ordem cursos e projetos,4096,2,CURSOS/ASIMOV/TRILHAS RETIRADAS DA PLATAFORMA/TRILHAS RETIRADAS DA PLATAFORMA/06 - [TRILHA] Aplicações IA - Criação de Agents com LangChain/._00 - Ordem Cursos e Projetos,1vmMY65EOf3a1tEEwAzeLF-TM0DOjKV0p,application/octet-stream
146,._part1.png,4096,2,CURSOS/ASIMOV/TRILHAS RETIRADAS DA PLATAFORMA/TRILHAS RETIRADAS DA PLATAFORMA/04 - [TRILHA] Aplicações IA - Multi-agent Systems com CrewAI/00 - Ordem Cursos e Projetos/._Part1.png,1jvexMGITLNL4I0o1o5_Z9vEWUanRUY2y,image/png
146,._part1.png,4096,2,CURSOS/ASIMOV/TRILHAS RETIRADAS DA PLATAFORMA/TRILHAS RETIRADAS DA PLATAFORMA/06 - [TRILHA] Aplicações IA - Criação de Agents com LangChain/00 - Ordem Cursos e Projetos/._Part1.png,1PgEGEy9WVdEKBJ-AIVXBYei3SukZE-0N,image/png
147,._part2.png,4096,2,CURSOS/ASIMOV/TRILHAS RETIRADAS DA PLATAFORMA/TRILHAS RETIRADAS DA PLATAFORMA/04 - [TRILHA] Aplicações IA - Multi-agent Systems com CrewAI/00 - Ordem Cursos e Projetos/._Part2.png,1SKg-v3ztYDsFIx127AUeBf3GeVL_r687,image/png
147,._part2.png,4096,2,CURSOS/ASIMOV/TRILHAS RETIRADAS DA PLATAFORMA/TRILHAS RETIRADAS DA PLATAFORMA/06 - [TRILHA] Aplicações IA - Criação de Agents com LangChain/00 - Ordem Cursos e Projetos/._Part2.png,1IOJ79mKYK6B1zDwkjR-KjCDg8OfeJUJZ,image/png
148,._readme.txt,4096,2,CURSOS/ASIMOV/TRILHAS RETIRADAS DA PLATAFORMA/TRILHAS RETIRADAS DA PLATAFORMA/04 - [TRILHA] Aplicações IA - Multi-agent Systems com CrewAI/05 - Aprendendo Python_ Conceitos Básicos/Aprendendo Python - Conceitos Básicos/._readme.txt,1hGH39dm317Q7gx_Ov0rdjcsum7OS7oiW,text/plain
148,._readme.txt,4096,2,CURSOS/ASIMOV/TRILHAS RETIRADAS DA PLATAFORMA/TRILHAS RETIRADAS DA PLATAFORMA/05 - [TRILHA] Modelos Alternativos com Hugging Face/04 - Aprendendo Python_ Conceitos Básicos/Material Aprendendo Python - Conceitos Básicos/._readme.txt,1hyQ2K8CoLGBELrPkFFVdNhzv3qccTnfM,text/plain
149,._apostilas_em_markdown,4096,2,CURSOS/ASIMOV/TRILHAS RETIRADAS DA PLATAFORMA/TRILHAS RETIRADAS DA PLATAFORMA/04 - [TRILHA] Aplicações IA - Multi-agent Systems com CrewAI/07 - Engenharia de Prompts/._apostilas_em_markdown,1vt7PIwOnZMkzinCYT2Q1apiHsCAEA5Ww,application/octet-stream
149,._apostilas_em_markdown,4096,2,CURSOS/ASIMOV/TRILHAS RETIRADAS DA PLATAFORMA/TRILHAS RETIRADAS DA PLATAFORMA/05 - [TRILHA] Modelos Alternativos com Hugging Face/06 - Engenharia de Prompts/._apostilas_em_markdown,1VGLf_xFW-7xDXpT4IQbxrVdWBwbyk1Kd,application/octet-stream
150,._01. introdução ao curso.md,4096,2,CURSOS/ASIMOV/TRILHAS RETIRADAS DA PLATAFORMA/TRILHAS RETIRADAS DA PLATAFORMA/04 - [TRILHA] Aplicações IA - Multi-agent Systems com CrewAI/07 - Engenharia de Prompts/apostilas_em_markdown/._01. Introdução ao Curso.md,1RFS7Eegqvj0BN1Xq8SdW4t8yRhctj1sx,text/markdown
150,._01. introdução ao curso.md,4096,2,CURSOS/ASIMOV/TRILHAS RETIRADAS DA PLATAFORMA/TRILHAS RETIRADAS DA PLATAFORMA/05 - [TRILHA] Modelos Alternativos com Hugging Face/06 - Engenharia de Prompts/apostilas_em_markdown/._01. Introdução ao Curso.md,1iRbpAsCSbioiDDl82lfT4di62OVzsaIX,text/markdown
151,._02. conceitos gerais de llms.md,4096,2,CURSOS/ASIMOV/TRILHAS RETIRADAS DA PLATAFORMA/TRILHAS RETIRADAS DA PLATAFORMA/04 - [TRILHA] Aplicações IA - Multi-agent Systems com CrewAI/07 - Engenharia de Prompts/apostilas_em_markdown/._02. Conceitos Gerais de LLMs.md,1poFh1vBmtf5LThP3T8mmk08N9FOPn1jn,text/markdown
151,._02. conceitos gerais de llms.md,4096,2,CURSOS/ASIMOV/TRILHAS RETIRADAS DA PLATAFORMA/TRILHAS RETIRADAS DA PLATAFORMA/05 - [TRILHA] Modelos Alternativos com Hugging Face/06 - Engenharia de Prompts/apostilas_em_markdown/._02. Conceitos Gerais de LLMs.md,14k9UzIYLEanFpRNsPDxGqK4-JdUp2WaQ,text/markdown
152,._03. os princípios de um bom prompt.md,4096,2,CURSOS/ASIMOV/TRILHAS RETIRADAS DA PLATAFORMA/TRILHAS RETIRADAS DA PLATAFORMA/04 - [TRILHA] Aplicações IA - Multi-agent Systems com CrewAI/07 - Engenharia de Prompts/apostilas_em_markdown/._03. Os princípios de um bom prompt.md,1xCevlnVjrwYPF_h1LBPHXkEBwG1bdFEL,text/markdown
152,._03. os princípios de um bom prompt.md,4096,2,CURSOS/ASIMOV/TRILHAS RETIRADAS DA PLATAFORMA/TRILHAS RETIRADAS DA PLATAFORMA/05 - [TRILHA] Modelos Alternativos com Hugging Face/06 - Engenharia de Prompts/apostilas_em_markdown/._03. Os princípios de um bom prompt.md,1zm6Jfr_ppwGAufuSwWWRY1ro_PqAA1oz,text/markdown
153,._04. criando prompts claros e específicos.md,4096,2,CURSOS/ASIMOV/TRILHAS RETIRADAS DA PLATAFORMA/TRILHAS RETIRADAS DA PLATAFORMA/04 - [TRILHA] Aplicações IA - Multi-agent Systems com CrewAI/07 - Engenharia de Prompts/apostilas_em_markdown/._04. Criando prompts claros e específicos.md,1lWQK3E-pBIa4aSda1MWhldBRNhWu_Frz,text/markdown
153,._04. criando prompts claros e específicos.md,4096,2,CURSOS/ASIMOV/TRILHAS RETIRADAS DA PLATAFORMA/TRILHAS RETIRADAS DA PLATAFORMA/05 - [TRILHA] Modelos Alternativos com Hugging Face/06 - Engenharia de Prompts/apostilas_em_markdown/._04. Criando prompts claros e específicos.md,1Vx5nS6r-4U294RZTrVshA3h6r7EfBQs9,text/markdown
154,._05. elementos de um prompt.md,4096,2,CURSOS/ASIMOV/TRILHAS RETIRADAS DA PLATAFORMA/TRILHAS RETIRADAS DA PLATAFORMA/04 - [TRILHA] Aplicações IA - Multi-agent Systems com CrewAI/07 - Engenharia de Prompts/apostilas_em_markdown/._05. Elementos de um Prompt.md,1PQ-8HldJrDy3ycBgxl4vbNaBBYaD3HDe,text/markdown
154,._05. elementos de um prompt.md,4096,2,CURSOS/ASIMOV/TRILHAS RETIRADAS DA PLATAFORMA/TRILHAS RETIRADAS DA PLATAFORMA/05 - [TRILHA] Modelos Alternativos com Hugging Face/06 - Engenharia de Prompts/apostilas_em_markdown/._05. Elementos de um Prompt.md,13w-zKkR3ywPfN97H4qiyxnoG-XiP2aPa,text/markdown
155,"._06. público, persona e exemplo.md",4096,2,"CURSOS/ASIMOV/TRILHAS RETIRADAS DA PLATAFORMA/TRILHAS RETIRADAS DA PLATAFORMA/04 - [TRILHA] Aplicações IA - Multi-agent Systems com CrewAI/07 - Engenharia de Prompts/apostilas_em_markdown/._06. Público, persona e exemplo.md",1Q-CUpD0t9ZkcwEDDDluUKnBjp6SW6IxX,text/markdown
155,"._06. público, persona e exemplo.md",4096,2,"CURSOS/ASIMOV/TRILHAS RETIRADAS DA PLATAFORMA/TRILHAS RETIRADAS DA PLATAFORMA/05 - [TRILHA] Modelos Alternativos com Hugging Face/06 - Engenharia de Prompts/apostilas_em_markdown/._06. Público, persona e exemplo.md",112fgTi5okb0g3_LD1tCl-w46pEf-7Qxm,text/markdown
156,._07. delimitadores e saídas estruturadas.md,4096,2,CURSOS/ASIMOV/TRILHAS RETIRADAS DA PLATAFORMA/TRILHAS RETIRADAS DA PLATAFORMA/04 - [TRILHA] Aplicações IA - Multi-agent Systems com CrewAI/07 - Engenharia de Prompts/apostilas_em_markdown/._07. Delimitadores e Saídas Estruturadas.md,10TN9-AjVhVu5onBFW1-I8yxvNka7qIxZ,text/markdown
156,._07. delimitadores e saídas estruturadas.md,4096,2,CURSOS/ASIMOV/TRILHAS RETIRADAS DA PLATAFORMA/TRILHAS RETIRADAS DA PLATAFORMA/05 - [TRILHA] Modelos Alternativos com Hugging Face/06 - Engenharia de Prompts/apostilas_em_markdown/._07. Delimitadores e Saídas Estruturadas.md,1bAUUVafTcGLJEaNUtHxUDYTipZqSPgCy,text/markdown
157,"._08. zero, one e few-shot.md",4096,2,"CURSOS/ASIMOV/TRILHAS RETIRADAS DA PLATAFORMA/TRILHAS RETIRADAS DA PLATAFORMA/04 - [TRILHA] Aplicações IA - Multi-agent Systems com CrewAI/07 - Engenharia de Prompts/apostilas_em_markdown/._08. Zero, One e Few-Shot.md",1TutnxtuJW47wzVKbw4FlHbTPHZ_lin2e,text/markdown
157,"._08. zero, one e few-shot.md",4096,2,"CURSOS/ASIMOV/TRILHAS RETIRADAS DA PLATAFORMA/TRILHAS RETIRADAS DA PLATAFORMA/05 - [TRILHA] Modelos Alternativos com Hugging Face/06 - Engenharia de Prompts/apostilas_em_markdown/._08. Zero, One e Few-Shot.md",1FlIGkFe5qAaz9viBhhxPrJA-lWUXD5WI,text/markdown
158,._09. dando tempo para o modelo pensar (cot).md,4096,2,CURSOS/ASIMOV/TRILHAS RETIRADAS DA PLATAFORMA/TRILHAS RETIRADAS DA PLATAFORMA/04 - [TRILHA] Aplicações IA - Multi-agent Systems com CrewAI/07 - Engenharia de Prompts/apostilas_em_markdown/._09. Dando tempo para o modelo pensar (COT).md,1e1zIdE1sYJz4Wqx3mbWI58pLwi4igRhq,text/markdown
158,._09. dando tempo para o modelo pensar (cot).md,4096,2,CURSOS/ASIMOV/TRILHAS RETIRADAS DA PLATAFORMA/TRILHAS RETIRADAS DA PLATAFORMA/05 - [TRILHA] Modelos Alternativos com Hugging Face/06 - Engenharia de Prompts/apostilas_em_markdown/._09. Dando tempo para o modelo pensar (COT).md,1j0vLN6-nR7HF4vukkt0nd2vJx46Y53kp,text/markdown
159,._10. encadeamento (chaining).md,4096,2,CURSOS/ASIMOV/TRILHAS RETIRADAS DA PLATAFORMA/TRILHAS RETIRADAS DA PLATAFORMA/04 - [TRILHA] Aplicações IA - Multi-agent Systems com CrewAI/07 - Engenharia de Prompts/apostilas_em_markdown/._10. Encadeamento (Chaining).md,184ggq8YPo-0F_UTAXQdmHsSqW4C8qI_K,text/markdown
159,._10. encadeamento (chaining).md,4096,2,CURSOS/ASIMOV/TRILHAS RETIRADAS DA PLATAFORMA/TRILHAS RETIRADAS DA PLATAFORMA/05 - [TRILHA] Modelos Alternativos com Hugging Face/06 - Engenharia de Prompts/apostilas_em_markdown/._10. Encadeamento (Chaining).md,1mHSo-NJP8woApvmVE1GGvL2jSjwHdI7x,text/markdown
160,"._11. resumo e extração,.md",4096,2,"CURSOS/ASIMOV/TRILHAS RETIRADAS DA PLATAFORMA/TRILHAS RETIRADAS DA PLATAFORMA/04 - [TRILHA] Aplicações IA - Multi-agent Systems com CrewAI/07 - Engenharia de Prompts/apostilas_em_markdown/._11. Resumo e Extração,.md",14jtJRX4jBAmzFCjkBKiG719ItInR9ox1,text/markdown
160,"._11. resumo e extração,.md",4096,2,"CURSOS/ASIMOV/TRILHAS RETIRADAS DA PLATAFORMA/TRILHAS RETIRADAS DA PLATAFORMA/05 - [TRILHA] Modelos Alternativos com Hugging Face/06 - Engenharia de Prompts/apostilas_em_markdown/._11. Resumo e Extração,.md",1HAeetN8Doyzvnq92U95OunGjdp1uooyD,text/markdown
161,._12. inferência e análise de sentimento.md,4096,2,CURSOS/ASIMOV/TRILHAS RETIRADAS DA PLATAFORMA/TRILHAS RETIRADAS DA PLATAFORMA/04 - [TRILHA] Aplicações IA - Multi-agent Systems com CrewAI/07 - Engenharia de Prompts/apostilas_em_markdown/._12. Inferência e Análise de Sentimento.md,1713VUMgM3WMBJQJzYQYztdycFRQ2L5Jc,text/markdown
161,._12. inferência e análise de sentimento.md,4096,2,CURSOS/ASIMOV/TRILHAS RETIRADAS DA PLATAFORMA/TRILHAS RETIRADAS DA PLATAFORMA/05 - [TRILHA] Modelos Alternativos com Hugging Face/06 - Engenharia de Prompts/apostilas_em_markdown/._12. Inferência e Análise de Sentimento.md,1sgK4UupuD9lfozXrCapyCah_byWy8Q1r,text/markdown
162,"._13. transformando, traduzindo e modificando.md",4096,2,"CURSOS/ASIMOV/TRILHAS RETIRADAS DA PLATAFORMA/TRILHAS RETIRADAS DA PLATAFORMA/04 - [TRILHA] Aplicações IA - Multi-agent Systems com CrewAI/07 - Engenharia de Prompts/apostilas_em_markdown/._13. Transformando, traduzindo e modificando.md",1TDrVXv_8DvQ6Q-KibDEc3YqqlyxsN_pN,text/markdown
162,"._13. transformando, traduzindo e modificando.md",4096,2,"CURSOS/ASIMOV/TRILHAS RETIRADAS DA PLATAFORMA/TRILHAS RETIRADAS DA PLATAFORMA/05 - [TRILHA] Modelos Alternativos com Hugging Face/06 - Engenharia de Prompts/apostilas_em_markdown/._13. Transformando, traduzindo e modificando.md",156HvOHBvzeO4Rop7f8GYUyOCgT6mb31b,text/markdown
163,._14. criação de chatbots personalizados.md,4096,2,CURSOS/ASIMOV/TRILHAS RETIRADAS DA PLATAFORMA/TRILHAS RETIRADAS DA PLATAFORMA/04 - [TRILHA] Aplicações IA - Multi-agent Systems com CrewAI/07 - Engenharia de Prompts/apostilas_em_markdown/._14. Criação de Chatbots Personalizados.md,1-PcMVAGCD6V63G8YV7_NnP5orSk0JOv4,text/markdown
163,._14. criação de chatbots personalizados.md,4096,2,CURSOS/ASIMOV/TRILHAS RETIRADAS DA PLATAFORMA/TRILHAS RETIRADAS DA PLATAFORMA/05 - [TRILHA] Modelos Alternativos com Hugging Face/06 - Engenharia de Prompts/apostilas_em_markdown/._14. Criação de Chatbots Personalizados.md,1t60hfAGtzi15Qve4-fC8TDVQ862lt1OC,text/markdown
164,._15. recursos adicionais.md,4096,2,CURSOS/ASIMOV/TRILHAS RETIRADAS DA PLATAFORMA/TRILHAS RETIRADAS DA PLATAFORMA/04 - [TRILHA] Aplicações IA - Multi-agent Systems com CrewAI/07 - Engenharia de Prompts/apostilas_em_markdown/._15. Recursos adicionais.md,1swTPSmk4bq-n5F4d8w1B939iyVcwWqjj,text/markdown
164,._15. recursos adicionais.md,4096,2,CURSOS/ASIMOV/TRILHAS RETIRADAS DA PLATAFORMA/TRILHAS RETIRADAS DA PLATAFORMA/05 - [TRILHA] Modelos Alternativos com Hugging Face/06 - Engenharia de Prompts/apostilas_em_markdown/._15. Recursos adicionais.md,16C1hOAlJ0vbYLFQYrcWLSfaSufk1bfmQ,text/markdown
165,._tests,4096,2,CURSOS/ASIMOV/TRILHAS RETIRADAS DA PLATAFORMA/TRILHAS RETIRADAS DA PLATAFORMA/04 - [TRILHA] Aplicações IA - Multi-agent Systems com CrewAI/08 - Criando Multi Agent Systems com CrewAI/Criando Multi Agent Systems com CrewAI/scripts/04_create_blogpost_w_tools/._tests,1VEEnq_9CSvkxi9vO7_6R_4EoIhB9HZiN,application/octet-stream
165,._tests,4096,2,CURSOS/ASIMOV/TRILHAS RETIRADAS DA PLATAFORMA/TRILHAS RETIRADAS DA PLATAFORMA/04 - [TRILHA] Aplicações IA - Multi-agent Systems com CrewAI/08 - Criando Multi Agent Systems com CrewAI/Criando Multi Agent Systems com CrewAI/scripts/05_tools_personalizadas/._tests,15-9z9ubnf_FhshX3XT3eepcWvyR_5AoB,application/octet-stream
166,._06 - engenharia de prompts,4096,2,CURSOS/ASIMOV/TRILHAS RETIRADAS DA PLATAFORMA/TRILHAS RETIRADAS DA PLATAFORMA/05 - [TRILHA] Modelos Alternativos com Hugging Face/._06 - Engenharia de Prompts,1V5k4cbWW1pB9Apkc57QZtPLZ_fF0Y_DW,application/octet-stream
166,._06 - engenharia de prompts,4096,2,CURSOS/ASIMOV/TRILHAS RETIRADAS DA PLATAFORMA/TRILHAS RETIRADAS DA PLATAFORMA/06 - [TRILHA] Aplicações IA - Criação de Agents com LangChain/._06  - Engenharia de Prompts,1hQNuvLRkA04SLKKobkL7drDVJDliuXsT,application/octet-stream
167,"13. transformando, traduzindo e modificando.md",3979,2,"CURSOS/ASIMOV/TRILHAS RETIRADAS DA PLATAFORMA/TRILHAS RETIRADAS DA PLATAFORMA/04 - [TRILHA] Aplicações IA - Multi-agent Systems com CrewAI/07 - Engenharia de Prompts/apostilas_em_markdown/13. Transformando, traduzindo e modificando.md",1w8nW8skyZoNKlK-cPmvsW_TvwP5EVjF4,text/markdown
167,"13. transformando, traduzindo e modificando.md",3979,2,"CURSOS/ASIMOV/TRILHAS RETIRADAS DA PLATAFORMA/TRILHAS RETIRADAS DA PLATAFORMA/05 - [TRILHA] Modelos Alternativos com Hugging Face/06 - Engenharia de Prompts/apostilas_em_markdown/13. Transformando, traduzindo e modificando.md",15lLUUtLecB6U9CRq9l5O1L0rbVwyQ403,text/markdown
168,webpack-9fef09e744d92222.js,3471,2,CURSOS_EBOOKS/A CIÊNCIA E ESTRATÉGIA DE VENDAS/MEU PERFIL DE VENDEDOR_files/webpack-9fef09e744d92222.js,1bfpjpMBhJsAMuBCz0HVxpa6w5jaIxq_E,text/javascript
168,webpack-9fef09e744d92222.js,3471,2,CURSOS/A CIÊNCIA E ESTRATÉGIA DE VENDAS/MEU PERFIL DE VENDEDOR_files/webpack-9fef09e744d92222.js,1WEHWHiN9Hd-ZWrg6g1xh6ZKIH3x4DTQf,text/javascript
169,"11. resumo e extração,.md",3416,2,"CURSOS/ASIMOV/TRILHAS RETIRADAS DA PLATAFORMA/TRILHAS RETIRADAS DA PLATAFORMA/04 - [TRILHA] Aplicações IA - Multi-agent Systems com CrewAI/07 - Engenharia de Prompts/apostilas_em_markdown/11. Resumo e Extração,.md",1218-g2SzEfcQwLnZlCaciB35lOJkc3Ek,text/markdown
169,"11. resumo e extração,.md",3416,2,"CURSOS/ASIMOV/TRILHAS RETIRADAS DA PLATAFORMA/TRILHAS RETIRADAS DA PLATAFORMA/05 - [TRILHA] Modelos Alternativos com Hugging Face/06 - Engenharia de Prompts/apostilas_em_markdown/11. Resumo e Extração,.md",1fYIwQ7zA2toXHr88WfKZu6zZ_g421Sfq,text/markdown
170,14. criação de chatbots personalizados.md,2979,2,CURSOS/ASIMOV/TRILHAS RETIRADAS DA PLATAFORMA/TRILHAS RETIRADAS DA PLATAFORMA/04 - [TRILHA] Aplicações IA - Multi-agent Systems com CrewAI/07 - Engenharia de Prompts/apostilas_em_markdown/14. Criação de Chatbots Personalizados.md,16jIKLTjjvzkIMK_0ObTEMmDaTL-97t3I,text/markdown
170,14. criação de chatbots personalizados.md,2979,2,CURSOS/ASIMOV/TRILHAS RETIRADAS DA PLATAFORMA/TRILHAS RETIRADAS DA PLATAFORMA/05 - [TRILHA] Modelos Alternativos com Hugging Face/06 - Engenharia de Prompts/apostilas_em_markdown/14. Criação de Chatbots Personalizados.md,1moURTfvZrHDk19WELaPxWD-Z4laPAaKK,text/markdown
171,01. introdução ao curso.md,1534,2,CURSOS/ASIMOV/TRILHAS RETIRADAS DA PLATAFORMA/TRILHAS RETIRADAS DA PLATAFORMA/04 - [TRILHA] Aplicações IA - Multi-agent Systems com CrewAI/07 - Engenharia de Prompts/apostilas_em_markdown/01. Introdução ao Curso.md,1LH1T2soH8h89NTyfsKxJ41HuZSwdfA3L,text/markdown
171,01. introdução ao curso.md,1534,2,CURSOS/ASIMOV/TRILHAS RETIRADAS DA PLATAFORMA/TRILHAS RETIRADAS DA PLATAFORMA/05 - [TRILHA] Modelos Alternativos com Hugging Face/06 - Engenharia de Prompts/apostilas_em_markdown/01. Introdução ao Curso.md,1j7eecAnQW-VdY3CrW-eCQ3TSNzMRgSd9,text/markdown
172,planilha sem título,1024,2,Planilha sem título,1P3UeIy1IHrnl8gXaNhIDmuYOqEqYEY79x9k5B-OveC4,application/vnd.google-apps.spreadsheet
172,planilha sem título,1024,2,Planilha sem título,1BhSa9u5FIcG0veq3ElizY7jIHVAkmF4Rz-NxAQmf9Bs,application/vnd.google-apps.spreadsheet
173,_buildmanifest.js,694,2,CURSOS_EBOOKS/A CIÊNCIA E ESTRATÉGIA DE VENDAS/MEU PERFIL DE VENDEDOR_files/_buildManifest.js,1EYvGqlize-itGH6c_QJCXfXYGKxMcedG,text/javascript
173,_buildmanifest.js,694,2,CURSOS/A CIÊNCIA E ESTRATÉGIA DE VENDAS/MEU PERFIL DE VENDEDOR_files/_buildManifest.js,19EDIkyfsqS5h9Jwpvq1lT3BhAXodoMUn,text/javascript
174,saved_resource.html,506,2,CURSOS_EBOOKS/A CIÊNCIA E ESTRATÉGIA DE VENDAS/MEU PERFIL DE VENDEDOR_files/saved_resource.html,1GB86CiWh-B9ZqCDxO4mytMheqDOzIXLw,text/html
174,saved_resource.html,506,2,CURSOS/A CIÊNCIA E ESTRATÉGIA DE VENDAS/MEU PERFIL DE VENDEDOR_files/saved_resource.html,1VIJiTiosU6pM8OHtar0N62WQAyAb_97O,text/html
175,readme.txt,477,2,CURSOS/ASIMOV/TRILHAS RETIRADAS DA PLATAFORMA/TRILHAS RETIRADAS DA PLATAFORMA/04 - [TRILHA] Aplicações IA - Multi-agent Systems com CrewAI/05 - Aprendendo Python_ Conceitos Básicos/Aprendendo Python - Conceitos Básicos/readme.txt,10XPpRsbXkPpkHMFlVtl2mvSk5x8Fpz0E,text/plain
175,readme.txt,477,2,CURSOS/ASIMOV/TRILHAS RETIRADAS DA PLATAFORMA/TRILHAS RETIRADAS DA PLATAFORMA/05 - [TRILHA] Modelos Alternativos com Hugging Face/04 - Aprendendo Python_ Conceitos Básicos/Material Aprendendo Python - Conceitos Básicos/readme.txt,1Pp5S9TRgg6YhoyW5nKbNfDQeeMpMzDva,text/plain
176,15. recursos adicionais.md,276,2,CURSOS/ASIMOV/TRILHAS RETIRADAS DA PLATAFORMA/TRILHAS RETIRADAS DA PLATAFORMA/04 - [TRILHA] Aplicações IA - Multi-agent Systems com CrewAI/07 - Engenharia de Prompts/apostilas_em_markdown/15. Recursos adicionais.md,1Jhdcbcik1ATqc8rrzUQvbbruoKaYbfXm,text/markdown
176,15. recursos adicionais.md,276,2,CURSOS/ASIMOV/TRILHAS RETIRADAS DA PLATAFORMA/TRILHAS RETIRADAS DA PLATAFORMA/05 - [TRILHA] Modelos Alternativos com Hugging Face/06 - Engenharia de Prompts/apostilas_em_markdown/15. Recursos adicionais.md,1aDbs2afEGNCOxBCRvJEG3-jxphz7I3Tj,text/markdown
177,desc.html,184,2,CURSOS/CURSOS DE INGLÊS/🎓 Ingles do Jerry 3.0/5. Módulo 4/5. Aula 03- Passado de To HAVE e terminação ED/desc.html,1Ayu8Zl1C5KU50vAQT6JnRNTKLJmA66KL,text/html
177,desc.html,184,2,"CURSOS/CURSOS DE INGLÊS/🎓 Ingles do Jerry 3.0/8. Módulo 7/3. Aula 03- Some, any e pronomes/desc.html",1sQdeAHHBbCD2oMyAv54ERQRFZ2s03obS,text/html
178,desc.html,157,2,CURSOS/CURSOS DE INGLÊS/🎓 Ingles do Jerry 3.0/2. Módulo 1/2. Aula 2 - Novas palavras is e are/desc.html,1NH5mIdQuCaXRXQrVxy10P0uOSMtvSSWe,text/html
178,desc.html,157,2,CURSOS/CURSOS DE INGLÊS/🎓 Ingles do Jerry 3.0/6. Módulo 5/3. Aula 02- Terminações er e or + presente composto/desc.html,1lrZiW3j0twq_Ok_jqjE2MMYA4SxzB2-J,text/html
179,_ssgmanifest.js,77,2,CURSOS_EBOOKS/A CIÊNCIA E ESTRATÉGIA DE VENDAS/MEU PERFIL DE VENDEDOR_files/_ssgManifest.js,1j19Q4rJG6FqozhKaWMA7yPLpoI8-e6xL,text/javascript
179,_ssgmanifest.js,77,2,CURSOS/A CIÊNCIA E ESTRATÉGIA DE VENDAS/MEU PERFIL DE VENDEDOR_files/_ssgManifest.js,1PCJtKpRLrpaManMCetA9MMnT5ivcfWNA,text/javascript
